"gene","logFC_softimpute","logFC_intersect","diff","abs_diff"
"10",-0.34683320070367,-0.312426664022414,-0.034406536681256,0.034406536681256
"100",-0.555682742982826,-0.491857651067318,-0.0638250919155081,0.0638250919155081
"10000",-0.323625237680202,-0.285676066978327,-0.037949170701875,0.037949170701875
"10001",-0.0776683104076557,-0.0717066137484248,-0.00596169665923091,0.00596169665923091
"10005",0.112322868337531,0.111463120177598,0.000859748159932991,0.000859748159932991
"10006",0.162603851738321,0.172100008593071,-0.00949615685475,0.00949615685475
"10007",0.223891339827664,0.226590578994051,-0.00269923916638701,0.00269923916638701
"1001",-0.00963766704318178,-0.0137630690070067,0.00412540196382492,0.00412540196382492
"10010",0.00809638208805541,0.0303235706320082,-0.0222271885439528,0.0222271885439528
"10013",0.0297583271186301,0.0193830743277121,0.010375252790918,0.010375252790918
"10014",0.137543389781642,0.108131959864373,0.029411429917269,0.029411429917269
"10015",0.299098242354179,0.278466083208364,0.020632159145815,0.020632159145815
"10016",0.0728958634515422,0.0715326370934185,0.00136322635812369,0.00136322635812369
"10018",-0.104562896648575,-0.079103366301157,-0.025459530347418,0.025459530347418
"10020",-0.088467573632248,-0.0865128854109302,-0.00195468822131779,0.00195468822131779
"10021",0.219331441476911,0.17880684394687,0.040524597530041,0.040524597530041
"10024",-0.31428440442944,-0.325858757438155,0.011574353008715,0.011574353008715
"10025",-0.0702238694457545,-0.0874846118634803,0.0172607424177258,0.0172607424177258
"10026",-0.50567748659691,-0.502066453415405,-0.00361103318150502,0.00361103318150502
"100287932",-0.0960356152392086,-0.113194383407687,0.0171587681684784,0.0171587681684784
"100288413",-0.00551862480799691,-0.00985904274800301,0.0043404179400061,0.0043404179400061
"1003",0.71541022177533,0.740723448107869,-0.0253132263325391,0.0253132263325391
"10036",-0.118967327709945,-0.130223480134605,0.01125615242466,0.01125615242466
"10038",0.00408803330669406,-0.00100764302042204,0.0050956763271161,0.0050956763271161
"10043",-0.116618868305697,-0.103753725279442,-0.012865143026255,0.012865143026255
"10045",-0.373863654824861,-0.347321703118775,-0.026541951706086,0.026541951706086
"10048",0.258084171435885,0.228329341682047,0.029754829753838,0.029754829753838
"10049",-0.102942176561518,-0.116755831024772,0.013813654463254,0.013813654463254
"10051",-0.0625907909847121,-0.0707071696106528,0.00811637862594071,0.00811637862594071
"10053",-0.161757458985572,-0.175700401350593,0.013942942365021,0.013942942365021
"10054",0.123008448711015,0.111821542587303,0.011186906123712,0.011186906123712
"10055",-0.0936893086776984,-0.0741944734994444,-0.019494835178254,0.019494835178254
"10056",-0.0583645597212931,-0.0751116569557097,0.0167470972344166,0.0167470972344166
"10057",0.553821362536023,0.548537411103,0.00528395143302296,0.00528395143302296
"10058",-0.309797610189188,-0.309319216462479,-0.000478393726708992,0.000478393726708992
"10059",-0.0942370046233444,-0.0779512044850088,-0.0162858001383356,0.0162858001383356
"10061",-0.267699709550823,-0.236381017757745,-0.031318691793078,0.031318691793078
"10062",-0.114541074901134,-0.057366198013794,-0.05717487688734,0.05717487688734
"10066",-0.08250519004191,-0.0678468762166908,-0.0146583138252192,0.0146583138252192
"10067",-0.0258220800225962,-0.023119279153852,-0.0027028008687442,0.0027028008687442
"10068",0.981391419376258,0.884402906046191,0.096988513330067,0.096988513330067
"10069",0.0857748702197935,0.0907095738541092,-0.0049347036343157,0.0049347036343157
"10073",-0.154042623705755,-0.130042663217591,-0.023999960488164,0.023999960488164
"10076",-0.465070248229876,-0.483163291573548,0.018093043343672,0.018093043343672
"10078",-0.0884847113927513,-0.0742841560967329,-0.0142005552960184,0.0142005552960184
"10081",0.0413909244820979,0.036777590461243,0.0046133340208549,0.0046133340208549
"10084",-0.0461137027043325,-0.025799371725789,-0.0203143309785435,0.0203143309785435
"10087",-0.106105907378937,-0.0667554496149824,-0.0393504577639546,0.0393504577639546
"1009",0.737059169508325,0.686716087612298,0.050343081896027,0.050343081896027
"10092",0.320362625369519,0.31381359367934,0.00654903169017901,0.00654903169017901
"10093",0.15510535321673,0.141468721723786,0.013636631492944,0.013636631492944
"10095",-0.418685398726703,-0.344941773327411,-0.073743625399292,0.073743625399292
"10096",0.112068940694199,0.10190967712508,0.010159263569119,0.010159263569119
"10097",-0.0117342783479396,-0.00114889073256732,-0.0105853876153723,0.0105853876153723
"10098",0.384181468083699,0.367652635022978,0.016528833060721,0.016528833060721
"10099",0.221141625938972,0.187479859124944,0.033661766814028,0.033661766814028
"10101",-0.0392319812319496,-0.0537839052921771,0.0145519240602275,0.0145519240602275
"10102",-0.293419295966853,-0.24849718269091,-0.044922113275943,0.044922113275943
"10103",-0.0077082380363562,-0.00313668451253713,-0.00457155352381907,0.00457155352381907
"10105",0.0127631240476959,0.0237855720233331,-0.0110224479756372,0.0110224479756372
"10106",0.239103624132399,0.212458705466168,0.026644918666231,0.026644918666231
"10109",0.11492542722374,0.101194978402497,0.013730448821243,0.013730448821243
"10112",-0.288300633818242,-0.300133410433568,0.011832776615326,0.011832776615326
"10113",-0.127309558693068,-0.139343559730402,0.012034001037334,0.012034001037334
"10116",0.106910221575705,0.1434736228347,-0.036563401258995,0.036563401258995
"10121",0.0977151611081972,0.117442539889536,-0.0197273787813388,0.0197273787813388
"10123",0.214652022645694,0.221404834164165,-0.00675281151847101,0.00675281151847101
"10126",0.252251862095759,0.221591453840098,0.030660408255661,0.030660408255661
"10127",0.145123515045877,0.140662990821943,0.004460524223934,0.004460524223934
"10128",0.0123544236902752,-0.000772652837759555,0.0131270765280348,0.0131270765280348
"10130",-0.709779736294049,-0.64620958090683,-0.063570155387219,0.063570155387219
"10131",-0.296470188195146,-0.328168970408431,0.031698782213285,0.031698782213285
"10133",0.4642917232761,0.449225792930853,0.015065930345247,0.015065930345247
"10134",-0.331198428872604,-0.324545941970904,-0.00665248690170001,0.00665248690170001
"10135",0.15396277900632,0.172816394386642,-0.018853615380322,0.018853615380322
"10137",0.111192952198684,0.118196232100607,-0.007003279901923,0.007003279901923
"10138",0.300976903991705,0.305975287368095,-0.00499838337638997,0.00499838337638997
"10140",0.691571110207611,0.667787982836435,0.0237831273711759,0.0237831273711759
"10144",0.0127121402497912,0.0264765308892779,-0.0137643906394867,0.0137643906394867
"10146",0.146617192133971,0.116940227821185,0.029676964312786,0.029676964312786
"10147",0.0745226363659101,0.0734040467219927,0.00111858964391739,0.00111858964391739
"10148",0.01000228149539,0.00842162309042213,0.00158065840496787,0.00158065840496787
"10150",0.273959151060776,0.271834312242744,0.00212483881803199,0.00212483881803199
"10153",-0.172041879263847,-0.160197171861798,-0.011844707402049,0.011844707402049
"10155",-0.17352941689316,-0.182263709871525,0.00873429297836498,0.00873429297836498
"10157",-0.234009717515712,-0.222763193988603,-0.011246523527109,0.011246523527109
"10159",0.171090184461204,0.160862943525328,0.010227240935876,0.010227240935876
"10160",0.675602314197054,0.626467066559091,0.049135247637963,0.049135247637963
"10162",0.318629755688296,0.329944992396763,-0.011315236708467,0.011315236708467
"10165",-0.194580787593409,-0.17771232886279,-0.016868458730619,0.016868458730619
"10166",-0.978456047121769,-1.01566796876361,0.0372119216418411,0.0372119216418411
"1017",-0.0457636593427019,-0.0415685923716984,-0.0041950669710035,0.0041950669710035
"10171",-0.122790413722347,-0.0974457499051972,-0.0253446638171498,0.0253446638171498
"10172",0.15042671826935,0.147231140913405,0.003195577355945,0.003195577355945
"10174",0.427535943650531,0.391808947814094,0.035726995836437,0.035726995836437
"10175",-0.0301532282819355,-0.0165902806781282,-0.0135629476038073,0.0135629476038073
"10179",0.130531610395152,0.129365524252136,0.001166086143016,0.001166086143016
"10180",-0.0576397177935256,-0.0595696532729035,0.0019299354793779,0.0019299354793779
"10181",0.0565716814381866,0.0593006889475294,-0.0027290075093428,0.0027290075093428
"10184",0.295030902069154,0.273029574560096,0.022001327509058,0.022001327509058
"10186",0.907197026376758,0.902388220248944,0.00480880612781398,0.00480880612781398
"10188",0.0473638955738894,0.0125935959202427,0.0347702996536467,0.0347702996536467
"10189",-0.343188534023661,-0.327966599036805,-0.015221934986856,0.015221934986856
"1019",-0.038733336009799,-0.0369792983800426,-0.0017540376297564,0.0017540376297564
"10190",0.109980908322605,0.121900280246475,-0.01191937192387,0.01191937192387
"10194",1.05116671688447,1.02286621911025,0.0283004977742201,0.0283004977742201
"10195",-0.147054054027596,-0.134662464158592,-0.012391589869004,0.012391589869004
"10196",-0.0257511197000052,-0.0235308560340088,-0.0022202636659964,0.0022202636659964
"10197",0.0647553895620172,0.0608810611233865,0.00387432843863069,0.00387432843863069
"10198",-0.344672891331869,-0.315689915924707,-0.028982975407162,0.028982975407162
"10199",-0.131851977510987,-0.137837924229958,0.00598594671897099,0.00598594671897099
"102",-0.306135927520259,-0.284481304871363,-0.0216546226488959,0.0216546226488959
"1020",0.356798324178073,0.349501214300305,0.00729710987776799,0.00729710987776799
"10200",0.176461290282953,0.182407760671865,-0.00594647038891202,0.00594647038891202
"10201",-0.104099272766413,-0.0847480586639746,-0.0193512141024384,0.0193512141024384
"10202",1.71968602113804,1.61165381891044,0.1080322022276,0.1080322022276
"10204",-0.396741097695578,-0.385471653671436,-0.011269444024142,0.011269444024142
"10206",0.00704711728771537,0.0220803549864798,-0.0150332376987644,0.0150332376987644
"10208",-0.0112930735334523,0.0113977349563603,-0.0226908084898126,0.0226908084898126
"10209",0.146808058193416,0.149220854158351,-0.00241279596493502,0.00241279596493502
"1021",0.352024312999382,0.333775327172679,0.018248985826703,0.018248985826703
"10210",-0.0412100037660429,-0.0263146386648425,-0.0148953651012004,0.0148953651012004
"10211",0.265449084430717,0.254206371015587,0.01124271341513,0.01124271341513
"10212",-0.178340025984716,-0.18397051706461,0.00563049107989402,0.00563049107989402
"10213",-0.0323950988797571,-0.0280477271888335,-0.0043473716909236,0.0043473716909236
"102157402",0.0185233435792869,0.0426535614228059,-0.024130217843519,0.024130217843519
"10217",0.363990142931722,0.35123897682696,0.012751166104762,0.012751166104762
"1022",-0.451512805745072,-0.450971215744132,-0.000541590000940007,0.000541590000940007
"10221",0.0476878776280041,0.0580823397290249,-0.0103944621010208,0.0103944621010208
"10226",-0.01913190910583,-0.00570861295631949,-0.0134232961495105,0.0134232961495105
"10227",-0.240289495677419,-0.231570722261634,-0.008718773415785,0.008718773415785
"10228",0.0632425115093583,0.0619593207749089,0.00128319073444941,0.00128319073444941
"10229",0.109064156914557,0.11233556781753,-0.003271410902973,0.003271410902973
"10235",0.00177006975483085,-0.00130001185459778,0.00307008160942863,0.00307008160942863
"10236",-0.0516526978469772,-0.0460457490814114,-0.0056069487655658,0.0056069487655658
"10237",-0.252184303164802,-0.214899732780364,-0.037284570384438,0.037284570384438
"10238",0.164495700701768,0.149229660142562,0.015266040559206,0.015266040559206
"1024",-0.0429959788974565,-0.00181914553255569,-0.0411768333649008,0.0411768333649008
"10240",-0.250450428620414,-0.273355070672243,0.022904642051829,0.022904642051829
"10241",0.223458423021604,0.215651286359021,0.00780713666258301,0.00780713666258301
"10244",-0.0247618057048786,-0.0208849537532413,-0.0038768519516373,0.0038768519516373
"10245",-0.184911925794504,-0.185080699798753,0.000168774004249,0.000168774004249
"10247",-0.259454443489837,-0.248384978433644,-0.011069465056193,0.011069465056193
"10248",-0.481359323400042,-0.437711487937035,-0.043647835463007,0.043647835463007
"1025",-0.0730207603049905,-0.0636451524947507,-0.0093756078102398,0.0093756078102398
"10250",-0.0981086042511713,-0.101488939220913,0.0033803349697417,0.0033803349697417
"10252",1.03968778852998,1.0300779881398,0.00960980039018011,0.00960980039018011
"10253",0.0461583344976989,0.0429820246113441,0.0031763098863548,0.0031763098863548
"10256",-0.292811753392912,-0.296601264059848,0.003789510666936,0.003789510666936
"1026",-0.59928051112497,-0.576420002287014,-0.0228605088379561,0.0228605088379561
"10260",-0.0865147012295194,-0.0430567410961459,-0.0434579601333735,0.0434579601333735
"10262",-0.0337662680549319,-0.0380029370519238,0.0042366689969919,0.0042366689969919
"10263",-0.471913565789662,-0.459550814370032,-0.01236275141963,0.01236275141963
"10269",0.0084784612997597,0.00997183257976818,-0.00149337128000848,0.00149337128000848
"1027",0.261357317340645,0.261466241244812,-0.000108923904167002,0.000108923904167002
"10270",-0.0346074616010171,-0.0228599822597292,-0.0117474793412879,0.0117474793412879
"10272",-1.14317200403764,-1.10726205962223,-0.0359099444154101,0.0359099444154101
"10273",-0.209443189098056,-0.201748405991081,-0.00769478310697502,0.00769478310697502
"10274",-0.0189814584961909,-0.00102474208963837,-0.0179567164065525,0.0179567164065525
"10276",0.107821190330482,0.103909043240894,0.00391214708958799,0.00391214708958799
"10277",0.113548230284694,0.103524002661616,0.010024227623078,0.010024227623078
"10278",-0.133075320822818,-0.134890444390287,0.00181512356746899,0.00181512356746899
"10279",-0.390510150993072,-0.389986761819615,-0.000523389173457012,0.000523389173457012
"1028",0.0844255533374777,0.068901186066409,0.0155243672710687,0.0155243672710687
"10280",-0.251256229838673,-0.21301708639531,-0.038239143443363,0.038239143443363
"10282",0.0659585475496186,0.0867133204379008,-0.0207547728882822,0.0207547728882822
"10283",0.0941349201214963,0.0852433209397732,0.00889159918172309,0.00889159918172309
"10284",0.224220775224392,0.209361999343246,0.014858775881146,0.014858775881146
"10285",0.150959234602921,0.176733020759024,-0.025773786156103,0.025773786156103
"10286",0.10682724276087,0.114893291902137,-0.008066049141267,0.008066049141267
"10287",0.561528432254429,0.553325477623853,0.00820295463057608,0.00820295463057608
"10289",0.14664734102485,0.146497286903777,0.000150054121072996,0.000150054121072996
"1029",0.16286420899899,0.128758578418802,0.034105630580188,0.034105630580188
"10294",0.0637029032515786,0.073645426977345,-0.0099425237257664,0.0099425237257664
"10295",-0.150890603141967,-0.145896297248431,-0.004994305893536,0.004994305893536
"10296",-0.259002119870977,-0.21000729590958,-0.048994823961397,0.048994823961397
"10298",-0.07286340762621,-0.085558142531256,0.012694734905046,0.012694734905046
"10299",0.116620244973701,0.100399498004823,0.016220746968878,0.016220746968878
"103",-0.00040064475122919,-0.0143562722251496,0.0139556274739204,0.0139556274739204
"10300",0.105167829622601,0.110698344835737,-0.00553051521313599,0.00553051521313599
"10302",-0.11049043001051,-0.0978585429140513,-0.0126318870964587,0.0126318870964587
"10307",-0.294495402799641,-0.277560773083521,-0.01693462971612,0.01693462971612
"10311",0.178137675523246,0.179660732281593,-0.00152305675834699,0.00152305675834699
"10312",-0.215926589703034,-0.215642717401615,-0.000283872301418991,0.000283872301418991
"10313",0.206247664980452,0.193667916595615,0.012579748384837,0.012579748384837
"10314",0.33016246104208,0.32241739016614,0.00774507087594001,0.00774507087594001
"10318",-0.02268729662822,-0.0212959908222456,-0.0013913058059744,0.0013913058059744
"10319",1.02361825845478,0.94832642643323,0.07529183202155,0.07529183202155
"1032",0.455817416696221,0.418806096668788,0.037011320027433,0.037011320027433
"10322",0.00468334968098417,-0.0221018126677707,0.0267851623487549,0.0267851623487549
"10327",0.131498006177624,0.132896370242219,-0.00139836406459501,0.00139836406459501
"10328",-0.27516683075553,-0.235058035553944,-0.040108795201586,0.040108795201586
"10329",-0.253661446706445,-0.211180540601495,-0.04248090610495,0.04248090610495
"1033",-0.136031575388387,-0.128272461011698,-0.007759114376689,0.007759114376689
"10330",-0.510704029366657,-0.484302573342776,-0.0264014560238811,0.0264014560238811
"10331",-0.0134504803849948,-0.0215418489773435,0.0080913685923487,0.0080913685923487
"10332",-0.0831556351977452,-0.0626205076074457,-0.0205351275902995,0.0205351275902995
"10342",-0.0202989581093905,0.00568818532335824,-0.0259871434327487,0.0259871434327487
"10346",0.0349722337577365,0.0447657713492452,-0.0097935375915087,0.0097935375915087
"10347",-0.838163063637233,-0.759554251329132,-0.078608812308101,0.078608812308101
"10352",-0.0157267803062309,-0.0147103038293308,-0.0010164764769001,0.0010164764769001
"1036",-0.203166729405416,-0.202697303373107,-0.000469426032308984,0.000469426032308984
"10362",-0.278099001542506,-0.284792641391906,0.00669363984940002,0.00669363984940002
"10363",0.103386886694568,0.11792102876203,-0.014534142067462,0.014534142067462
"10365",0.901728896687411,0.866328165306949,0.035400731380462,0.035400731380462
"10367",0.0719467333277773,0.0637025436499497,0.0082441896778276,0.0082441896778276
"10370",0.286797627061713,0.291562731283411,-0.00476510422169796,0.00476510422169796
"10376",0.0435751899780575,0.0345578839405341,0.0090173060375234,0.0090173060375234
"10379",0.230730289210943,0.234518498869032,-0.00378820965808901,0.00378820965808901
"10381",-1.14554375546086,-1.0564302831909,-0.08911347226996,0.08911347226996
"10382",0.646223765753682,0.602962844546295,0.043260921207387,0.043260921207387
"10383",-0.110442859009412,-0.148194652577524,0.037751793568112,0.037751793568112
"10384",0.670785129080765,0.661616605729351,0.00916852335141405,0.00916852335141405
"10390",0.113949195542588,0.126760909654491,-0.012811714111903,0.012811714111903
"10392",0.0907799653167465,0.0783146848593635,0.012465280457383,0.012465280457383
"10393",0.0680099738031901,0.0796540209078285,-0.0116440471046384,0.0116440471046384
"10395",0.728999706634667,0.674112007156336,0.0548876994783309,0.0548876994783309
"10397",-0.0484028982895766,-0.105636349108938,0.0572334508193614,0.0572334508193614
"10399",-0.0314210151416892,-0.0388037181793334,0.0073827030376442,0.0073827030376442
"104",0.369055715784476,0.332580417462922,0.036475298321554,0.036475298321554
"1040",-0.114836621380842,-0.122302618458452,0.00746599707761,0.00746599707761
"10400",-0.200039112711181,-0.210546719337618,0.010507606626437,0.010507606626437
"10401",0.0432361641476599,0.0366276457531171,0.0066085183945428,0.0066085183945428
"10402",0.125559886693048,0.106439967258349,0.019119919434699,0.019119919434699
"10403",-0.0606852652040703,-0.0525802780645189,-0.0081049871395514,0.0081049871395514
"10404",1.06564041778207,1.03298369010421,0.03265672767786,0.03265672767786
"10409",-0.281616278305376,-0.263840924409367,-0.017775353896009,0.017775353896009
"10411",-0.0974527444902854,-0.114468811578079,0.0170160670877936,0.0170160670877936
"10413",0.229984738386196,0.227845027789635,0.00213971059656101,0.00213971059656101
"10418",0.612078900868108,0.552695172420067,0.059383728448041,0.059383728448041
"10419",-0.0249992024519092,-0.00939886730706041,-0.0156003351448488,0.0156003351448488
"10420",0.0315447121290573,0.0775095402818211,-0.0459648281527638,0.0459648281527638
"10421",-0.0166316068315979,-0.0231827223862396,0.0065511155546417,0.0065511155546417
"10422",0.188970891378797,0.179374231141613,0.009596660237184,0.009596660237184
"10423",-0.154774937687772,-0.13369453815862,-0.021080399529152,0.021080399529152
"10424",-0.103158479358323,-0.0919610978059577,-0.0111973815523653,0.0111973815523653
"10425",0.0907751041531453,0.0825567083878968,0.00821839576524849,0.00821839576524849
"10427",0.0791673081839146,0.08956061152412,-0.0103933033402054,0.0103933033402054
"10428",0.0685597409705762,0.0821701934236495,-0.0136104524530733,0.0136104524530733
"1043",0.0362401952569638,0.00771228120647358,0.0285279140504902,0.0285279140504902
"10430",-0.129208063411059,-0.110464347326055,-0.018743716085004,0.018743716085004
"10432",-0.16407841251548,-0.156924472803409,-0.00715393971207101,0.00715393971207101
"10434",-0.214306385875699,-0.182064320288259,-0.03224206558744,0.03224206558744
"10435",0.660932317982893,0.634217973219339,0.0267143447635539,0.0267143447635539
"10436",-0.139160975385939,-0.123625342893018,-0.015535632492921,0.015535632492921
"10437",0.294116955529739,0.303048686021103,-0.00893173049136403,0.00893173049136403
"10438",0.514126496438183,0.564428381377441,-0.050301884939258,0.050301884939258
"10440",-0.143162225016566,-0.114106461047103,-0.029055763969463,0.029055763969463
"10443",-0.355869122570332,-0.323957544177333,-0.031911578392999,0.031911578392999
"10444",0.147245536610811,0.140689090627536,0.00655644598327498,0.00655644598327498
"10445",-0.0110188186089584,0.0118445930290513,-0.0228634116380097,0.0228634116380097
"10446",0.756101948141545,0.652795463843153,0.103306484298392,0.103306484298392
"10449",0.0470738565967995,0.0353389943538309,0.0117348622429686,0.0117348622429686
"10450",-0.107865987734208,-0.0955705312996939,-0.0122954564345141,0.0122954564345141
"10451",0.485932513636445,0.490057006694541,-0.00412449305809598,0.00412449305809598
"10454",0.035535432925462,0.0349491215325916,0.000586311392870395,0.000586311392870395
"10455",-0.0275389038250684,-0.0277463995952837,0.0002074957702153,0.0002074957702153
"10456",-0.136033936650807,-0.14891377461457,0.012879837963763,0.012879837963763
"10457",0.230936134860178,0.285305638453374,-0.054369503593196,0.054369503593196
"10458",0.139185811308005,0.110045361137093,0.029140450170912,0.029140450170912
"10459",-0.0228457520101439,-0.0212794817791627,-0.0015662702309812,0.0015662702309812
"10460",-0.01325365615401,-0.0249155226918862,0.0116618665378762,0.0116618665378762
"10461",0.526343736053995,0.55313189273901,-0.026788156685015,0.026788156685015
"10463",-0.0255727872825125,-0.0237509973553681,-0.0018217899271444,0.0018217899271444
"10464",0.0267680211100406,0.0438964991558365,-0.0171284780457959,0.0171284780457959
"10465",-0.126267785682507,-0.140740204485964,0.014472418803457,0.014472418803457
"10466",-0.0355044687182022,-0.0259059919695639,-0.0095984767486383,0.0095984767486383
"10467",0.0427702594975762,0.0365505445522982,0.006219714945278,0.006219714945278
"10468",1.10811466592848,1.0939954495072,0.01411921642128,0.01411921642128
"10469",-0.166614733700987,-0.125394179074958,-0.041220554626029,0.041220554626029
"10471",-0.222098008371609,-0.215055660986712,-0.00704234738489701,0.00704234738489701
"10473",0.016941881184609,0.0165298457632771,0.000412035421331901,0.000412035421331901
"10474",0.115848380158803,0.0951007796100265,0.0207476005487765,0.0207476005487765
"10475",-0.286729848370977,-0.253960682716981,-0.032769165653996,0.032769165653996
"10478",0.0823067267445993,0.0907947600120826,-0.00848803326748331,0.00848803326748331
"10479",0.329259327084093,0.31279488836812,0.016464438715973,0.016464438715973
"10480",-0.0895315676011769,-0.102737267604063,0.0132057000028861,0.0132057000028861
"10482",-0.0807325867618201,-0.0668439256746115,-0.0138886610872086,0.0138886610872086
"10483",-0.330586409803993,-0.320607288430307,-0.00997912137368601,0.00997912137368601
"10484",-0.442100661472232,-0.40716772213631,-0.034932939335922,0.034932939335922
"10486",-0.0657529138653362,-0.0895252618781906,0.0237723480128544,0.0237723480128544
"10487",0.118859361187041,0.115981392638404,0.00287796854863701,0.00287796854863701
"10488",-0.175660517217825,-0.151760569516062,-0.023899947701763,0.023899947701763
"10489",0.0367938860767847,0.0491097894035485,-0.0123159033267638,0.0123159033267638
"10490",-0.121223013113097,-0.100844631333666,-0.020378381779431,0.020378381779431
"10491",0.168058238109263,0.149455185135299,0.018603052973964,0.018603052973964
"10492",-0.0624244215897584,-0.0493431920761154,-0.013081229513643,0.013081229513643
"10493",-0.0653112157462436,-0.0766114526876215,0.0113002369413779,0.0113002369413779
"10494",-0.0662603278709134,-0.0707225044411079,0.0044621765701945,0.0044621765701945
"10495",0.467347755690689,0.438935532987767,0.028412222702922,0.028412222702922
"10497",-0.32524055045286,-0.344831878531423,0.019591328078563,0.019591328078563
"1050",-0.210348666369604,-0.197433227581659,-0.012915438787945,0.012915438787945
"10509",-0.356060028393095,-0.339084986380161,-0.016975042012934,0.016975042012934
"1051",0.0126674364413834,0.0280873686584634,-0.01541993221708,0.01541993221708
"10513",0.226443160399655,0.207069787440507,0.019373372959148,0.019373372959148
"10516",1.01874846826098,0.932028046401461,0.086720421859519,0.086720421859519
"10518",-0.407188342996694,-0.392630246613253,-0.014558096383441,0.014558096383441
"10519",0.0720506522948366,0.0687455666573793,0.00330508563745731,0.00330508563745731
"1052",0.465706091356434,0.462697958033682,0.00300813332275196,0.00300813332275196
"10520",-0.15709900584148,-0.147975541895456,-0.00912346394602401,0.00912346394602401
"10521",-0.26641720274737,-0.258679128404825,-0.00773807434254503,0.00773807434254503
"10522",0.153501422425928,0.118237274039555,0.035264148386373,0.035264148386373
"10523",-0.114475466512002,-0.118226282433389,0.003750815921387,0.003750815921387
"10524",-0.401636056844521,-0.359236149974484,-0.042399906870037,0.042399906870037
"10525",-0.480786022634773,-0.471771857925226,-0.00901416470954697,0.00901416470954697
"10526",0.0933315046774031,0.124661129991471,-0.0313296253140679,0.0313296253140679
"10527",-0.398405064400379,-0.350026215182092,-0.048378849218287,0.048378849218287
"10528",-0.471608067883429,-0.419191534903679,-0.05241653297975,0.05241653297975
"10529",-0.171135088689318,-0.149976458951341,-0.021158629737977,0.021158629737977
"10533",-0.0389593424371351,-0.0286923948605044,-0.0102669475766307,0.0102669475766307
"10534",-0.236528562967118,-0.201799200091043,-0.034729362876075,0.034729362876075
"10535",-0.290740481036399,-0.295268415479699,0.00452793444330002,0.00452793444330002
"10536",0.0857446207731147,0.0369715341112099,0.0487730866619048,0.0487730866619048
"10539",0.024763001822992,0.0238978434401437,0.000865158382848299,0.000865158382848299
"1054",0.169089403936057,0.167881068778459,0.00120833515759802,0.00120833515759802
"10540",0.0378178201147484,0.0164739014143445,0.0213439187004039,0.0213439187004039
"10541",-0.101738909769521,-0.104665935089018,0.002927025319497,0.002927025319497
"10542",0.0773825922268783,0.0745474245332268,0.0028351676936515,0.0028351676936515
"10544",-1.20884118736213,-1.17535157897082,-0.0334896083913101,0.0334896083913101
"10548",-0.13194385157622,-0.132550447308738,0.000606595732518006,0.000606595732518006
"10549",-0.0655443649445437,-0.0708985971350463,0.0053542321905026,0.0053542321905026
"10550",0.180615887797281,0.179949444115311,0.000666443681969997,0.000666443681969997
"10551",-0.636311308280605,-0.721573483229882,0.085262174949277,0.085262174949277
"10552",-0.138159641565293,-0.137446357295371,-0.00071328426992201,0.00071328426992201
"10553",0.100188324530819,0.0953405664695952,0.0048477580612238,0.0048477580612238
"10554",0.027993624136559,-0.0058362641493178,0.0338298882858768,0.0338298882858768
"10555",0.520255034210084,0.466566036275634,0.05368899793445,0.05368899793445
"10556",0.15519119383891,0.125228890058752,0.029962303780158,0.029962303780158
"10557",-0.0334275438609507,-0.0438695107098469,0.0104419668488962,0.0104419668488962
"10558",0.119497956414208,0.116837466244355,0.00266049016985301,0.00266049016985301
"10559",-0.0310416245591844,-0.0189608606388712,-0.0120807639203132,0.0120807639203132
"1056",-0.593002899470516,-0.500257366602372,-0.092745532868144,0.092745532868144
"10560",-0.193475049561566,-0.189925951422955,-0.00354909813861098,0.00354909813861098
"10564",-0.627400066870834,-0.586434797699124,-0.0409652691717101,0.0409652691717101
"10565",-0.112116804701991,-0.104494094153342,-0.00762271054864899,0.00762271054864899
"10567",-0.458860238235075,-0.423956100146282,-0.034904138088793,0.034904138088793
"10569",0.0344655821573837,0.0492975569565801,-0.0148319747991964,0.0148319747991964
"10572",-0.231711190257581,-0.205470157110097,-0.026241033147484,0.026241033147484
"10573",-0.153128330022197,-0.150649728576,-0.00247860144619699,0.00247860144619699
"10574",-0.0270905536965843,-0.011270267804993,-0.0158202858915913,0.0158202858915913
"10575",-0.152816884143621,-0.13398164068724,-0.018835243456381,0.018835243456381
"10576",-0.0833083369905093,-0.0508019667361246,-0.0325063702543847,0.0325063702543847
"10577",0.355402010519728,0.350802396862771,0.00459961365695699,0.00459961365695699
"10579",0.159017302275863,0.170251384821169,-0.011234082545306,0.011234082545306
"1058",-0.106051856532386,-0.0962272195753045,-0.0098246369570815,0.0098246369570815
"10580",0.279917443560855,0.231156133755504,0.048761309805351,0.048761309805351
"10581",0.728262476502333,0.705089543107706,0.023172933394627,0.023172933394627
"10585",0.0775431556491911,0.0619146583560417,0.0156284972931494,0.0156284972931494
"10587",-0.034606795665651,-0.0431168539007425,0.0085100582350915,0.0085100582350915
"10589",0.159669964133914,0.15264692942918,0.00702303470473398,0.00702303470473398
"1059",0.337940457300456,0.319433162643554,0.018507294656902,0.018507294656902
"10592",-0.10694055700231,-0.108529287375021,0.001588730372711,0.001588730372711
"10594",-0.106785713304983,-0.122448154338977,0.015662441033994,0.015662441033994
"10598",-0.134919407965268,-0.115551081627734,-0.019368326337534,0.019368326337534
"1060",0.0603231875052497,0.107472210001376,-0.0471490224961263,0.0471490224961263
"10600",-9.05959190235943e-05,0.00754066048926799,-0.00763125640829158,0.00763125640829158
"10603",-0.518036104532324,-0.475482166169918,-0.042553938362406,0.042553938362406
"10606",-0.159605392673554,-0.158408993016375,-0.00119639965717899,0.00119639965717899
"10607",-0.268575058894371,-0.243338636187851,-0.02523642270652,0.02523642270652
"10608",0.41448961798868,0.362819684263106,0.051669933725574,0.051669933725574
"10610",-0.329159267079678,-0.333259800869756,0.00410053379007796,0.00410053379007796
"10611",0.282372969445555,0.319726263702121,-0.037353294256566,0.037353294256566
"10613",-0.206359000440669,-0.18726878980464,-0.019090210636029,0.019090210636029
"10614",-0.428458624480688,-0.391799687596156,-0.036658936884532,0.036658936884532
"10615",-0.43557299939796,-0.436021345431383,0.000448346033422975,0.000448346033422975
"10616",0.147834464770548,0.115864314397244,0.031970150373304,0.031970150373304
"10617",-0.104444186466031,-0.106072366403851,0.00162817993782,0.00162817993782
"10618",0.0309546113349116,0.0477822440614377,-0.0168276327265261,0.0168276327265261
"1062",-0.473130181187401,-0.478883907539718,0.00575372635231697,0.00575372635231697
"10621",0.015506308878977,0.0304068778986158,-0.0149005690196388,0.0149005690196388
"10623",-0.00345875018736044,0.00464007206799745,-0.00809882225535789,0.00809882225535789
"10625",-0.275880215390248,-0.286577100424814,0.010696885034566,0.010696885034566
"10628",1.02733578967536,0.958480975643762,0.0688548140315981,0.0688548140315981
"10629",-0.113891729827075,-0.11282784575354,-0.001063884073535,0.001063884073535
"1063",-0.297278808198693,-0.312965789430747,0.015686981232054,0.015686981232054
"10630",1.74935936899402,1.7168129307366,0.0325464382574199,0.0325464382574199
"10631",1.12909084881778,1.09438070902441,0.03471013979337,0.03471013979337
"10632",0.00717463870100507,0.00573125617972398,0.00144338252128109,0.00144338252128109
"10635",-0.086965290051637,-0.0717873776092481,-0.0151779124423889,0.0151779124423889
"10640",0.170336130172252,0.180010791545237,-0.00967466137298501,0.00967466137298501
"10641",0.00542100626201111,-0.00319754705541066,0.00861855331742177,0.00861855331742177
"10642",-0.11908224515829,-0.142534660088603,0.023452414930313,0.023452414930313
"10643",0.00907640247497813,0.00693103960703134,0.00214536286794679,0.00214536286794679
"10644",0.0976447212561641,0.0865248949344819,0.0111198263216822,0.0111198263216822
"10645",0.110069639048917,0.0856834953237378,0.0243861437251792,0.0243861437251792
"10651",0.196109043160899,0.177470829246284,0.018638213914615,0.018638213914615
"10653",-0.279726390095776,-0.280834022704591,0.00110763260881502,0.00110763260881502
"10654",-0.049104625317236,-0.0411801220550417,-0.0079245032621943,0.0079245032621943
"10657",0.0704518321927308,0.061918763241562,0.00853306895116879,0.00853306895116879
"10658",-0.348991824923141,-0.31007494334385,-0.038916881579291,0.038916881579291
"10663",-0.362586947348265,-0.338544490069438,-0.024042457278827,0.024042457278827
"10664",-0.201948658178849,-0.172283561632145,-0.029665096546704,0.029665096546704
"10667",-0.070538499268619,-0.0601173085254166,-0.0104211907432024,0.0104211907432024
"10668",-0.0938382893930562,-0.0761739934494969,-0.0176642959435593,0.0176642959435593
"10670",0.0932214160915887,0.0961892141210446,-0.0029677980294559,0.0029677980294559
"10671",0.0519627334736427,0.0679333944948639,-0.0159706610212212,0.0159706610212212
"10673",1.33807014315623,1.36199295296768,-0.0239228098114499,0.0239228098114499
"10677",-0.118442808826821,-0.110794214186626,-0.007648594640195,0.007648594640195
"10682",-0.636408197502858,-0.587779695462719,-0.048628502040139,0.048628502040139
"1069",0.0754069039259525,0.0644053958904853,0.0110015080354672,0.0110015080354672
"10691",-0.313777641212354,-0.276510766549173,-0.037266874663181,0.037266874663181
"10694",-0.0752410721750834,-0.0720944875910265,-0.00314658458405689,0.00314658458405689
"10695",-0.0520139246305826,-0.0397601577068988,-0.0122537669236838,0.0122537669236838
"1070",-0.155001004987553,-0.135933644113445,-0.019067360874108,0.019067360874108
"10712",-0.075457137702753,-0.0822536190524713,0.0067964813497183,0.0067964813497183
"10713",-0.064576009780988,-0.0425242082221592,-0.0220518015588288,0.0220518015588288
"10714",-0.33394548453279,-0.303891613643581,-0.030053870889209,0.030053870889209
"10717",-0.00597777053554897,-0.0155723202674421,0.00959454973189313,0.00959454973189313
"1072",0.0682005776717076,0.0673441391803348,0.000856438491372805,0.000856438491372805
"10721",-0.231423683671425,-0.232937818140172,0.00151413446874701,0.00151413446874701
"10724",0.361828584389957,0.329229703657155,0.032598880732802,0.032598880732802
"10725",-0.10108928646574,-0.103213750308753,0.002124463843013,0.002124463843013
"10726",-0.081479138516983,-0.0911964603702962,0.0097173218533132,0.0097173218533132
"10728",-0.0272345658753799,-0.0227099948745163,-0.0045245710008636,0.0045245710008636
"1073",-0.0484708464708045,-0.020636305853866,-0.0278345406169385,0.0278345406169385
"10730",-0.359441793052423,-0.323738490308325,-0.035703302744098,0.035703302744098
"10732",0.225318871887922,0.185450302376368,0.039868569511554,0.039868569511554
"10734",-0.0275024296448922,-0.00647224423365208,-0.0210301854112401,0.0210301854112401
"10735",-0.010716047704982,-0.000578684494607625,-0.0101373632103744,0.0101373632103744
"10743",0.502939277556674,0.462603971541254,0.04033530601542,0.04033530601542
"10745",0.238881333944729,0.22848088239216,0.010400451552569,0.010400451552569
"10749",0.134226480353622,0.11432494009437,0.019901540259252,0.019901540259252
"1075",0.553287219563336,0.552821261095897,0.00046595846743902,0.00046595846743902
"10755",0.309495044877967,0.278264928991199,0.031230115886768,0.031230115886768
"10758",-0.212489684618755,-0.213421588040778,0.000931903422022984,0.000931903422022984
"10761",1.7241349284218,1.67195946316571,0.05217546525609,0.05217546525609
"10762",-0.621656453490341,-0.570300428942382,-0.0513560245479591,0.0513560245479591
"10763",0.409688010747561,0.347230940709663,0.062457070037898,0.062457070037898
"10765",0.0139179046697851,0.00786126817988809,0.00605663648989701,0.00605663648989701
"10766",-0.00265077709408143,-0.0250495377850749,0.0223987606909935,0.0223987606909935
"10767",0.0162085594272433,-0.00929657609652109,0.0255051355237644,0.0255051355237644
"10768",0.0566042973555612,0.0489586975998489,0.0076455997557123,0.0076455997557123
"10769",-0.066328694221364,-0.0496871715098278,-0.0166415227115362,0.0166415227115362
"10771",0.411075684799087,0.395096587981822,0.015979096817265,0.015979096817265
"10772",-0.225504802492116,-0.192500028614272,-0.033004773877844,0.033004773877844
"10775",-0.158944146008256,-0.139452713713657,-0.019491432294599,0.019491432294599
"10776",0.143184430126405,0.131805818273075,0.01137861185333,0.01137861185333
"10780",0.0924051068374302,0.0870027559307323,0.0054023509066979,0.0054023509066979
"10781",0.00124582192511095,-0.00182654325810821,0.00307236518321916,0.00307236518321916
"10782",-0.0869404091260804,-0.0892842383664302,0.00234382924034979,0.00234382924034979
"10783",-0.386111893549936,-0.36939649595378,-0.016715397596156,0.016715397596156
"10785",-0.26408012096278,-0.234717418751612,-0.029362702211168,0.029362702211168
"10787",-0.102190416134134,-0.103995699552283,0.00180528341814899,0.00180528341814899
"10788",1.01954258757186,0.967539850526787,0.052002737045073,0.052002737045073
"10791",1.05313249821907,1.07008887695816,-0.0169563787390901,0.0169563787390901
"10795",-0.375751209657414,-0.315947122802959,-0.059804086854455,0.059804086854455
"10797",-0.256398610848918,-0.261714639919783,0.00531602907086498,0.00531602907086498
"10799",-0.189389628193098,-0.188039610020623,-0.00135001817247499,0.00135001817247499
"10800",1.00243762734458,1.00413469970565,-0.00169707236106986,0.00169707236106986
"10806",0.0177296539122333,0.0319383505580286,-0.0142086966457953,0.0142086966457953
"10808",-0.0592318047605813,-0.0442403149101396,-0.0149914898504417,0.0149914898504417
"10809",-0.149801940926011,-0.151117286796165,0.001315345870154,0.001315345870154
"1081",-0.181215539638327,-0.185433512836259,0.00421797319793199,0.00421797319793199
"10813",-0.198441204641417,-0.181383419823077,-0.01705778481834,0.01705778481834
"10817",0.134807762893236,0.12112400956697,0.013683753326266,0.013683753326266
"10826",0.0342426616252766,0.0152360678322056,0.019006593793071,0.019006593793071
"10844",-0.0440947392727786,-0.050795643343654,0.0067009040708754,0.0067009040708754
"10845",-0.0604679333875113,-0.0475228522033596,-0.0129450811841517,0.0129450811841517
"10847",-0.0422287292597774,-0.0601436327600238,0.0179149035002464,0.0179149035002464
"10848",-0.136763851624459,-0.145335564020781,0.00857171239632198,0.00857171239632198
"10855",-0.426325912329638,-0.384197724053982,-0.042128188275656,0.042128188275656
"10856",-0.294879130404576,-0.257226425455673,-0.037652704948903,0.037652704948903
"10857",0.0305215002676377,0.0316628945451004,-0.0011413942774627,0.0011413942774627
"10867",0.25662604660029,0.242441558845508,0.014184487754782,0.014184487754782
"10870",1.88490639561912,1.74931239896949,0.13559399664963,0.13559399664963
"10875",0.792529254423805,0.67639197355524,0.116137280868565,0.116137280868565
"10884",-0.16735144201772,-0.154990484757545,-0.012360957260175,0.012360957260175
"10886",1.23792191230567,1.14465637125876,0.0932655410469099,0.0932655410469099
"10890",0.2406740943135,0.231486787227171,0.00918730708632901,0.00918730708632901
"10894",2.00317093771771,1.96085370342531,0.0423172342924001,0.0423172342924001
"10897",-0.462899474311958,-0.450455570081053,-0.012443904230905,0.012443904230905
"10898",-0.194282250601951,-0.177058241726355,-0.017224008875596,0.017224008875596
"10899",-0.0372713424774122,-0.0386128914339897,0.0013415489565775,0.0013415489565775
"109",1.07827557406987,1.04271747037094,0.0355581036989299,0.0355581036989299
"10904",0.178102394223495,0.16815859669709,0.00994379752640501,0.00994379752640501
"10905",-0.589355348168837,-0.573713536276047,-0.0156418118927899,0.0156418118927899
"10906",-0.0588516315031449,-0.0334797238871761,-0.0253719076159688,0.0253719076159688
"10907",-0.14927979757266,-0.137546181103598,-0.011733616469062,0.011733616469062
"10908",-0.144199750719074,-0.16451105729816,0.020311306579086,0.020311306579086
"10910",-0.0572515953804477,-0.0636828390979373,0.0064312437174896,0.0064312437174896
"10912",-0.225365018688766,-0.216434763699263,-0.00893025498950298,0.00893025498950298
"10914",-0.0164857596555344,-0.0285474721620475,0.0120617125065131,0.0120617125065131
"10915",-0.0280576942497606,-0.02986532426611,0.0018076300163494,0.0018076300163494
"10916",0.154228653213178,0.152768088519754,0.00146056469342401,0.00146056469342401
"10920",0.353027904703275,0.356478334637544,-0.00345042993426903,0.00345042993426903
"10921",-0.10884264031528,-0.084909729104166,-0.023932911211114,0.023932911211114
"10922",-0.0116171954272637,-0.0432185867361218,0.0316013913088581,0.0316013913088581
"10923",0.348810448722857,0.327025526431688,0.021784922291169,0.021784922291169
"10924",0.658145684020425,0.658254035033927,-0.000108351013502039,0.000108351013502039
"10927",-0.171654082860271,-0.151067020522297,-0.020587062337974,0.020587062337974
"10928",-0.114777827005033,-0.143634015711922,0.028856188706889,0.028856188706889
"10929",-0.0311490465108085,-0.0257541236772859,-0.0053949228335226,0.0053949228335226
"10930",-0.134138762204084,-0.0947991028106588,-0.0393396593934252,0.0393396593934252
"10933",0.0123688222302658,0.0149220404882426,-0.0025532182579768,0.0025532182579768
"10935",0.206276676060202,0.208413453309087,-0.002136777248885,0.002136777248885
"10938",0.329227334449932,0.308147501829833,0.021079832620099,0.021079832620099
"10939",-0.171631416334537,-0.176187996276116,0.00455657994157901,0.00455657994157901
"10943",-0.243135574739801,-0.221750229748543,-0.021385344991258,0.021385344991258
"10944",0.104799046394868,0.139557891169433,-0.034758844774565,0.034758844774565
"10945",-0.12948127882814,-0.141205856757872,0.011724577929732,0.011724577929732
"10946",0.0269319200578523,0.0287872730663829,-0.0018553530085306,0.0018553530085306
"10947",0.413727956854494,0.431899076961414,-0.01817112010692,0.01817112010692
"10948",-0.440608229714301,-0.399749587740735,-0.040858641973566,0.040858641973566
"10949",0.181419065818911,0.153334196344744,0.028084869474167,0.028084869474167
"10950",0.183030968907789,0.182038741244626,0.000992227663163009,0.000992227663163009
"10952",0.00526054864262753,0.00410701257512557,0.00115353606750196,0.00115353606750196
"10953",-0.0297191481564258,-0.0303743265384911,0.000655178382065299,0.000655178382065299
"10954",-0.607956883942611,-0.566501980513879,-0.041454903428732,0.041454903428732
"10955",-0.0853894206340368,-0.0741974883366325,-0.0111919322974043,0.0111919322974043
"10956",-0.270724508055408,-0.242998110852602,-0.027726397202806,0.027726397202806
"10959",-0.101876665936662,-0.0991512600841233,-0.00272540585253871,0.00272540585253871
"10960",-0.2747820832641,-0.252736933495104,-0.022045149768996,0.022045149768996
"10961",-0.15965076895386,-0.148414779881632,-0.011235989072228,0.011235989072228
"10962",-0.0835557331054839,-0.0849261517331557,0.00137041862767179,0.00137041862767179
"10963",-0.200702385790568,-0.178709591617019,-0.021992794173549,0.021992794173549
"10966",0.345959553163754,0.314875266893736,0.031084286270018,0.031084286270018
"10969",-0.122993205806186,-0.116108389623031,-0.00688481618315501,0.00688481618315501
"10970",-0.325601646924427,-0.319894724433109,-0.00570692249131799,0.00570692249131799
"10972",-0.175385030542178,-0.165928349454454,-0.00945668108772399,0.00945668108772399
"10973",-0.191955962508935,-0.173473227447542,-0.018482735061393,0.018482735061393
"10974",0.351475517603385,0.347229318599986,0.00424619900339901,0.00424619900339901
"10975",0.048034631839512,0.0426583221953714,0.0053763096441406,0.0053763096441406
"10978",-0.125968272472213,-0.109412274935626,-0.016555997536587,0.016555997536587
"10979",0.330942081162426,0.342796564722262,-0.011854483559836,0.011854483559836
"10980",0.111096018888443,0.112526878535025,-0.00143085964658199,0.00143085964658199
"10981",0.874146585711851,0.843742620602507,0.030403965109344,0.030403965109344
"10982",0.112298182686889,0.131851263755758,-0.019553081068869,0.019553081068869
"10983",-0.0092485621131383,-0.0210919114663129,0.0118433493531746,0.0118433493531746
"10985",-0.694025735312253,-0.669199827413523,-0.02482590789873,0.02482590789873
"10987",0.149319123873072,0.149732079643374,-0.000412955770302009,0.000412955770302009
"10988",-0.113323179885019,-0.111663530042117,-0.001659649842902,0.001659649842902
"10989",-0.0295579002036253,-0.0347314080735584,0.0051735078699331,0.0051735078699331
"10992",-0.277349105077743,-0.263984336626573,-0.01336476845117,0.01336476845117
"10994",-0.726463666310795,-0.686992687206101,-0.039470979104694,0.039470979104694
"11000",0.0824918838345415,0.0829663118105196,-0.000474427975978103,0.000474427975978103
"11001",0.0948449290750162,0.0965521749095526,-0.00170724583453641,0.00170724583453641
"11005",-0.312994635770295,-0.313118017965107,0.000123382194812005,0.000123382194812005
"11007",-0.107605251464085,-0.0945100519440454,-0.0130951995200396,0.0130951995200396
"11010",-0.306456536206106,-0.236366976231965,-0.070089559974141,0.070089559974141
"11011",0.0819010200240035,0.0859749646540746,-0.0040739446300711,0.0040739446300711
"11014",-0.498228566861163,-0.472913575959813,-0.02531499090135,0.02531499090135
"11015",-0.484957811507975,-0.474710003752814,-0.010247807755161,0.010247807755161
"11017",-0.0499120628747074,-0.0359688890792717,-0.0139431737954357,0.0139431737954357
"11018",-0.0802093889301778,-0.0664067425111509,-0.0138026464190269,0.0138026464190269
"11019",-0.224833264090358,-0.242207160230122,0.017373896139764,0.017373896139764
"1102",0.884090425174207,0.880969692632511,0.00312073254169598,0.00312073254169598
"11020",-0.208073852026082,-0.187106940958935,-0.020966911067147,0.020966911067147
"11021",0.074184002081122,0.0732621918740267,0.000921810207095294,0.000921810207095294
"11025",-0.00603925319852915,-0.00824198873660257,0.00220273553807342,0.00220273553807342
"11030",-0.0261856655972386,-0.035692986278297,0.0095073206810584,0.0095073206810584
"11031",0.147734198118788,0.131523982367538,0.01621021575125,0.01621021575125
"11034",0.0800219418155392,0.0580934594213214,0.0219284823942178,0.0219284823942178
"11037",0.082846908873866,0.0901385101283874,-0.0072916012545214,0.0072916012545214
"11040",-0.368960992189304,-0.342572828699411,-0.026388163489893,0.026388163489893
"11041",0.321210369783412,0.339577191543728,-0.018366821760316,0.018366821760316
"11044",0.163167625155069,0.156648765802266,0.006518859352803,0.006518859352803
"11046",-0.219587467887744,-0.208531852482858,-0.011055615404886,0.011055615404886
"11047",0.0216723537364466,0.00574154476863401,0.0159308089678126,0.0159308089678126
"1105",-0.0936895588107314,-0.0939881880314295,0.000298629220698093,0.000298629220698093
"11051",0.0359199021657976,0.0463763556314547,-0.0104564534656571,0.0104564534656571
"11052",0.00140996470396509,0.00924490497772737,-0.00783494027376228,0.00783494027376228
"11054",0.045921118799471,0.0311418925861823,0.0147792262132887,0.0147792262132887
"11059",0.345271571408819,0.357067265180737,-0.011795693771918,0.011795693771918
"1106",-0.370521907293466,-0.338906214986336,-0.03161569230713,0.03161569230713
"11060",-0.177467981214774,-0.163867350480173,-0.013600630734601,0.013600630734601
"11062",-0.124317490388805,-0.123514848419063,-0.000802641969742002,0.000802641969742002
"11066",-0.0622606839628616,-0.064914357932235,0.0026536739693734,0.0026536739693734
"11067",-0.00872338332950814,-0.00491772614737492,-0.00380565718213322,0.00380565718213322
"11068",-0.320627359698249,-0.281530672553209,-0.03909668714504,0.03909668714504
"1107",0.00483041942964411,-0.00516218137773181,0.00999260080737592,0.00999260080737592
"11070",0.083738744190971,0.101640951846179,-0.017902207655208,0.017902207655208
"11072",0.255324783328536,0.213463455742433,0.041861327586103,0.041861327586103
"11073",0.0713478724858437,0.071264925012345,8.29474734986985e-05,8.29474734986985e-05
"11078",0.114922985551125,0.0924977513198316,0.0224252342312934,0.0224252342312934
"11079",-0.206735633074178,-0.187152917067199,-0.019582716006979,0.019582716006979
"1108",0.0546536075309275,0.0425294818541172,0.0121241256768103,0.0121241256768103
"11080",0.288028698656126,0.321747000286814,-0.033718301630688,0.033718301630688
"11083",0.105982861205224,0.107973721711453,-0.001990860506229,0.001990860506229
"11091",-0.0683991921555002,-0.0934753178581329,0.0250761257026327,0.0250761257026327
"11092",-0.20786683480359,-0.203457593620734,-0.00440924118285599,0.00440924118285599
"11094",0.339592463110545,0.303020302647681,0.036572160462864,0.036572160462864
"11096",1.18688289367639,1.12077737529806,0.0661055183783299,0.0661055183783299
"11097",-0.0597061878694666,-0.0622115550573923,0.0025053671879257,0.0025053671879257
"11099",-1.07252222239124,-1.02173731573138,-0.05078490665986,0.05078490665986
"11100",-0.00197276543380562,-0.0179207000973952,0.0159479346635896,0.0159479346635896
"11101",-0.202220425066633,-0.159232834657899,-0.042987590408734,0.042987590408734
"11104",0.0343427089271043,0.0492221969614897,-0.0148794880343854,0.0148794880343854
"11108",0.116434341276808,0.0934665414172264,0.0229677998595816,0.0229677998595816
"11112",0.00551842648007341,0.00824599485541262,-0.00272756837533921,0.00272756837533921
"11116",-0.199153452541433,-0.193154903346774,-0.005998549194659,0.005998549194659
"11117",0.404835985402018,0.35066648467681,0.054169500725208,0.054169500725208
"11118",0.216487808170837,0.21496957511888,0.00151823305195697,0.00151823305195697
"11119",0.24698630907919,0.232970139120273,0.014016169958917,0.014016169958917
"1112",0.213016670900405,0.181794419616441,0.031222251283964,0.031222251283964
"11124",-0.17646719229517,-0.149402359995543,-0.027064832299627,0.027064832299627
"11127",-0.16455026347062,-0.182765309138146,0.018215045667526,0.018215045667526
"11128",-0.135918377074339,-0.133489008076094,-0.00242936899824497,0.00242936899824497
"11129",-0.293648348632261,-0.291812077269643,-0.00183627136261805,0.00183627136261805
"11130",-0.334945944912402,-0.312061531131121,-0.022884413781281,0.022884413781281
"11135",0.170910883303807,0.15591917235402,0.014991710949787,0.014991710949787
"11137",-0.0781536812543119,-0.0696252126938861,-0.0085284685604258,0.0085284685604258
"11140",0.00871262001970167,0.0219643494551735,-0.0132517294354718,0.0132517294354718
"11142",0.155601725174958,0.169884482263076,-0.014282757088118,0.014282757088118
"11145",0.042473445784985,0.0256638997658785,0.0168095460191065,0.0168095460191065
"11146",-0.137901603409985,-0.136207423457316,-0.00169417995266899,0.00169417995266899
"11151",0.715719481618712,0.697449831238833,0.018269650379879,0.018269650379879
"11152",0.177081391558056,0.162899086074221,0.014182305483835,0.014182305483835
"11153",-0.77902394104372,-0.763537912955333,-0.0154860280883869,0.0154860280883869
"11157",0.208312192298772,0.243507331588672,-0.0351951392899,0.0351951392899
"1116",-0.068148308037605,-0.0682598310891612,0.000111523051556206,0.000111523051556206
"11160",-0.274247073776072,-0.25197196802726,-0.022275105748812,0.022275105748812
"11162",-0.255873566640109,-0.24148944917116,-0.014384117468949,0.014384117468949
"11164",-0.213399542102203,-0.183375853106512,-0.030023688995691,0.030023688995691
"11165",0.0895989499960002,0.0777528360354749,0.0118461139605253,0.0118461139605253
"11167",-0.174191285002749,-0.167346646642415,-0.006844638360334,0.006844638360334
"11168",0.20145395148795,0.214908508130875,-0.013454556642925,0.013454556642925
"11169",0.00449316208573649,0.000694390623051025,0.00379877146268547,0.00379877146268547
"11171",-0.0695554313280966,-0.0799797116166958,0.0104242802885992,0.0104242802885992
"11174",-0.360030027257032,-0.358788395162069,-0.00124163209496297,0.00124163209496297
"11176",-0.176688493460419,-0.169474969887213,-0.00721352357320601,0.00721352357320601
"11177",-0.0664466011735059,-0.0641883480885885,-0.00225825308491739,0.00225825308491739
"11178",0.417879075725395,0.374411504103004,0.043467571622391,0.043467571622391
"11179",-0.0413994707394163,-0.0416823159862713,0.000282845246854999,0.000282845246854999
"11180",0.0765391526791478,0.0690849096597563,0.0074542430193915,0.0074542430193915
"11183",0.248387546591863,0.254872632296307,-0.00648508570444403,0.00648508570444403
"11186",0.328694481580889,0.330863361062882,-0.00216887948199301,0.00216887948199301
"11187",0.107557465664983,0.0799825035103646,0.0275749621546184,0.0275749621546184
"11188",0.150939394883644,0.145200814623593,0.005738580260051,0.005738580260051
"1119",-0.253557859508013,-0.254093920517283,0.000536061009270006,0.000536061009270006
"11193",0.127174613896673,0.115770729516558,0.011403884380115,0.011403884380115
"11194",0.0146197186863233,-0.0175520896228053,0.0321718083091286,0.0321718083091286
"11196",-0.0534466027296809,-0.0385456173103513,-0.0149009854193296,0.0149009854193296
"11198",-0.138976826202444,-0.114080892252179,-0.024895933950265,0.024895933950265
"11201",0.227949718260353,0.19849715125305,0.029452567007303,0.029452567007303
"11212",0.0103678877075936,0.0123398920640364,-0.0019720043564428,0.0019720043564428
"11214",0.544835442364293,0.513151842032675,0.031683600331618,0.031683600331618
"11215",0.2975890613833,0.279194216264816,0.018394845118484,0.018394845118484
"11218",0.100936565890487,0.0927598613891801,0.00817670450130689,0.00817670450130689
"11222",-0.302221721543002,-0.291981123798819,-0.010240597744183,0.010240597744183
"11226",-0.276627169763535,-0.26993772290193,-0.006689446861605,0.006689446861605
"1123",1.05854396384895,1.07062486285397,-0.0120808990050201,0.0120808990050201
"11230",-0.434453382614448,-0.434860067137948,0.000406684523500012,0.000406684523500012
"11231",-0.386973574311441,-0.346008292289575,-0.040965282021866,0.040965282021866
"11232",-0.159091937243482,-0.137382185197032,-0.02170975204645,0.02170975204645
"11234",0.22057421102905,0.219426389051545,0.00114782197750501,0.00114782197750501
"11235",0.185896626877624,0.189695396563302,-0.00379876968567799,0.00379876968567799
"112399",-0.522773208479202,-0.525325296873392,0.00255208839419008,0.00255208839419008
"11243",0.0655618974219139,0.0637777546642332,0.0017841427576807,0.0017841427576807
"112464",0.5469367636347,0.543648280841557,0.00328848279314298,0.00328848279314298
"112483",-0.0583436257625964,-0.0620818671055354,0.003738241342939,0.003738241342939
"11252",0.0941324418485884,0.102005471460858,-0.0078730296122696,0.0078730296122696
"11253",-0.104585953401304,-0.0914840497072694,-0.0131019036940346,0.0131019036940346
"11258",0.222109224992688,0.221172963211004,0.000936261781684017,0.000936261781684017
"11259",0.814427804981043,0.783601554744109,0.030826250236934,0.030826250236934
"11260",-0.399147748999062,-0.345429647661058,-0.053718101338004,0.053718101338004
"11261",-0.144761688322436,-0.154189107426775,0.009427419104339,0.009427419104339
"112611",-0.015469771874167,-0.0219053364937761,0.0064355646196091,0.0064355646196091
"112616",0.557935233477305,0.540435284851968,0.017499948625337,0.017499948625337
"11264",-0.41023365733006,-0.371248031766119,-0.038985625563941,0.038985625563941
"11266",0.152474690762844,0.1570768572706,-0.00460216650775599,0.00460216650775599
"11267",-0.134216887116839,-0.127430789162683,-0.006786097954156,0.006786097954156
"11269",-0.39295946765467,-0.392661237099631,-0.00029823055503897,0.00029823055503897
"11270",0.123388451961834,0.116813939697872,0.006574512263962,0.006574512263962
"112724",-0.275120662287389,-0.284969785400579,0.00984912311318997,0.00984912311318997
"11273",0.0220913041472516,0.00383393510283008,0.0182573690444215,0.0182573690444215
"11275",0.237635045250421,0.222805989417754,0.014829055832667,0.014829055832667
"112752",0.26157332268248,0.256431794531392,0.00514152815108804,0.00514152815108804
"11276",0.0241850430707787,0.0271343869625276,-0.0029493438917489,0.0029493438917489
"112770",-0.109887736113534,-0.0926383565054209,-0.0172493796081131,0.0172493796081131
"11282",0.00153224477949305,-0.0222189838493736,0.0237512286288666,0.0237512286288666
"11284",0.0806012647400505,0.0741066992733548,0.0064945654666957,0.0064945654666957
"112840",0.143547569042134,0.148314730934682,-0.004767161892548,0.004767161892548
"112849",0.172941586745043,0.185061383800591,-0.012119797055548,0.012119797055548
"11285",-0.338153086897664,-0.304149574964051,-0.034003511933613,0.034003511933613
"112858",0.0238217192309015,0.00986539418451221,0.0139563250463893,0.0139563250463893
"112869",-0.121238277706708,-0.105823316802356,-0.015414960904352,0.015414960904352
"112936",-0.179859948465631,-0.166605533021055,-0.013254415444576,0.013254415444576
"112942",0.150460774925186,0.141348690962239,0.00911208396294699,0.00911208396294699
"112950",-0.231327949008354,-0.203830176609642,-0.027497772398712,0.027497772398712
"113",0.260402852625892,0.271264819050162,-0.01086196642427,0.01086196642427
"1130",0.354509800879496,0.322331018386682,0.032178782492814,0.032178782492814
"113000",-0.129985622729156,-0.147377408735397,0.017391786006241,0.017391786006241
"113026",0.186221456241264,0.15978739341926,0.026434062822004,0.026434062822004
"11309",1.55159034749198,1.50693040811139,0.0446599393805902,0.0446599393805902
"11311",0.0864752565842939,0.0997313230666521,-0.0132560664823582,0.0132560664823582
"113115",-0.282730377342035,-0.294589278719811,0.011858901377776,0.011858901377776
"11313",-0.0587708692116015,-0.0428412755668787,-0.0159295936447228,0.0159295936447228
"113130",-0.299976494986979,-0.287766243727254,-0.012210251259725,0.012210251259725
"11315",-0.0371173727452054,-0.018391875827598,-0.0187254969176074,0.0187254969176074
"11316",-0.0607016733604439,-0.0617727810260799,0.001071107665636,0.001071107665636
"113174",0.0376720249365634,0.0297562331735245,0.0079157917630389,0.0079157917630389
"113178",-0.0252665960965724,-0.0262102500219841,0.000943653925411698,0.000943653925411698
"113179",-0.117978166296898,-0.103884748538136,-0.014093417758762,0.014093417758762
"113189",0.28421246021705,0.266908285214687,0.017304175002363,0.017304175002363
"11319",-0.0337845662865517,-0.0205581674491003,-0.0132263988374514,0.0132263988374514
"11320",-0.35857511911811,-0.296380401880471,-0.062194717237639,0.062194717237639
"11321",-2.67303782608193e-05,0.00739217489802465,-0.00741890527628547,0.00741890527628547
"11322",0.0814347128444642,0.0501620088809198,0.0312727039635444,0.0312727039635444
"113246",-0.520117633617031,-0.482546253036045,-0.037571380580986,0.037571380580986
"11325",-0.0645217224606128,-0.0559758543247493,-0.0085458681358635,0.0085458681358635
"113251",0.123880889179628,0.152784838229,-0.028903949049372,0.028903949049372
"11326",1.54954454631645,1.46514522284602,0.0843993234704299,0.0843993234704299
"113277",0.0667024022129137,0.115249050842489,-0.0485466486295753,0.0485466486295753
"113278",-0.617134163637215,-0.570655705416383,-0.046478458220832,0.046478458220832
"11329",0.158051626142061,0.173813138860088,-0.015761512718027,0.015761512718027
"11331",-0.211602577626681,-0.187438715390269,-0.024163862236412,0.024163862236412
"11332",0.206442706410509,0.203066982543129,0.00337572386738,0.00337572386738
"11333",-0.0388924501227603,-0.0551410789909965,0.0162486288682362,0.0162486288682362
"11334",0.163274109358579,0.16471508172985,-0.001440972371271,0.001440972371271
"11335",-0.452787035347644,-0.419635630642541,-0.033151404705103,0.033151404705103
"11336",0.0366863572556652,0.0532654542328328,-0.0165790969771676,0.0165790969771676
"11337",-0.226413128926183,-0.19466826012017,-0.031744868806013,0.031744868806013
"11338",-0.00829508939576118,-0.000730613257658605,-0.00756447613810257,0.00756447613810257
"11339",-0.110220717636835,-0.0892744913523,-0.020946226284535,0.020946226284535
"11340",-0.403297597125855,-0.376944600843541,-0.026352996282314,0.026352996282314
"113402",0.162789923826894,0.168296619490678,-0.00550669566378401,0.00550669566378401
"113419",-0.0360823860747321,-0.0270096100317948,-0.0090727760429373,0.0090727760429373
"11342",0.360066966740928,0.37239960782879,-0.012332641087862,0.012332641087862
"11343",-0.028624389660466,-0.0492037457167664,0.0205793560563004,0.0205793560563004
"11344",0.052334629093161,0.0363359763428551,0.0159986527503059,0.0159986527503059
"113444",0.273860557479285,0.246744909767353,0.027115647711932,0.027115647711932
"11345",0.217265527328302,0.234518147718158,-0.017252620389856,0.017252620389856
"113452",-0.468590933455563,-0.453309479944537,-0.015281453511026,0.015281453511026
"113510",-0.120658410133042,-0.105715214323704,-0.014943195809338,0.014943195809338
"113655",-0.227728507614531,-0.189345366247646,-0.038383141366885,0.038383141366885
"113791",0.669051650145825,0.616933288505911,0.052118361639914,0.052118361639914
"113829",0.0817406598551883,0.0905974284565801,-0.0088567686013918,0.0088567686013918
"113878",-0.0431453064718877,-0.0439298093928716,0.0007845029209839,0.0007845029209839
"1140",0.190492575824129,0.183991624941465,0.006500950882664,0.006500950882664
"114034",-0.0272037202637464,-0.0264100767266054,-0.000793643537141002,0.000793643537141002
"114049",-0.282390974103498,-0.251161208417677,-0.031229765685821,0.031229765685821
"114294",-0.170309914941556,-0.145353039061218,-0.024956875880338,0.024956875880338
"114327",0.224051858407755,0.210865434062035,0.01318642434572,0.01318642434572
"1145",0.00724183119576137,0.00842671085510273,-0.00118487965934136,0.00118487965934136
"114569",-0.393846188491451,-0.387171564772416,-0.00667462371903499,0.00667462371903499
"114659",0.111812644531611,0.104257185731671,0.00755545879993999,0.00755545879993999
"1147",-0.0309193266971514,-0.0176931301421954,-0.013226196554956,0.013226196554956
"114769",0.74102924170187,0.823890033297888,-0.082860791596018,0.082860791596018
"114785",-0.0341158318034815,-0.0207990609248972,-0.0133167708785843,0.0133167708785843
"114789",-0.171549734106636,-0.155108856624439,-0.016440877482197,0.016440877482197
"114793",0.763578495651279,0.738063415246577,0.025515080404702,0.025515080404702
"114821",-0.454616077307814,-0.4466312384247,-0.00798483888311402,0.00798483888311402
"114823",0.021381593255507,0.0116122601650119,0.0097693330904951,0.0097693330904951
"114876",-0.696168630850155,-0.701940966862126,0.00577233601197102,0.00577233601197102
"114882",0.175750665692292,0.157389202550577,0.018361463141715,0.018361463141715
"114883",-0.107988458530175,-0.109475159156049,0.001486700625874,0.001486700625874
"114884",0.147168367899871,0.157085116409529,-0.00991674850965799,0.00991674850965799
"114885",0.153380216149117,0.174209821753493,-0.020829605604376,0.020829605604376
"114897",0.116691496281611,0.114511716985825,0.002179779295786,0.002179779295786
"114907",0.779962175783497,0.713510144617539,0.066452031165958,0.066452031165958
"114908",-0.0830335188427035,-0.0701979521124905,-0.012835566730213,0.012835566730213
"114926",-0.0147333643134201,-0.0120678322354543,-0.0026655320779658,0.0026655320779658
"114932",0.151436583631231,0.15334995511187,-0.001913371480639,0.001913371480639
"114984",0.221324406781927,0.174245923234832,0.047078483547095,0.047078483547095
"114990",0.60503662848057,0.546904365602368,0.0581322628782021,0.0581322628782021
"115",0.425275720527546,0.389425766658109,0.035849953869437,0.035849953869437
"115024",0.00115922800842976,0.013632173021064,-0.0124729450126342,0.0124729450126342
"115098",-0.176241370978515,-0.181128531680248,0.00488716070173301,0.00488716070173301
"115106",-0.213414686739387,-0.176803697049438,-0.036610989689949,0.036610989689949
"115111",-0.0522239809755554,-0.0889005622763846,0.0366765813008292,0.0366765813008292
"115123",-0.141323046433001,-0.13522804100627,-0.006095005426731,0.006095005426731
"1152",0.139220468391572,0.121066445383091,0.018154023008481,0.018154023008481
"115201",-0.0539523694507598,-0.0401060876758766,-0.0138462817748832,0.0138462817748832
"115207",0.49995124339203,0.48586763012835,0.01408361326368,0.01408361326368
"115209",-0.126032076086166,-0.116933608710791,-0.00909846737537501,0.00909846737537501
"115265",0.257612731674645,0.234943195861759,0.022669535812886,0.022669535812886
"115286",-0.425649178006787,-0.361639454320078,-0.064009723686709,0.064009723686709
"115290",0.316550898573735,0.303619277834865,0.01293162073887,0.01293162073887
"115294",0.0444612309690127,0.0494299065875305,-0.0049686756185178,0.0049686756185178
"1153",0.0874071197265368,0.072299812753824,0.0151073069727128,0.0151073069727128
"115330",-0.312538022625061,-0.277913323952616,-0.034624698672445,0.034624698672445
"115353",0.106110107388435,0.11818683037884,-0.012076722990405,0.012076722990405
"115399",-0.0841129872479929,-0.0849054950569289,0.000792507808935999,0.000792507808935999
"1154",0.462494226386639,0.512319799074468,-0.049825572687829,0.049825572687829
"115416",0.0580533415757657,0.0565171029556645,0.0015362386201012,0.0015362386201012
"115426",-0.0858854889593126,-0.0669035657911879,-0.0189819231681247,0.0189819231681247
"1155",0.144370230785131,0.119701334048918,0.024668896736213,0.024668896736213
"115509",0.0903337483272785,0.118004167732397,-0.0276704194051185,0.0276704194051185
"115548",0.1319253651179,0.121492635883828,0.010432729234072,0.010432729234072
"115677",1.00510998250924,0.975119094535818,0.029990887973422,0.029990887973422
"115703",-0.0611261863536192,-0.0637867803016074,0.00266059394798819,0.00266059394798819
"115704",0.130741798427905,0.102502515771599,0.028239282656306,0.028239282656306
"115708",-0.155636220876602,-0.144695679975962,-0.01094054090064,0.01094054090064
"115752",0.0956378316847633,0.0764023575898623,0.019235474094901,0.019235474094901
"115817",0.0831700874057924,0.0835849561642373,-0.000414868758444903,0.000414868758444903
"115825",-0.42108808813054,-0.393224967355862,-0.027863120774678,0.027863120774678
"115908",0.268458037553624,0.270456150177818,-0.00199811262419397,0.00199811262419397
"115939",0.339381597530309,0.304589679817733,0.034791917712576,0.034791917712576
"115948",0.88478850293977,0.821792719062476,0.062995783877294,0.062995783877294
"115950",-0.0729377466283357,-0.0579233044949203,-0.0150144421334154,0.0150144421334154
"116028",0.029547793071022,0.0296183426160092,-7.05495449872008e-05,7.05495449872008e-05
"116092",0.155363704291538,0.17686135922792,-0.021497654936382,0.021497654936382
"1161",-0.103396468153893,-0.0827473673532169,-0.0206491008006761,0.0206491008006761
"116115",-0.204035710447872,-0.196685175957696,-0.007350534490176,0.007350534490176
"116138",0.0424011856364561,0.0458416058981058,-0.0034404202616497,0.0034404202616497
"116143",-0.292975622575171,-0.243592415287109,-0.049383207288062,0.049383207288062
"116151",0.174103561782856,0.139287480139179,0.034816081643677,0.034816081643677
"116224",0.156408966399844,0.186778710321856,-0.030369743922012,0.030369743922012
"116225",-0.286425043957074,-0.278818914409799,-0.00760612954727502,0.00760612954727502
"116228",0.0871755365986563,0.0708891257700196,0.0162864108286367,0.0162864108286367
"116236",0.483666058452287,0.443933611559603,0.039732446892684,0.039732446892684
"116238",-1.1531205125848,-1.12459467033273,-0.02852584225207,0.02852584225207
"116254",-0.279531987394798,-0.247040672394531,-0.032491315000267,0.032491315000267
"116362",1.07317972062589,1.02474816534548,0.04843155528041,0.04843155528041
"116379",-0.206499003132292,-0.191531537142119,-0.014967465990173,0.014967465990173
"1164",-0.165741748504366,-0.16960765763646,0.003865909132094,0.003865909132094
"116441",0.461659435451338,0.499697563765548,-0.0380381283142101,0.0380381283142101
"116447",-0.104045361022019,-0.0867205473613929,-0.0173248136606261,0.0173248136606261
"116461",0.0375254461620772,0.0475536592493047,-0.0100282130872275,0.0100282130872275
"116496",0.247152649162355,0.251410579496792,-0.00425793033443703,0.00425793033443703
"116540",-0.362458392185406,-0.347976580265899,-0.014481811919507,0.014481811919507
"116832",-0.452391228595381,-0.402962999895773,-0.049428228699608,0.049428228699608
"116835",1.1032797671285,1.03573376009865,0.0675460070298499,0.0675460070298499
"116841",-0.105428798180915,-0.0841504820890696,-0.0212783160918454,0.0212783160918454
"116843",0.476701629244429,0.476959627462965,-0.000257998218536004,0.000257998218536004
"116985",0.272698543359219,0.259863120439491,0.012835422919728,0.012835422919728
"116987",-0.348253565119047,-0.32918911181457,-0.019064453304477,0.019064453304477
"116988",0.108155339281271,0.0845184975866714,0.0236368416945996,0.0236368416945996
"117143",0.0458094786379187,0.0504281053105219,-0.0046186266726032,0.0046186266726032
"117177",-0.269347851375545,-0.250795242551073,-0.018552608824472,0.018552608824472
"117246",-0.108350959535342,-0.124337527664576,0.015986568129234,0.015986568129234
"117283",0.00390627996270444,0.0277952174483769,-0.0238889374856725,0.0238889374856725
"1173",0.156655948068125,0.16663017722571,-0.009974229157585,0.009974229157585
"1174",0.0363532819639604,0.048424344910847,-0.0120710629468866,0.0120710629468866
"1175",0.212345965553673,0.215868107892852,-0.003522142339179,0.003522142339179
"117581",0.18493678083713,0.165816133869865,0.019120646967265,0.019120646967265
"117608",-0.00950878220565228,0.0193858205625739,-0.0288946027682262,0.0288946027682262
"1178",-0.9608287260125,-0.877725408430872,-0.083103317581628,0.083103317581628
"117854",-0.375479203623053,-0.380806477875052,0.00532727425199903,0.00532727425199903
"118",0.160379883225987,0.147863587624382,0.012516295601605,0.012516295601605
"1182",-0.338864056710487,-0.327552895143266,-0.011311161567221,0.011311161567221
"118424",-0.143617164370335,-0.116184091402467,-0.027433072967868,0.027433072967868
"118426",0.463335721937093,0.424342248668516,0.038993473268577,0.038993473268577
"118429",0.963100776155192,0.930362962294568,0.0327378138606239,0.0327378138606239
"118472",-0.0816563809008175,-0.0823271877053359,0.000670806804518392,0.000670806804518392
"118487",-0.397850601819704,-0.37066167280825,-0.027188929011454,0.027188929011454
"1185",0.0796468628850144,0.0750173183858755,0.0046295444991389,0.0046295444991389
"1186",-0.0627760551734944,-0.0569138794143835,-0.0058621757591109,0.0058621757591109
"118672",-0.196553781606113,-0.204372833239472,0.007819051633359,0.007819051633359
"118788",0.739642703633121,0.780657974251563,-0.041015270618442,0.041015270618442
"118813",0.0582167961242527,0.0658492381537373,-0.00763244202948461,0.00763244202948461
"118881",-0.122060250135447,-0.120574445991462,-0.001485804143985,0.001485804143985
"118924",-0.0243936083652507,-0.0295049135082861,0.0051113051430354,0.0051113051430354
"118980",0.0466339913447809,0.0318465586819355,0.0147874326628454,0.0147874326628454
"118987",-0.0395512436630476,-0.0362703562639469,-0.0032808873991007,0.0032808873991007
"119032",0.0428638329076457,0.0622064762941561,-0.0193426433865104,0.0193426433865104
"1192",0.0422105193382557,0.0481132754962407,-0.005902756157985,0.005902756157985
"1195",0.0665000106514072,0.0692463820564533,-0.00274637140504609,0.00274637140504609
"119504",0.425336500021527,0.407807582069598,0.017528917951929,0.017528917951929
"119559",-0.347860135713719,-0.309747470993316,-0.038112664720403,0.038112664720403
"119587",-0.319492922908506,-0.353399887860869,0.033906964952363,0.033906964952363
"119710",0.126490525969816,0.108035352524466,0.01845517344535,0.01845517344535
"1198",0.0891758819240058,0.0936297444058583,-0.00445386248185251,0.00445386248185251
"120",0.535824962673997,0.505544438128613,0.030280524545384,0.030280524545384
"1200",-0.00746164018177555,0.00343868577544541,-0.010900325957221,0.010900325957221
"120071",0.469694824740656,0.429461591935644,0.040233232805012,0.040233232805012
"1201",-0.507234950684887,-0.490406653771689,-0.016828296913198,0.016828296913198
"120103",-0.142820590022679,-0.122284564453067,-0.020536025569612,0.020536025569612
"1203",-0.247498081953224,-0.220795727987371,-0.026702353965853,0.026702353965853
"120534",0.262496621313116,0.254160445878558,0.008336175434558,0.008336175434558
"1207",-0.0213180534062519,-0.0246250061759928,0.0033069527697409,0.0033069527697409
"1209",-0.0927612204658273,-0.0861600500823396,-0.0066011703834877,0.0066011703834877
"121053",-0.210567919159663,-0.232385493289077,0.021817574129414,0.021817574129414
"1211",0.129664489935771,0.128795092603199,0.000869397332572019,0.000869397332572019
"1212",0.181334825352143,0.148171608044965,0.033163217307178,0.033163217307178
"121227",0.401191386128529,0.357523323910702,0.043668062217827,0.043668062217827
"121260",0.178034827229108,0.168831868996524,0.00920295823258399,0.00920295823258399
"1213",0.193598855676259,0.189475630573896,0.00412322510236302,0.00412322510236302
"121441",-0.222965939929164,-0.1867717467875,-0.036194193141664,0.036194193141664
"121457",0.275156947758075,0.280218346149468,-0.00506139839139302,0.00506139839139302
"121506",-0.665896358507629,-0.714019528463222,0.0481231699555931,0.0481231699555931
"121536",-0.0347668410138412,-0.0337112135403854,-0.0010556274734558,0.0010556274734558
"121642",-0.384404521390095,-0.362132110641957,-0.022272410748138,0.022272410748138
"121665",0.103728899890864,0.100728838382991,0.00300006150787299,0.00300006150787299
"122416",-0.0842586996729012,-0.0956740416305261,0.0114153419576249,0.0114153419576249
"122509",-0.113702296657661,-0.150519197862136,0.036816901204475,0.036816901204475
"122622",0.26074812931346,0.236081345295482,0.024666784017978,0.024666784017978
"122704",-0.121155498060793,-0.129087924106852,0.007932426046059,0.007932426046059
"122769",-0.255324390817185,-0.246851424156104,-0.00847296666108099,0.00847296666108099
"122786",-0.130429071622437,-0.124187059880074,-0.006242011742363,0.006242011742363
"122809",0.268955136635631,0.27553466777423,-0.00657953113859905,0.00657953113859905
"122830",0.037829864216971,0.0604483301666208,-0.0226184659496498,0.0226184659496498
"122953",-0.0508702033849602,-0.0365460448482106,-0.0143241585367496,0.0143241585367496
"122961",0.148256917478007,0.150356491031297,-0.00209957355328999,0.00209957355328999
"122970",-0.36219432795908,-0.37120299027752,0.00900866231844,0.00900866231844
"123",-0.320078408297538,-0.328298545260449,0.00822013696291102,0.00822013696291102
"1230",0.344030833300742,0.341775676547376,0.00225515675336602,0.00225515675336602
"123016",0.154766420259488,0.116754304658053,0.038012115601435,0.038012115601435
"123036",-0.438359049162771,-0.450583146714007,0.012224097551236,0.012224097551236
"123096",-0.0421521410295669,-0.0771638474339955,0.0350117064044286,0.0350117064044286
"123169",-0.217956210362319,-0.198226240429775,-0.019729969932544,0.019729969932544
"123207",0.111597360270502,0.126273160709102,-0.0146758004386,0.0146758004386
"123228",-0.0479330553444803,-0.0348090770053916,-0.0131239783390887,0.0131239783390887
"123263",0.176130935373074,0.191647617173505,-0.015516681800431,0.015516681800431
"123355",-0.156048786376173,-0.117106388413453,-0.03894239796272,0.03894239796272
"1236",-2.38763663773226,-2.29828840634728,-0.0893482313849798,0.0893482313849798
"1238",-0.333808170281282,-0.308673441921112,-0.02513472836017,0.02513472836017
"123803",-0.0733007991538528,-0.0901937648732593,0.0168929657194065,0.0168929657194065
"123811",0.235084426883242,0.241876839883125,-0.00679241299988301,0.00679241299988301
"123920",0.287872084276604,0.314047599258634,-0.02617551498203,0.02617551498203
"124152",0.298750615241821,0.283786792930855,0.014963822310966,0.014963822310966
"124245",-0.124957922719779,-0.11803934854127,-0.006918574178509,0.006918574178509
"124359",0.462735394890386,0.402564268940155,0.060171125950231,0.060171125950231
"124402",-0.295413344537538,-0.292013274647092,-0.003400069890446,0.003400069890446
"124454",-0.300685779309906,-0.281158075226025,-0.019527704083881,0.019527704083881
"124491",-0.28301672513277,-0.266017875152578,-0.016998849980192,0.016998849980192
"124540",0.199618176305888,0.178897025946158,0.02072115035973,0.02072115035973
"124583",-0.217590848421585,-0.191135780922042,-0.026455067499543,0.026455067499543
"124790",-0.142024508222071,-0.151596947285213,0.00957243906314201,0.00957243906314201
"124808",-0.123612946102884,-0.115244338187401,-0.008368607915483,0.008368607915483
"124935",-0.197844088034902,-0.179146600074407,-0.018697487960495,0.018697487960495
"124936",-0.320832902041287,-0.314883925001524,-0.00594897703976299,0.00594897703976299
"124995",-0.0237313918418735,-0.0224648707495358,-0.0012665210923377,0.0012665210923377
"124997",-0.0290022820040481,0.0132781531724666,-0.0422804351765147,0.0422804351765147
"125228",-0.457686685602951,-0.401863258308556,-0.055823427294395,0.055823427294395
"125476",-0.0321887526191401,-0.0220277415980127,-0.0101610110211274,0.0101610110211274
"125988",0.0664015459070431,0.0505341483748531,0.01586739753219,0.01586739753219
"126119",0.00964891966124543,-0.011456503502212,0.0211054231634574,0.0211054231634574
"126133",-0.0300425595042492,-0.00704483181926173,-0.0229977276849875,0.0229977276849875
"126208",0.0831113700939518,0.0685976626242027,0.0145137074697491,0.0145137074697491
"126231",0.14413764300955,0.136253691567983,0.00788395144156701,0.00788395144156701
"126282",-0.528030135818248,-0.467473157380887,-0.060556978437361,0.060556978437361
"126295",-0.0957676806100908,-0.100609064866432,0.00484138425634119,0.00484138425634119
"126299",0.213610335484715,0.201992535231164,0.011617800253551,0.011617800253551
"1263",-0.164279966964066,-0.166504715652601,0.00222474868853501,0.00222474868853501
"126308",-0.23256013831831,-0.212168846617127,-0.020391291701183,0.020391291701183
"126321",-0.541041419647376,-0.549377544304739,0.008336124657363,0.008336124657363
"126328",-0.153960436012199,-0.1379015289178,-0.016058907094399,0.016058907094399
"126382",-0.361317273007891,-0.339470341233973,-0.021846931773918,0.021846931773918
"1266",0.361665286616975,0.371847090809123,-0.010181804192148,0.010181804192148
"126626",0.00518699826538766,0.00212335087248323,0.00306364739290443,0.00306364739290443
"126695",-0.180229846676534,-0.194113506413045,0.013883659736511,0.013883659736511
"126731",-0.282402981126629,-0.265283791778599,-0.01711918934803,0.01711918934803
"126789",-0.564282877546063,-0.496504558999898,-0.067778318546165,0.067778318546165
"126792",0.363671532252064,0.327861325619258,0.035810206632806,0.035810206632806
"126969",-0.112909207278938,-0.123670975625874,0.010761768346936,0.010761768346936
"127002",0.0598278689301849,0.0356897092826998,0.0241381596474851,0.0241381596474851
"127018",0.133280765910645,0.130242102114508,0.00303866379613699,0.00303866379613699
"127253",-0.251648966802212,-0.223750386867545,-0.027898579934667,0.027898579934667
"127262",0.194640738973413,0.18751040946521,0.007130329508203,0.007130329508203
"127428",0.059719940568513,0.0523444219345976,0.0073755186339154,0.0073755186339154
"127544",0.260824960964376,0.256583880090477,0.00424108087389902,0.00424108087389902
"127687",-0.168533321010832,-0.153699808647543,-0.014833512363289,0.014833512363289
"1277",0.180316831115056,0.143102784841342,0.037214046273714,0.037214046273714
"127700",0.200733463762802,0.164627388323276,0.036106075439526,0.036106075439526
"1278",0.126745773267696,0.107351653223727,0.019394120043969,0.019394120043969
"127845",-1.24521932752143,-1.16185034609892,-0.08336898142251,0.08336898142251
"128",0.0290240862134163,0.0195692311790089,0.0094548550344074,0.0094548550344074
"128061",-0.0479717318466839,-0.0329220783126627,-0.0150496535340212,0.0150496535340212
"1281",0.178225661611743,0.154673613550235,0.023552048061508,0.023552048061508
"128178",-0.370610093556533,-0.345157757174267,-0.025452336382266,0.025452336382266
"1282",0.141130130564816,0.140700208196308,0.000429922368508001,0.000429922368508001
"128218",-0.155939824664691,-0.155393369886736,-0.000546454777955008,0.000546454777955008
"128240",-0.0555566216468006,-0.0485851821028616,-0.006971439543939,0.006971439543939
"128272",0.319897403301053,0.289834383702519,0.030063019598534,0.030063019598534
"128344",-0.172567402481402,-0.178551129486682,0.00598372700527999,0.00598372700527999
"128346",0.79990425939662,0.776863745808547,0.023040513588073,0.023040513588073
"1284",0.40233558821289,0.365320036738699,0.037015551474191,0.037015551474191
"128637",0.135373556168524,0.158747672475566,-0.023374116307042,0.023374116307042
"1287",-0.0523423173051122,-0.0758766644668847,0.0235343471617725,0.0235343471617725
"128853",-0.117043977108826,-0.121104327377471,0.004060350268645,0.004060350268645
"128866",-0.0458784308817055,-0.0392401535443716,-0.00663827733733389,0.00663827733733389
"128869",-0.660892528693144,-0.590866854195123,-0.070025674498021,0.070025674498021
"1289",0.0239834653215607,0.00799495556961556,0.0159885097519451,0.0159885097519451
"128977",-0.025634704856273,-0.00344543066581265,-0.0221892741904604,0.0221892741904604
"1290",0.352420301744999,0.335208971938854,0.017211329806145,0.017211329806145
"1291",0.67955844510242,0.648997375067139,0.0305610700352811,0.0305610700352811
"1292",0.493586957461999,0.440052173845916,0.053534783616083,0.053534783616083
"129285",0.318562570673043,0.312516522868966,0.00604604780407703,0.00604604780407703
"1293",0.486825893190791,0.442036821376772,0.044789071814019,0.044789071814019
"1294",-0.119428795266332,-0.140567515737219,0.021138720470887,0.021138720470887
"129401",-0.0653895904507791,-0.0313816141521062,-0.0340079762986729,0.0340079762986729
"129531",0.0867559783298098,0.112010349678941,-0.0252543713491312,0.0252543713491312
"129563",-0.302911748144273,-0.280190709933742,-0.022721038210531,0.022721038210531
"129685",-0.0859347641194362,-0.0656376954467947,-0.0202970686726415,0.0202970686726415
"129787",0.168185969366688,0.149126267069501,0.019059702297187,0.019059702297187
"129804",0.406304768779572,0.342681894533562,0.06362287424601,0.06362287424601
"129831",0.00860899513444154,0.0230941235154268,-0.0144851283809853,0.0144851283809853
"130162",0.306474104081417,0.294206679653044,0.012267424428373,0.012267424428373
"130502",0.201239452952084,0.218617846308709,-0.017378393356625,0.017378393356625
"130507",-0.319731003531468,-0.290597923285192,-0.029133080246276,0.029133080246276
"130557",-0.150694396339462,-0.161200525710629,0.010506129371167,0.010506129371167
"130589",-0.136547670184675,-0.137835925173898,0.001288254989223,0.001288254989223
"1306",0.759784152004133,0.687335805661466,0.0724483463426669,0.0724483463426669
"130612",0.150297226273738,0.113473464471231,0.036823761802507,0.036823761802507
"130617",0.222487682340314,0.227356598534761,-0.00486891619444701,0.00486891619444701
"1307",0.237681267289618,0.241411344278191,-0.003730076988573,0.003730076988573
"1308",0.240074813911244,0.22239874953466,0.017676064376584,0.017676064376584
"130814",-0.0667911074672979,-0.0714473635722225,0.00465625610492461,0.00465625610492461
"131118",0.0372939862431915,0.0515141577535281,-0.0142201715103366,0.0142201715103366
"1312",0.0660731341775683,0.0679481627020615,-0.0018750285244932,0.0018750285244932
"1314",-0.0283000387671585,-0.0261281398472211,-0.0021718989199374,0.0021718989199374
"131408",-0.162434793721204,-0.136313868152,-0.026120925569204,0.026120925569204
"131474",-0.111157906479551,-0.0779173611648194,-0.0332405453147316,0.0332405453147316
"1315",-0.117763450166031,-0.108468737154,-0.009294713012031,0.009294713012031
"131583",-0.304024554748343,-0.294336412088926,-0.00968814265941698,0.00968814265941698
"1316",0.126057325272573,0.165484101572424,-0.039426776299851,0.039426776299851
"131616",0.213873727162469,0.20428616646254,0.009587560699929,0.009587560699929
"1317",-0.417425219490275,-0.391361254979493,-0.026063964510782,0.026063964510782
"1318",0.309562130543922,0.325582875531565,-0.016020744987643,0.016020744987643
"131870",0.126509513859593,0.12778537176394,-0.00127585790434701,0.00127585790434701
"131965",-0.453133385328147,-0.389262116656637,-0.06387126867151,0.06387126867151
"132",-0.44864009304863,-0.437838886677268,-0.010801206371362,0.010801206371362
"132001",-0.229085271345509,-0.184271937944302,-0.044813333401207,0.044813333401207
"132158",-0.0991039902584727,-0.0890928664393778,-0.0100111238190949,0.0100111238190949
"132160",0.777597194628007,0.710786872573535,0.066810322054472,0.066810322054472
"132299",0.348738358924302,0.292966134230498,0.055772224693804,0.055772224693804
"132320",-0.0581248153899983,-0.0658970721385618,0.0077722567485635,0.0077722567485635
"132321",-0.0705497994786299,-0.0530207300404679,-0.017529069438162,0.017529069438162
"132332",0.126207796835778,0.172311962311623,-0.046104165475845,0.046104165475845
"1326",0.0262697482891011,0.0549780144623246,-0.0287082661732235,0.0287082661732235
"1327",0.0461492893703895,0.0378053662899992,0.0083439230803903,0.0083439230803903
"1329",-0.0324411397224533,-0.0455346651507604,0.0130935254283071,0.0130935254283071
"132949",-0.0946083668453174,-0.107618642319736,0.0130102754744186,0.0130102754744186
"132989",-0.370662842107921,-0.319006532325741,-0.05165630978218,0.05165630978218
"133",0.240983773316783,0.242356374947341,-0.001372601630558,0.001372601630558
"133383",-0.421770398076211,-0.356756949712571,-0.06501344836364,0.06501344836364
"133584",0.648473177036858,0.667021885446838,-0.01854870840998,0.01854870840998
"133619",-0.0148056250727609,-0.0344384051168437,0.0196327800440828,0.0196327800440828
"133686",0.291010607367097,0.303737469689407,-0.01272686232231,0.01272686232231
"133746",-0.200210601029425,-0.222095051901005,0.02188445087158,0.02188445087158
"133957",-0.0722104920785474,-0.0555034984593877,-0.0167069936191597,0.0167069936191597
"134",0.28448627394611,0.242714213294276,0.041772060651834,0.041772060651834
"1340",-0.0916092666887227,-0.102047486663604,0.0104382199748813,0.0104382199748813
"134145",-0.0129495769628282,-0.00721506285999122,-0.00573451410283698,0.00573451410283698
"134147",-0.0660360549696564,-0.0931434272358907,0.0271073722662343,0.0271073722662343
"134218",0.218688548725854,0.192786733920324,0.02590181480553,0.02590181480553
"134265",0.0523550863699069,0.0787595468308585,-0.0264044604609516,0.0264044604609516
"134266",0.080075005566462,0.102070828448871,-0.021995822882409,0.021995822882409
"134429",0.645084262580048,0.627299910572804,0.017784352007244,0.017784352007244
"134430",0.0365286939647706,0.0336463582588736,0.002882335705897,0.002882335705897
"134492",0.172748089796271,0.17847807828142,-0.00572998848514902,0.00572998848514902
"1345",-0.0286788491883628,-0.0262913964004358,-0.002387452787927,0.002387452787927
"134510",0.246256022650944,0.256420544794857,-0.010164522143913,0.010164522143913
"134553",0.174401373910319,0.162279513902974,0.012121860007345,0.012121860007345
"1346",0.650338163736773,0.609339902646945,0.040998261089828,0.040998261089828
"1347",0.0396303003688666,0.027079219206808,0.0125510811620586,0.0125510811620586
"1349",-0.0010007469856796,0.00648068637326161,-0.00748143335894121,0.00748143335894121
"134957",-0.356202276763156,-0.336979137495833,-0.019223139267323,0.019223139267323
"1350",-0.0864750956928061,-0.0875193497400595,0.00104425404725339,0.00104425404725339
"1351",-0.030848753675487,-0.0502773140862336,0.0194285604107466,0.0194285604107466
"135114",0.00833762165131776,0.0520641088376612,-0.0437264871863434,0.0437264871863434
"135154",0.28143610992547,0.286252193127035,-0.00481608320156496,0.00481608320156496
"1352",-0.162687073632447,-0.147731295208533,-0.014955778423914,0.014955778423914
"1355",0.0119758569837104,0.0169302629081915,-0.0049544059244811,0.0049544059244811
"135932",0.660561369347126,0.640083349740957,0.0204780196061689,0.0204780196061689
"136",0.235295604557788,0.265868713677738,-0.03057310911995,0.03057310911995
"136051",0.0992099582530595,0.0704798293173398,0.0287301289357197,0.0287301289357197
"1362",-0.017956503648354,-0.0083859932399322,-0.0095705104084218,0.0095705104084218
"1366",-0.76880320740429,-0.758638269099377,-0.0101649383049129,0.0101649383049129
"136647",0.29666145385128,0.272299647818409,0.024361806032871,0.024361806032871
"1368",-0.272814954559572,-0.22806768494395,-0.044747269615622,0.044747269615622
"137075",0.536639301727719,0.490884673909768,0.045754627817951,0.045754627817951
"1371",-0.0239614814106416,-0.0160955938254014,-0.0078658875852402,0.0078658875852402
"1373",0.487483102758123,0.457914822683059,0.029568280075064,0.029568280075064
"137392",0.156261009332867,0.172135060716052,-0.015874051383185,0.015874051383185
"1374",-0.156530161877753,-0.133814954966291,-0.022715206911462,0.022715206911462
"137492",0.174080332943058,0.176857397790414,-0.00277706484735601,0.00277706484735601
"1376",0.088882617253989,0.0854371681803025,0.00344544907368649,0.00344544907368649
"137682",-0.075058024960212,-0.0624964629050573,-0.0125615620551547,0.0125615620551547
"137872",0.597942641890399,0.58810709098381,0.00983555090658905,0.00983555090658905
"137964",-0.172785023237877,-0.174411993304345,0.001626970066468,0.001626970066468
"1381",0.614800767119787,0.602897211020071,0.0119035560997161,0.0119035560997161
"138151",0.330529094865116,0.301636792927844,0.028892301937272,0.028892301937272
"138162",-0.788624325986043,-0.798498289401147,0.00987396341510394,0.00987396341510394
"1382",0.185560445390352,0.174014835372518,0.011545610017834,0.011545610017834
"1384",-0.126988811282412,-0.116013352280617,-0.010975459001795,0.010975459001795
"138428",0.0656396237693775,0.0445689432824181,0.0210706804869594,0.0210706804869594
"138429",-0.122180366152183,-0.122097712869495,-8.2653282688e-05,8.2653282688e-05
"138474",-0.211457599556593,-0.210733179172449,-0.000724420384143998,0.000724420384143998
"1385",0.0974422454229986,0.120537422789101,-0.0230951773661024,0.0230951773661024
"1386",-0.127887441988715,-0.103752258671357,-0.024135183317358,0.024135183317358
"1387",-0.0419982486690509,-0.0421688927085998,0.000170644039548903,0.000170644039548903
"138716",-0.0774362191818777,-0.0616467016745898,-0.0157895175072879,0.0157895175072879
"1388",-0.118715757467875,-0.105294143918589,-0.013421613549286,0.013421613549286
"1389",0.336187785967859,0.338847227924158,-0.00265944195629902,0.00265944195629902
"1390",0.126402937754969,0.199680006698136,-0.073277068943167,0.073277068943167
"1392",-1.2498746400588,-1.11500706385355,-0.13486757620525,0.13486757620525
"139221",0.0419514812146,0.0312067581318034,0.0107447230827966,0.0107447230827966
"139322",-0.511471128630144,-0.44438353545657,-0.067087593173574,0.067087593173574
"139341",-0.0420491550556033,-0.0369618679354874,-0.0050872871201159,0.0050872871201159
"1396",1.29873060687903,1.20279787675933,0.0959327301197002,0.0959327301197002
"1397",0.826686525573201,0.837280320983825,-0.010593795410624,0.010593795410624
"1398",0.123325911701877,0.143282877895173,-0.019956966193296,0.019956966193296
"139818",0.920449106116846,0.874285649184509,0.046163456932337,0.046163456932337
"14",0.102377705245127,0.103346471689699,-0.000968766444572,0.000968766444572
"1404",0.337790608573268,0.330758383518564,0.00703222505470397,0.00703222505470397
"140459",0.313556133346882,0.273702531398228,0.039853601948654,0.039853601948654
"140460",-0.16333681917571,-0.139463091113309,-0.023873728062401,0.023873728062401
"140461",0.28860662374282,0.265515888285077,0.023090735457743,0.023090735457743
"140465",0.192086547619478,0.15811962157582,0.033966926043658,0.033966926043658
"140467",0.257295940839479,0.224540776989444,0.032755163850035,0.032755163850035
"140576",0.393518106362764,0.377710222460641,0.015807883902123,0.015807883902123
"140578",-0.0415222814455067,-0.0691859128852803,0.0276636314397736,0.0276636314397736
"140606",0.0115004605182746,0.00831331607889433,0.00318714443938027,0.00318714443938027
"140609",-0.0483804308679931,-0.00778680682368731,-0.0405936240443058,0.0405936240443058
"1407",-0.0197903637978727,-0.0173625465544848,-0.0024278172433879,0.0024278172433879
"140700",-0.0429373937238644,-0.0537641324114904,0.010826738687626,0.010826738687626
"140707",-0.198044430119446,-0.21808326682967,0.020038836710224,0.020038836710224
"140735",-0.0239319372636921,-0.030252813912336,0.0063208766486439,0.0063208766486439
"140739",0.0721713305826216,0.0906706490665569,-0.0184993184839353,0.0184993184839353
"1408",-0.264191696418664,-0.252100880785138,-0.012090815633526,0.012090815633526
"140809",-0.173133652729285,-0.147197757476346,-0.025935895252939,0.025935895252939
"140823",-0.0281738336892753,-0.0256056534002321,-0.0025681802890432,0.0025681802890432
"140831",-0.00648424627182609,-0.0297804672905689,0.0232962210187428,0.0232962210187428
"140890",0.0390543638093809,0.0343353311631599,0.004719032646221,0.004719032646221
"140893",-0.291100659413745,-0.265199760716449,-0.025900898697296,0.025900898697296
"1410",0.22496670712173,0.204929951680243,0.020036755441487,0.020036755441487
"142",0.0259441867026379,0.0313238376471612,-0.0053796509445233,0.0053796509445233
"142678",-0.172102287393135,-0.168207401672244,-0.003894885720891,0.003894885720891
"142891",-0.386783399195689,-0.336029749872345,-0.050753649323344,0.050753649323344
"1429",-0.0981081341225023,-0.104934664230703,0.0068265301082007,0.0068265301082007
"142940",-0.149964412390672,-0.103227882373865,-0.046736530016807,0.046736530016807
"143098",-0.201491953846518,-0.153835650583967,-0.047656303262551,0.047656303262551
"1432",-0.127489515799862,-0.0722281747484073,-0.0552613410514547,0.0552613410514547
"143384",-0.351101892403938,-0.295035635125874,-0.056066257278064,0.056066257278064
"1434",-0.231685156670756,-0.214703689588969,-0.016981467081787,0.016981467081787
"1436",0.701208087076352,0.729702529657243,-0.0284944425808911,0.0284944425808911
"143662",-0.682278990832114,-0.618453305320875,-0.063825685511239,0.063825685511239
"143684",0.197108362072642,0.212442973946459,-0.015334611873817,0.015334611873817
"1438",0.12959381555483,0.133334096641513,-0.00374028108668301,0.00374028108668301
"143884",0.0206768278978725,0.0262049702099374,-0.0055281423120649,0.0055281423120649
"143888",-0.137557024473282,-0.143262776073375,0.00570575160009301,0.00570575160009301
"1439",-0.245533876244746,-0.195128756980284,-0.050405119264462,0.050405119264462
"143903",0.560348248289769,0.563800367009233,-0.00345211871946394,0.00345211871946394
"144097",0.201526807643212,0.185960967664173,0.015565839979039,0.015565839979039
"1441",-0.1230592366272,-0.119542013399697,-0.003517223227503,0.003517223227503
"144100",0.0858875936207052,0.0594911476748733,0.0263964459458319,0.0263964459458319
"144108",-0.319634525188763,-0.285080643427888,-0.034553881760875,0.034553881760875
"144233",0.0260646014353746,0.0322112944326644,-0.0061466929972898,0.0061466929972898
"144402",0.188037324628134,0.18571386517899,0.002323459449144,0.002323459449144
"1452",-0.00763312400804445,0.00415539267315342,-0.0117885166811979,0.0117885166811979
"1453",-0.20041107777154,-0.180800041681079,-0.019611036090461,0.019611036090461
"145389",0.797085477609279,0.784315809365669,0.0127696682436099,0.0127696682436099
"145407",0.460921307156692,0.366719463486437,0.094201843670255,0.094201843670255
"145482",0.106198659987274,0.087204248347788,0.018994411639486,0.018994411639486
"1455",0.00201116391111441,0.00105986700557661,0.0009512969055378,0.0009512969055378
"145501",0.11927886316026,0.133052938673243,-0.013774075512983,0.013774075512983
"145508",-0.257828305729132,-0.231566235015165,-0.026262070713967,0.026262070713967
"1456",0.166631452539854,0.169289830141403,-0.00265837760154899,0.00265837760154899
"1457",-0.148454574089755,-0.11966618874711,-0.028788385342645,0.028788385342645
"145748",0.127487425907564,0.100580297345984,0.02690712856158,0.02690712856158
"1459",-0.353481720566458,-0.336295506302522,-0.017186214263936,0.017186214263936
"1460",0.0615500936910852,0.0672835123762082,-0.00573341868512299,0.00573341868512299
"146059",0.0157704518157285,0.00229848317688361,0.0134719686388449,0.0134719686388449
"1462",0.525590626563233,0.490481889441454,0.035108737121779,0.035108737121779
"146223",-0.41019789443514,-0.433209116666729,0.023011222231589,0.023011222231589
"1465",-0.0927540711153286,-0.12153627988283,0.0287822087675014,0.0287822087675014
"146542",0.0186855463336517,0.00968475419380727,0.00900079213984443,0.00900079213984443
"1466",0.271964060033041,0.251561056514038,0.020403003519003,0.020403003519003
"1468",-0.177243019304694,-0.151265140383199,-0.025977878921495,0.025977878921495
"146923",0.0915218477941884,0.0741015629469512,0.0174202848472372,0.0174202848472372
"146956",-0.192263641971688,-0.182688180715355,-0.00957546125633299,0.00957546125633299
"147007",0.0600002008219984,0.0752603729673066,-0.0152601721453082,0.0152601721453082
"147015",-0.52832636244622,-0.550936567038843,0.022610204592623,0.022610204592623
"1471",0.369386658569073,0.326424831326221,0.042961827242852,0.042961827242852
"147111",-0.21595405537085,-0.190497842694299,-0.025456212676551,0.025456212676551
"147339",0.0510736790647917,0.0592590505165826,-0.0081853714517909,0.0081853714517909
"1474",0.124469843039271,0.0948062434194761,0.0296635996197949,0.0296635996197949
"147495",0.592412733672186,0.557330497006714,0.0350822366654721,0.0350822366654721
"1475",0.523108179536499,0.460374768588434,0.062733410948065,0.062733410948065
"1476",-0.410047611713309,-0.41762537031203,0.00757775859872101,0.00757775859872101
"147657",-0.515748743808839,-0.46540113244581,-0.050347611363029,0.050347611363029
"147686",0.0130941221346884,0.0304440529282404,-0.017349930793552,0.017349930793552
"147798",-0.501211484629532,-0.541513157546174,0.040301672916642,0.040301672916642
"1478",-0.13632808737376,-0.104801072677324,-0.031527014696436,0.031527014696436
"147807",0.0109201048315043,-0.0111690379719026,0.0220891428034069,0.0220891428034069
"147808",0.124477503320018,0.122179364550749,0.002298138769269,0.002298138769269
"1479",-0.229894486835818,-0.204498098328977,-0.025396388506841,0.025396388506841
"147906",0.0558654342140625,0.0441623582251222,0.0117030759889403,0.0117030759889403
"147912",-0.0711905483411165,-0.0787321567239362,0.0075416083828197,0.0075416083828197
"147923",0.184298768090005,0.202108772427943,-0.017810004337938,0.017810004337938
"147929",-0.0531514003655888,-0.032379316743623,-0.0207720836219658,0.0207720836219658
"147968",-0.133890584410988,-0.119200483963317,-0.014690100447671,0.014690100447671
"147991",-0.275632653651463,-0.250009368869147,-0.025623284782316,0.025623284782316
"148022",0.0652477705623846,0.0648761660316914,0.000371604530693195,0.000371604530693195
"148170",0.283227997201002,0.262758869031486,0.020469128169516,0.020469128169516
"148213",-0.366070078418357,-0.303329770678163,-0.062740307740194,0.062740307740194
"148223",0.353281306066168,0.322988411223527,0.030292894842641,0.030292894842641
"148254",0.109712440451909,0.123196419891774,-0.013483979439865,0.013483979439865
"148304",-0.149336473408906,-0.159661832390668,0.010325358981762,0.010325358981762
"148362",-0.232586760711726,-0.18695214316953,-0.045634617542196,0.045634617542196
"148423",0.107663066407249,0.109383526598454,-0.001720460191205,0.001720460191205
"148479",-0.0890535829299561,-0.094795884825607,0.00574230189565089,0.00574230189565089
"148534",0.0206646045919697,0.000871427713585671,0.019793176878384,0.019793176878384
"1486",0.145217115298813,0.172813166108047,-0.027596050809234,0.027596050809234
"1487",0.0528229908822066,0.0318631334878248,0.0209598573943818,0.0209598573943818
"148741",-0.0747391663730712,-0.0906766067060605,0.0159374403329893,0.0159374403329893
"148789",-0.150781762691478,-0.13033829152818,-0.020443471163298,0.020443471163298
"1488",-0.11583786845619,-0.124114797631421,0.008276929175231,0.008276929175231
"148867",0.0612316177857155,0.0543275186990624,0.0069040990866531,0.0069040990866531
"148932",0.769875887448109,0.754867632628401,0.015008254819708,0.015008254819708
"149076",0.306099619264058,0.287384383374643,0.018715235889415,0.018715235889415
"149371",0.316114693635866,0.339817782413011,-0.0237030887771451,0.0237030887771451
"149473",0.112919784111105,0.0839994539887417,0.0289203301223633,0.0289203301223633
"1495",0.0411806361994137,0.0552403272872648,-0.0140596910878511,0.0140596910878511
"1497",-0.170969634846077,-0.151227427514355,-0.019742207331722,0.019742207331722
"1499",0.111051852652648,0.120315114418045,-0.009263261765397,0.009263261765397
"149951",0.0235600687456361,0.0252678872405784,-0.0017078184949423,0.0017078184949423
"150274",0.0925640215199014,0.0952732996972545,-0.0027092781773531,0.0027092781773531
"150275",-0.00386900686328998,0.0065484353757531,-0.0104174422390431,0.0104174422390431
"150290",0.523625571533063,0.472839237018889,0.050786334514174,0.050786334514174
"1503",-0.0375008976954002,-0.0416273898631003,0.0041264921677001,0.0041264921677001
"150368",0.254821217577343,0.238995253862105,0.015825963715238,0.015825963715238
"150383",-0.119750196128857,-0.108817488207861,-0.010932707920996,0.010932707920996
"150468",-0.270000765325558,-0.28327743650353,0.013276671177972,0.013276671177972
"150684",-0.0269365073046498,-0.0148779840898795,-0.0120585232147703,0.0120585232147703
"150737",0.31214324176758,0.289004089899492,0.023139151868088,0.023139151868088
"1508",0.0789295790864543,0.0738814893228961,0.00504808976355821,0.00504808976355821
"150864",0.352626031386502,0.349155123055525,0.00347090833097702,0.00347090833097702
"1509",0.105288835440165,0.116122939262986,-0.010834103822821,0.010834103822821
"151011",0.222043977677986,0.243073184480956,-0.02102920680297,0.02102920680297
"151050",0.0541088481840934,0.0297595898464017,0.0243492583376917,0.0243492583376917
"151188",0.0151517000599579,0.0235297654513676,-0.0083780653914097,0.0083780653914097
"151194",-0.10723384831154,-0.0690360805940661,-0.0381977677174739,0.0381977677174739
"151195",-0.182216026221193,-0.131891881787821,-0.050324144433372,0.050324144433372
"1512",-0.304585160122863,-0.3228878263548,0.018302666231937,0.018302666231937
"1513",0.77007416855174,0.761583873931677,0.00849029462006301,0.00849029462006301
"1514",0.313050941732327,0.322844052541881,-0.00979311080955397,0.00979311080955397
"1515",-0.379194968103688,-0.358869769596228,-0.02032519850746,0.02032519850746
"151525",0.0540909145951976,0.0568065039910754,-0.00271558939587779,0.00271558939587779
"151636",0.280661374521631,0.27589877169583,0.00476260282580099,0.00476260282580099
"151648",-0.525942160077101,-0.478591817301968,-0.0473503427751331,0.0473503427751331
"1519",0.566865642271824,0.566610826917481,0.000254815354343019,0.000254815354343019
"151903",0.0302303588969698,0.0176516611738081,0.0125786977231617,0.0125786977231617
"151963",0.0442160377643136,0.0471479343036268,-0.0029318965393132,0.0029318965393132
"151987",0.00392427084122777,0.0543224374772493,-0.0503981666360215,0.0503981666360215
"1520",1.09479574570227,1.09583480216431,-0.00103905646204017,0.00103905646204017
"152002",0.133863907918764,0.134600300900148,-0.000736392981383976,0.000736392981383976
"152006",0.0626895893105947,0.0718631493531612,-0.00917356004256649,0.00917356004256649
"152007",0.354743072574441,0.339046256064449,0.015696816509992,0.015696816509992
"152100",0.0935426388027463,0.090743135452206,0.0027995033505403,0.0027995033505403
"152137",0.386716349699305,0.403273906507159,-0.016557556807854,0.016557556807854
"152189",-0.0610265180965574,-0.0439926357393955,-0.0170338823571619,0.0170338823571619
"1522",0.974697940769169,0.948301432356503,0.0263965084126661,0.0263965084126661
"152273",0.833543748547136,0.81585247392083,0.0176912746263059,0.0176912746263059
"1523",0.309815364113238,0.281644372797035,0.028170991316203,0.028170991316203
"152503",0.255827834131189,0.24292362313241,0.012904210998779,0.012904210998779
"152518",-0.285232893634182,-0.266273589650475,-0.018959303983707,0.018959303983707
"152579",0.0857485907906797,0.0651073512094953,0.0206412395811844,0.0206412395811844
"1528",-0.265095152525941,-0.220188358641436,-0.044906793884505,0.044906793884505
"152815",-0.134245605457265,-0.113890736716979,-0.020354868740286,0.020354868740286
"152816",-0.841092662218574,-0.807334492284252,-0.033758169934322,0.033758169934322
"152926",-0.12480981931283,-0.0852228133908016,-0.0395870059220284,0.0395870059220284
"152992",-0.0520953920526069,-0.0337288625831568,-0.0183665294694501,0.0183665294694501
"153",0.617459011031821,0.643301459009455,-0.025842447977634,0.025842447977634
"153090",0.283589648357592,0.259271307617044,0.024318340740548,0.024318340740548
"153129",0.094958119093966,0.0964470647461709,-0.00148894565220491,0.00148894565220491
"153222",0.308479277564833,0.323425585038267,-0.014946307473434,0.014946307473434
"153339",-0.216319261456746,-0.181534247959516,-0.03478501349723,0.03478501349723
"153396",-0.152537794697328,-0.118728213218916,-0.033809581478412,0.033809581478412
"1535",0.240273575278171,0.222479106004726,0.017794469273445,0.017794469273445
"153527",-0.0832248986743887,-0.0797790627546307,-0.003445835919758,0.003445835919758
"153572",-0.386496781457428,-0.385269618657087,-0.00122716280034102,0.00122716280034102
"1536",1.52336367063601,1.55437687031623,-0.0310131996802199,0.0310131996802199
"1537",-0.086269180047706,-0.0746754730929714,-0.0115937069547346,0.0115937069547346
"153830",0.392028160717455,0.402617371544211,-0.010589210826756,0.010589210826756
"1540",0.152791167547548,0.167304188539228,-0.01451302099168,0.01451302099168
"154007",0.12362849216628,0.115568072938037,0.00806041922824299,0.00806041922824299
"154043",0.329198115493316,0.289435044915234,0.039763070578082,0.039763070578082
"154214",0.108954744769922,0.0771722682128376,0.0317824765570844,0.0317824765570844
"1545",0.402484902270659,0.369839162630418,0.032645739640241,0.032645739640241
"154796",0.21802399320487,0.200399306673694,0.017624686531176,0.017624686531176
"154807",-0.151382567846727,-0.131899451513732,-0.019483116332995,0.019483116332995
"155054",-0.123024299967259,-0.135842922954005,0.012818622986746,0.012818622986746
"155061",0.1055217239522,0.0956579678375594,0.0098637561146406,0.0098637561146406
"155066",-0.109932553918019,-0.0964754702572232,-0.0134570836607958,0.0134570836607958
"156",0.279857669112708,0.268841759444637,0.011015909668071,0.011015909668071
"1573",-0.180881515142527,-0.18827450673811,0.00739299159558299,0.00739299159558299
"157506",0.42916650733037,0.410107180236361,0.019059327094009,0.019059327094009
"157567",0.195317177495268,0.200800010785038,-0.00548283328977001,0.00548283328977001
"157638",0.257844842650254,0.232707098046318,0.025137744603936,0.025137744603936
"157697",-0.186592473589688,-0.183827485338277,-0.002764988251411,0.002764988251411
"157769",-0.194571096510958,-0.161558040279753,-0.033013056231205,0.033013056231205
"157922",0.0295261020673214,0.015549819468396,0.0139762825989254,0.0139762825989254
"158",0.0111688648371877,0.00365165560416928,0.00751720923301842,0.00751720923301842
"158056",-0.0605669283896675,-0.0536894832212668,-0.0068774451684007,0.0068774451684007
"158234",0.0303180122174556,0.042982539606764,-0.0126645273893084,0.0126645273893084
"158293",-0.196042494762513,-0.182650215038296,-0.013392279724217,0.013392279724217
"1583",-0.275192732411167,-0.293482059607039,0.018289327195872,0.018289327195872
"158747",-0.111146180375041,-0.0786295995915904,-0.0325165807834506,0.0325165807834506
"1588",0.0924471649970528,0.0853678236332985,0.00707934136375429,0.00707934136375429
"159",-0.11727431800774,-0.12628123653718,0.00900691852944001,0.00900691852944001
"159013",-0.106780289015799,-0.107260890286534,0.000480601270735001,0.000480601270735001
"159090",0.154586123014935,0.139240941157072,0.015345181857863,0.015345181857863
"1592",-1.32855799633494,-1.16712717397062,-0.16143082236432,0.16143082236432
"1595",0.104974651071372,0.0799366683663374,0.0250379827050346,0.0250379827050346
"16",-0.245227157555921,-0.250978489859403,0.00575133230348202,0.00575133230348202
"160",-0.184928648412857,-0.164826788226079,-0.020101860186778,0.020101860186778
"1601",0.14301282175187,0.167914970899502,-0.024902149147632,0.024902149147632
"1603",-0.273757879401252,-0.264254578642812,-0.00950330075844003,0.00950330075844003
"1604",-0.106040336707066,-0.112676353603347,0.006636016896281,0.006636016896281
"160418",-0.0215184547243941,-0.0195001003909209,-0.0020183543334732,0.0020183543334732
"1605",-0.00112493282449878,-0.00432613777074554,0.00320120494624676,0.00320120494624676
"1606",-0.0899696448675516,-0.0778239772056459,-0.0121456676619057,0.0121456676619057
"160622",0.121306304002814,0.140233971288154,-0.01892766728534,0.01892766728534
"160760",-0.05184815293381,-0.0188747489025085,-0.0329734040313015,0.0329734040313015
"160897",-0.204785791732922,-0.187329134086173,-0.017456657646749,0.017456657646749
"1611",-0.110397084163625,-0.102237189807199,-0.008159894356426,0.008159894356426
"161198",0.430239953191993,0.420564361185993,0.00967559200599999,0.00967559200599999
"1612",0.0390925478086196,0.0736762016417047,-0.0345836538330851,0.0345836538330851
"1613",0.446470908762682,0.41431866887043,0.032152239892252,0.032152239892252
"1615",-0.184034196159553,-0.194307627086956,0.010273430927403,0.010273430927403
"1616",-0.120924330019834,-0.118904751024957,-0.00201957899487701,0.00201957899487701
"161882",-0.0637305646362227,-0.0907338108181324,0.0270032461819097,0.0270032461819097
"162",0.121290612337526,0.133810076721495,-0.012519464383969,0.012519464383969
"1622",0.224096338724791,0.204399672028903,0.019696666695888,0.019696666695888
"162282",0.248831719785137,0.207210729363932,0.041620990421205,0.041620990421205
"1627",0.00947755840439693,-0.0283991631943133,0.0378767215987102,0.0378767215987102
"1629",-0.12460443236876,-0.11079712175909,-0.01380731060967,0.01380731060967
"162963",0.0524203133942776,0.060955167870166,-0.0085348544758884,0.0085348544758884
"162966",0.115680018979531,0.095767438847335,0.019912580132196,0.019912580132196
"162967",-0.0919372052231041,-0.107065841516709,0.0151286362936049,0.0151286362936049
"162989",-0.190608573447485,-0.170466612325218,-0.020141961122267,0.020141961122267
"163",-0.143482435789593,-0.126127295690064,-0.017355140099529,0.017355140099529
"163033",0.210744995301047,0.173543669135635,0.037201326165412,0.037201326165412
"163049",-0.0441138012297178,-0.0507466441651064,0.0066328429353886,0.0066328429353886
"163050",-0.0950020711984415,-0.087252013754292,-0.00775005744414951,0.00775005744414951
"163071",-1.01615681696815,-0.94338673066746,-0.07277008630069,0.07277008630069
"163081",-0.200618280742764,-0.175302301059734,-0.02531597968303,0.02531597968303
"163087",-0.261850864131185,-0.244167344678847,-0.017683519452338,0.017683519452338
"163126",0.382277732661961,0.391437965910641,-0.00916023324867998,0.00916023324867998
"1632",-0.0968346691313517,-0.0996339765297116,0.00279930739835989,0.00279930739835989
"1633",0.37660115939795,0.389925192150197,-0.013324032752247,0.013324032752247
"1634",0.535916660759876,0.514109358798455,0.021807301961421,0.021807301961421
"1635",0.430231391754214,0.421365091056529,0.00886630069768501,0.00886630069768501
"163590",-0.489302047957969,-0.446564207324484,-0.042737840633485,0.042737840633485
"163732",1.27421763479849,1.17060171839814,0.10361591640035,0.10361591640035
"163782",-0.0450595770552183,-0.0414425002464399,-0.0036170768087784,0.0036170768087784
"163882",-0.38442178609165,-0.334266339091443,-0.050155447000207,0.050155447000207
"1639",0.0757539121437302,0.0568142456456983,0.0189396664980319,0.0189396664980319
"164",-0.0857584143596221,-0.0883830681761562,0.00262465381653409,0.00262465381653409
"164091",-0.267794623748465,-0.247654997250014,-0.020139626498451,0.020139626498451
"1642",-0.00642831554803152,-0.0123607569220125,0.00593244137398098,0.00593244137398098
"1647",-0.297237167702865,-0.301134498021375,0.00389733031850997,0.00389733031850997
"1649",-0.109975691450261,-0.0531158878484351,-0.0568598036018259,0.0568598036018259
"165",0.993844050754086,0.949807026842721,0.044037023911365,0.044037023911365
"1650",-0.323591702112881,-0.297771506352589,-0.025820195760292,0.025820195760292
"1652",-0.407285684697125,-0.410351299942358,0.00306561524523302,0.00306561524523302
"165215",-0.123358917286086,-0.100820554949676,-0.02253836233641,0.02253836233641
"1653",-0.0011380241322602,-0.0101835241660299,0.0090455000337697,0.0090455000337697
"165324",-0.150906544528177,-0.142981525556944,-0.00792501897123302,0.00792501897123302
"1654",0.0225518520134514,0.0272195752079746,-0.0046677231945232,0.0046677231945232
"1655",-0.109297437170097,-0.10462376998759,-0.004673667182507,0.004673667182507
"1659",-0.149684198192634,-0.134908438804433,-0.014775759388201,0.014775759388201
"166",0.0680437481341014,0.0577025834267479,0.0103411647073535,0.0103411647073535
"1660",-0.0797547860206439,-0.0415465118056486,-0.0382082742149953,0.0382082742149953
"1662",-0.170649500345037,-0.172136858966814,0.00148735862177699,0.00148735862177699
"1663",-0.188045979772108,-0.196251280216546,0.00820530044443801,0.00820530044443801
"166379",0.179590903074164,0.156537184445317,0.023053718628847,0.023053718628847
"1665",0.0867100378878425,0.0953179816828614,-0.0086079437950189,0.0086079437950189
"1666",0.141270563896063,0.134323650082445,0.00694691381361798,0.00694691381361798
"166785",-0.115982409179988,-0.102298830448142,-0.013683578731846,0.013683578731846
"166815",-0.116062078011792,-0.110435725926322,-0.00562635208546999,0.00562635208546999
"166824",-0.00442057866645683,0.00427248554044265,-0.00869306420689948,0.00869306420689948
"166929",0.0200235912890654,0.0400853426566196,-0.0200617513675542,0.0200617513675542
"167153",0.169134143962909,0.174258403274659,-0.00512425931175001,0.00512425931175001
"1672",-1.09463557744799,-1.09926402082441,0.0046284433764201,0.0046284433764201
"167227",-0.223317821764122,-0.214815539389644,-0.00850228237447798,0.00850228237447798
"167359",-0.293944596198749,-0.255642956422007,-0.038301639776742,0.038301639776742
"1674",0.416645375013055,0.385498135877767,0.031147239135288,0.031147239135288
"167410",-0.11936512478716,-0.0874881141611108,-0.0318770106260492,0.0318770106260492
"1675",1.3328571424893,1.29069691403047,0.0421602284588301,0.0421602284588301
"1676",0.0218322169694187,0.0215957151581175,0.0002365018113012,0.0002365018113012
"1677",-0.177457473336755,-0.181817334063655,0.00435986072690001,0.00435986072690001
"1678",-0.24640213332792,-0.229840906454886,-0.016561226873034,0.016561226873034
"168374",-0.110878297823587,-0.0975052591690133,-0.0133730386545737,0.0133730386545737
"168537",1.13155629333461,1.12600578525863,0.0055505080759799,0.0055505080759799
"168544",0.353106220748734,0.297397419148691,0.055708801600043,0.055708801600043
"1687",-0.0517651767948308,-0.0602560690729575,0.0084908922781267,0.0084908922781267
"168850",0.00496953357521106,0.00171994444834476,0.0032495891268663,0.0032495891268663
"169792",-0.203480809809695,-0.258184903100017,0.054704093290322,0.054704093290322
"170384",-0.361321110408969,-0.315612202146513,-0.045708908262456,0.045708908262456
"170394",-0.34561144614514,-0.329511154189858,-0.016100291955282,0.016100291955282
"170463",0.429923856860746,0.394812592894798,0.035111263965948,0.035111263965948
"170506",-0.148896906717864,-0.139185776805307,-0.00971112991255701,0.00971112991255701
"170622",-0.0247594205174397,-0.0389108013484073,0.0141513808309676,0.0141513808309676
"170626",-0.00147034705958065,-0.00691697024964854,0.00544662319006789,0.00544662319006789
"170959",-0.10001386737477,-0.0914074680602757,-0.00860639931449429,0.00860639931449429
"171017",-0.108913807974928,-0.113401148570705,0.004487340595777,0.004487340595777
"171019",0.61983271907346,0.569181190897121,0.050651528176339,0.050651528176339
"171023",0.189442231973532,0.175524755660975,0.013917476312557,0.013917476312557
"171177",-0.0277362541595068,-0.0123727048327607,-0.0153635493267461,0.0153635493267461
"171546",-0.0453852374961378,-0.0436260417846418,-0.001759195711496,0.001759195711496
"171558",0.325104778125415,0.295073858453792,0.030030919671623,0.030030919671623
"171568",-0.00240676073484931,-0.019921071689412,0.0175143109545627,0.0175143109545627
"171586",-0.289752997556036,-0.242524539305429,-0.047228458250607,0.047228458250607
"1716",-0.0625165940380555,-0.0630562783065165,0.000539684268461002,0.000539684268461002
"1717",-0.194980493941097,-0.168611450481771,-0.026369043459326,0.026369043459326
"1718",0.079696698437808,0.0723469540474412,0.0073497443903668,0.0073497443903668
"1725",-0.208800936892351,-0.190139586250664,-0.018661350641687,0.018661350641687
"1727",0.145962034429314,0.139792092294621,0.00616994213469299,0.00616994213469299
"1729",-0.426663685035363,-0.421592888443512,-0.005070796591851,0.005070796591851
"1730",0.0900502563792556,0.105040631754125,-0.0149903753748694,0.0149903753748694
"1734",-1.27604596437249,-1.23328451211486,-0.0427614522576301,0.0427614522576301
"1735",-0.00689609346654618,0.0153774623283081,-0.0222735557948543,0.0222735557948543
"1736",-0.090283265636799,-0.0771500843386737,-0.0131331812981253,0.0131331812981253
"1737",-0.0247518140152191,-0.012778847004055,-0.0119729670111641,0.0119729670111641
"1738",0.062502219002064,0.066243150538183,-0.003740931536119,0.003740931536119
"1739",-0.132431324703548,-0.0957016525506712,-0.0367296721528768,0.0367296721528768
"1741",0.299266503560563,0.31191662257101,-0.012650119010447,0.012650119010447
"1743",-0.0430882733096985,-0.0324497798036817,-0.0106384935060168,0.0106384935060168
"1747",-0.699055141181317,-0.713592237398912,0.014537096217595,0.014537096217595
"1748",-0.0171033766320413,-0.0218941612115021,0.0047907845794608,0.0047907845794608
"1749",-0.451383091414261,-0.463266178415782,0.011883087001521,0.011883087001521
"175",-0.273347124603892,-0.240344716811191,-0.033002407792701,0.033002407792701
"1756",0.327061309387529,0.303631283648377,0.023430025739152,0.023430025739152
"1774",0.219085976778861,0.228611099863133,-0.009525123084272,0.009525123084272
"1777",0.0231608483730866,0.0235981265703902,-0.0004372781973036,0.0004372781973036
"1778",0.00898142319786063,-0.0165680640331913,0.0255494872310519,0.0255494872310519
"178",0.0135968967931526,-0.00211507978112343,0.015711976574276,0.015711976574276
"1781",-0.0226635509601775,-0.0317072865623136,0.0090437356021361,0.0090437356021361
"1783",-0.0306626280141404,-0.0288782868877318,-0.0017843411264086,0.0017843411264086
"1785",-0.16551436587646,-0.148994844639172,-0.016519521237288,0.016519521237288
"1786",-0.0679096667418149,-0.0797389868609324,0.0118293201191175,0.0118293201191175
"1788",-0.247108971292721,-0.209193747913925,-0.037915223378796,0.037915223378796
"1793",0.139428356408589,0.123643315457599,0.01578504095099,0.01578504095099
"1797",-0.225948761732124,-0.205601475768873,-0.020347285963251,0.020347285963251
"1798",-0.412604909112065,-0.37878619801336,-0.033818711098705,0.033818711098705
"18",0.808161935985305,0.729775530279956,0.0783864057053489,0.0783864057053489
"1802",-0.306582133734687,-0.292549316302539,-0.014032817432148,0.014032817432148
"1803",0.415540576625318,0.407853033200649,0.00768754342466904,0.00768754342466904
"1805",0.721356578520984,0.763009986340096,-0.041653407819112,0.041653407819112
"1806",0.773068803662046,0.705756629606111,0.067312174055935,0.067312174055935
"1808",0.734121222564276,0.707532204666088,0.026589017898188,0.026589017898188
"1809",1.20912691590875,1.1607179531546,0.0484089627541502,0.0484089627541502
"1810",0.0140857804242707,0.0228706851183912,-0.0087849046941205,0.0087849046941205
"1815",-0.32185945500971,-0.298347106148173,-0.023512348861537,0.023512348861537
"1819",-0.0102227363225936,-0.0165252626346956,0.006302526312102,0.006302526312102
"182",0.850820792229231,0.834060025424901,0.01676076680433,0.01676076680433
"1820",-0.25659587329335,-0.265810103285545,0.00921422999219501,0.00921422999219501
"1822",0.161686922143881,0.123264325031163,0.038422597112718,0.038422597112718
"1824",-0.345714263997555,-0.343063943129279,-0.00265032086827599,0.00265032086827599
"1825",-0.363883371366166,-0.363725553445524,-0.000157817920642012,0.000157817920642012
"1827",1.06262149522258,1.08093119356172,-0.01830969833914,0.01830969833914
"1829",-0.208036224898106,-0.21655833767053,0.00852211277242401,0.00852211277242401
"1831",0.705273479885193,0.725541050560044,-0.0202675706748511,0.0202675706748511
"1832",-0.290090001005389,-0.292612013455425,0.00252201245003597,0.00252201245003597
"1836",0.312558537183397,0.273146069465825,0.039412467717572,0.039412467717572
"1843",0.40887971440755,0.432203876141573,-0.023324161734023,0.023324161734023
"1845",0.13411475800016,0.131889607776145,0.00222515022401501,0.00222515022401501
"1847",-0.00774177797033794,0.0027702117549443,-0.0105119897252822,0.0105119897252822
"1848",0.498354537917956,0.460398437824705,0.037956100093251,0.037956100093251
"1850",-0.187503988750895,-0.165668335161863,-0.021835653589032,0.021835653589032
"1852",0.30651781537862,0.28679969927915,0.01971811609947,0.01971811609947
"1854",-0.00321165802129708,-0.00282029004635094,-0.00039136797494614,0.00039136797494614
"1856",-0.00949930832090356,-0.00530784531371893,-0.00419146300718463,0.00419146300718463
"1857",0.00808534830900992,-0.00408762643722978,0.0121729747462397,0.0121729747462397
"1859",0.00297146801868696,-0.00421110663576361,0.00718257465445057,0.00718257465445057
"1861",-0.0126808593908421,0.00769690313818413,-0.0203777625290262,0.0203777625290262
"1869",-0.104759925202943,-0.0985808160937855,-0.0061791091091575,0.0061791091091575
"1871",-0.112638547638822,-0.140441454496156,0.027802906857334,0.027802906857334
"1874",0.0237707439058958,0.016300451291128,0.0074702926147678,0.0074702926147678
"1875",-0.00189456651898297,0.0239464876487055,-0.0258410541676885,0.0258410541676885
"1877",-0.0435421416261329,-0.0365091449269312,-0.0070329966992017,0.0070329966992017
"1880",1.04870436731492,1.08994733799821,-0.0412429706832902,0.0412429706832902
"1890",0.121010568797076,0.114869736126132,0.00614083267094401,0.00614083267094401
"1891",-0.0619350597210525,-0.0725993503067613,0.0106642905857088,0.0106642905857088
"1892",0.251719142029519,0.238564018944628,0.013155123084891,0.013155123084891
"1893",0.963984249463632,0.911890036247879,0.052094213215753,0.052094213215753
"1894",-0.0817128017061315,-0.0682204748594027,-0.0134923268467288,0.0134923268467288
"19",0.423142348800095,0.45750079198993,-0.034358443189835,0.034358443189835
"1901",0.817233143060454,0.83629822689261,-0.019065083832156,0.019065083832156
"191",-0.49986259219799,-0.515159283758677,0.015296691560687,0.015296691560687
"1910",0.465508763236024,0.471332399717553,-0.00582363648152895,0.00582363648152895
"1912",0.384589466816313,0.34863631358701,0.035953153229303,0.035953153229303
"1915",0.0124057939671207,-0.0132526661091581,0.0256584600762788,0.0256584600762788
"192286",-0.0184296377730935,-0.0230733698313304,0.0046437320582369,0.0046437320582369
"192666",-0.872996942302621,-0.796948413868847,-0.0760485284337741,0.0760485284337741
"192669",-0.23171423852052,-0.216152306419671,-0.015561932100849,0.015561932100849
"1936",-0.274165443598875,-0.27730230067912,0.00313685708024497,0.00313685708024497
"1938",-0.135629525613356,-0.160894675988291,0.025265150374935,0.025265150374935
"1939",0.247479302195186,0.233249814344395,0.014229487850791,0.014229487850791
"1942",0.00293949336187579,0.00165732954632918,0.00128216381554661,0.00128216381554661
"1945",-0.298701659774707,-0.292216987815779,-0.00648467195892799,0.00648467195892799
"1947",0.13609445346831,0.135587592952536,0.000506860515774005,0.000506860515774005
"1956",0.220451797453234,0.182748228139844,0.03770356931339,0.03770356931339
"1958",0.912454781599078,0.877209901012195,0.035244880586883,0.035244880586883
"196",0.175888421469822,0.191151488320935,-0.015263066851113,0.015263066851113
"196074",-0.110928206368494,-0.104745985589809,-0.00618222077868501,0.00618222077868501
"196294",-0.19845493746571,-0.172411050075049,-0.026043887390661,0.026043887390661
"196383",0.435778268781063,0.447203745652921,-0.011425476871858,0.011425476871858
"1964",-0.0627691139588973,-0.0424892920311117,-0.0202798219277856,0.0202798219277856
"196403",0.507403674544588,0.455920222787087,0.051483451757501,0.051483451757501
"196441",-0.0720211669236038,-0.0564586498029932,-0.0155625171206106,0.0155625171206106
"1965",0.170441057248207,0.170501476438937,-6.04191907300211e-05,6.04191907300211e-05
"196513",-0.130156258309839,-0.125396688964148,-0.00475956934569102,0.00475956934569102
"1967",-0.0876507080692303,-0.0578477222800232,-0.0298029857892071,0.0298029857892071
"1968",-0.033456321425807,-0.0486387773681083,0.0151824559423013,0.0151824559423013
"196883",1.00481330458276,0.975782498604767,0.0290308059779931,0.0290308059779931
"1969",0.109418769684718,0.103189511685146,0.00622925799957201,0.00622925799957201
"197131",-0.443243757788994,-0.396058539695485,-0.047185218093509,0.047185218093509
"197335",-0.200248814860312,-0.173728740195797,-0.026520074664515,0.026520074664515
"1974",0.0155136567434528,0.0248466547957676,-0.0093329980523148,0.0093329980523148
"1977",0.113785903074915,0.150419091082959,-0.036633188008044,0.036633188008044
"1978",0.0960862941502238,0.118853014334319,-0.0227667201840952,0.0227667201840952
"1979",-0.0264312790344078,-0.0209929440885289,-0.0054383349458789,0.0054383349458789
"1981",-0.114462407830878,-0.124345353566082,0.00988294573520401,0.00988294573520401
"1982",0.0392217468417163,0.0446597230492016,-0.0054379762074853,0.0054379762074853
"1983",-0.306398674001635,-0.275965068833809,-0.030433605167826,0.030433605167826
"1984",0.0393485467444588,0.0617994682699938,-0.022450921525535,0.022450921525535
"1992",-0.0150498892807351,0.00672162412083651,-0.0217715134015716,0.0217715134015716
"199223",0.0813534853722674,0.0599618378727897,0.0213916474994777,0.0213916474994777
"1994",0.139536167725097,0.127009168735495,0.012526998989602,0.012526998989602
"199692",0.069016354371216,0.0705092709982426,-0.00149291662702659,0.00149291662702659
"1997",0.11860917218131,0.119272754153515,-0.000663581972205007,0.000663581972205007
"199704",-0.202371013556608,-0.173767934090356,-0.028603079466252,0.028603079466252
"199777",-0.828746612527784,-0.736010222124277,-0.092736390403507,0.092736390403507
"1998",0.178248868501201,0.178798909730624,-0.000550041229423009,0.000550041229423009
"199857",-0.0727076854803733,-0.070435998901021,-0.00227168657935231,0.00227168657935231
"1999",-0.503590005182554,-0.485840011676778,-0.0177499935057761,0.0177499935057761
"2",1.53534684096036,1.44225235059169,0.0930944903686699,0.0930944903686699
"200081",0.0635679563851439,0.06124349606784,0.0023244603173039,0.0023244603173039
"200185",-0.579643122232075,-0.531034139028604,-0.0486089832034711,0.0486089832034711
"2002",0.0196297406975011,0.00522659927549953,0.0144031414220016,0.0144031414220016
"200205",0.058526001307098,0.0214522008878216,0.0370738004192764,0.0370738004192764
"2006",0.845727721854847,0.850409517652274,-0.004681795797427,0.004681795797427
"200845",0.349155019112262,0.34634827826867,0.002806740843592,0.002806740843592
"200894",0.447814864612218,0.445813449291793,0.00200141532042497,0.00200141532042497
"200895",0.07338995957285,0.0774261030422766,-0.0040361434694266,0.0040361434694266
"2009",0.829053017689811,0.819305078990114,0.00974793869969703,0.00974793869969703
"200942",0.334033882010515,0.320581036995257,0.013452845015258,0.013452845015258
"2010",-0.329249019296287,-0.346487464588401,0.017238445292114,0.017238445292114
"2011",-0.157753307842986,-0.186902049908567,0.029148742065581,0.029148742065581
"201158",0.0549878618961472,0.0266628766294605,0.0283249852666867,0.0283249852666867
"201161",-0.443440057797811,-0.427587395707392,-0.015852662090419,0.015852662090419
"201163",-0.557679950775591,-0.517206241128127,-0.040473709647464,0.040473709647464
"201164",-0.14639180747925,-0.141267191701137,-0.00512461577811302,0.00512461577811302
"201176",0.0348673961332004,0.0365850458563152,-0.00171764972311481,0.00171764972311481
"2012",1.31316372276906,1.25028197727826,0.0628817454907999,0.0628817454907999
"201254",0.0335567306462287,0.0372877633350654,-0.0037310326888367,0.0037310326888367
"201266",-0.300873930633129,-0.303178516085977,0.00230458545284801,0.00230458545284801
"201294",-0.205409923726778,-0.175108147421708,-0.03030177630507,0.03030177630507
"2014",0.248880496514891,0.218534847703816,0.030345648811075,0.030345648811075
"201516",-0.226848776679816,-0.187898750556766,-0.03895002612305,0.03895002612305
"201562",-0.111579440248123,-0.119821791008126,0.008242350760003,0.008242350760003
"201626",-0.269897420094821,-0.237019307623067,-0.032878112471754,0.032878112471754
"2017",-0.0392039421619319,-0.0679981258139172,0.0287941836519853,0.0287941836519853
"201799",-0.812112958245359,-0.798155604175823,-0.013957354069536,0.013957354069536
"201895",-0.296413636356292,-0.301047676788688,0.00463404043239601,0.00463404043239601
"201973",0.0943782941308994,0.0996677051116578,-0.0052894109807584,0.0052894109807584
"202018",0.552659356302481,0.507001397565766,0.045657958736715,0.045657958736715
"2022",-0.854637918429773,-0.814288834954943,-0.04034908347483,0.04034908347483
"202243",0.0909884624216263,0.0857000680536548,0.0052883943679715,0.0052883943679715
"2023",-0.252305515042458,-0.262876527810831,0.010571012768373,0.010571012768373
"202333",-0.573942388130058,-0.58083899587438,0.00689660774432199,0.00689660774432199
"2028",0.724155659762006,0.717839062175515,0.00631659758649106,0.00631659758649106
"2029",0.0306850933354687,0.0350174505771958,-0.0043323572417271,0.0043323572417271
"203068",-0.0585107378061167,-0.0798188818315034,0.0213081440253867,0.0213081440253867
"203100",-1.32081295406367,-1.28186464687497,-0.0389483071887,0.0389483071887
"203111",0.0540325797429863,0.0529501800011578,0.0010823997418285,0.0010823997418285
"203197",-0.136892217139108,-0.102374231097813,-0.034517986041295,0.034517986041295
"203228",0.299391510325876,0.301016162052031,-0.001624651726155,0.001624651726155
"203238",-0.296912171335048,-0.265721522299889,-0.031190649035159,0.031190649035159
"203245",-0.161872817420923,-0.152976302743678,-0.008896514677245,0.008896514677245
"203259",-0.246034435089594,-0.234855195613948,-0.011179239475646,0.011179239475646
"203260",-0.373394508228742,-0.363874130317085,-0.009520377911657,0.009520377911657
"203286",-0.0835708084301302,-0.0858464080964371,0.00227559966630689,0.00227559966630689
"2033",-0.175645441380008,-0.140994443440079,-0.034650997939929,0.034650997939929
"203328",0.275930873859879,0.233562907693242,0.042367966166637,0.042367966166637
"2034",0.202196346199976,0.22970826260671,-0.027511916406734,0.027511916406734
"2036",-0.184784962943014,-0.184898932672646,0.000113969729632013,0.000113969729632013
"2037",0.541405517042754,0.531626146686673,0.00977937035608101,0.00977937035608101
"204",-0.0884869000613992,-0.0757790118668676,-0.0127078881945316,0.0127078881945316
"2040",0.825989242269781,0.785148527446702,0.0408407148230789,0.0408407148230789
"2041",-0.196946418994479,-0.229854910614315,0.032908491619836,0.032908491619836
"2049",-0.0222087923571473,-0.0170170618702491,-0.0051917304868982,0.0051917304868982
"205",-0.635132551494733,-0.674283468977478,0.039150917482745,0.039150917482745
"2050",0.0236859882616076,0.0121898152772944,0.0114961729843132,0.0114961729843132
"2052",0.742753181016689,0.733727414294367,0.00902576672232192,0.00902576672232192
"2053",0.620915974229786,0.548053930206104,0.0728620440236819,0.0728620440236819
"205327",0.0370462633001004,0.0129164199764844,0.024129843323616,0.024129843323616
"2054",0.399675124191645,0.377165565832293,0.022509558359352,0.022509558359352
"205428",0.835775563266585,0.810850881446371,0.024924681820214,0.024924681820214
"2055",-0.561326902650651,-0.494344041093276,-0.066982861557375,0.066982861557375
"205564",0.22603135477326,0.205430877731785,0.020600477041475,0.020600477041475
"2057",0.336518204217039,0.324208742962768,0.012309461254271,0.012309461254271
"2058",-0.313585256533917,-0.305576467871847,-0.00800878866207,0.00800878866207
"205860",-0.0993522586898477,-0.105710622807584,0.0063583641177363,0.0063583641177363
"2059",0.625098090188717,0.601057643815276,0.0240404463734409,0.0240404463734409
"2060",0.237932489495896,0.244865139617694,-0.006932650121798,0.006932650121798
"2063",-0.224800596026564,-0.217850224724033,-0.00695037130253098,0.00695037130253098
"206338",0.678882945591752,0.703119585069131,-0.024236639477379,0.024236639477379
"2064",-0.236058087661326,-0.226370911989657,-0.00968717567166899,0.00968717567166899
"2065",-0.491639485032391,-0.505331390983999,0.013691905951608,0.013691905951608
"2067",0.145276495276154,0.154139650804162,-0.00886315552800801,0.00886315552800801
"2068",0.0914121140404021,0.0542648601669226,0.0371472538734795,0.0371472538734795
"207",0.144028682511374,0.124793269715245,0.019235412796129,0.019235412796129
"2071",-0.0385398257636831,-0.0311712062852934,-0.0073686194783897,0.0073686194783897
"2074",-0.0266345148786955,-0.000605266392196731,-0.0260292484864988,0.0260292484864988
"2079",-0.134139685569102,-0.12352185195137,-0.010617833617732,0.010617833617732
"2091",-0.119425275776448,-0.109258633145863,-0.010166642630585,0.010166642630585
"2098",0.0632850935383142,0.0463386799347957,0.0169464136035185,0.0169464136035185
"210",0.162454914680393,0.168553950321691,-0.00609903564129799,0.00609903564129799
"2104",0.164333340091752,0.164981091688348,-0.000647751596596025,0.000647751596596025
"2107",0.0292328965102118,0.0347890672838991,-0.0055561707736873,0.0055561707736873
"2108",-0.0095051885984798,-0.00592360751571584,-0.00358158108276396,0.00358158108276396
"2109",-0.0610719392110927,-0.055566786414507,-0.0055051527965857,0.0055051527965857
"211",-0.341147489661183,-0.335354010658692,-0.005793479002491,0.005793479002491
"2110",0.13670022893419,0.148948000599599,-0.012247771665409,0.012247771665409
"2114",0.113561360256051,0.0921004066631177,0.0214609535929333,0.0214609535929333
"2117",-0.159218511570302,-0.123479886489305,-0.035738625080997,0.035738625080997
"2118",-0.631990443997982,-0.564626894567058,-0.067363549430924,0.067363549430924
"2119",0.141090613956323,0.146665763320849,-0.00557514936452599,0.00557514936452599
"212",0.890717435489547,0.832650069435585,0.058067366053962,0.058067366053962
"2120",0.264754515633348,0.245321826055565,0.019432689577783,0.019432689577783
"2123",1.09687829170805,1.06094281608017,0.03593547562788,0.03593547562788
"2125",-0.0473061094361864,-0.09099244464098,0.0436863352047936,0.0436863352047936
"2130",0.0607927616703799,0.0402194465786643,0.0205733150917156,0.0205733150917156
"2131",0.0283029395117772,0.0375722343228522,-0.009269294811075,0.009269294811075
"2132",0.295283772939271,0.293333004700898,0.00195076823837298,0.00195076823837298
"2135",0.0473920100041933,0.042857179202354,0.0045348308018393,0.0045348308018393
"2137",0.257029007551009,0.234566537374614,0.022462470176395,0.022462470176395
"214",0.274228186812855,0.210978150846866,0.063250035965989,0.063250035965989
"215",-0.376279416749849,-0.366173159445582,-0.010106257304267,0.010106257304267
"2152",1.04489731687419,0.976089651349084,0.068807665525106,0.068807665525106
"2153",0.469564774977094,0.439769397874809,0.029795377102285,0.029795377102285
"2159",0.211532373949018,0.169793305199805,0.041739068749213,0.041739068749213
"2162",2.34733357568776,2.13375552478435,0.21357805090341,0.21357805090341
"2166",-0.201822200797421,-0.201924476848425,0.000102276051003991,0.000102276051003991
"217",-0.327605096555397,-0.347138254476707,0.01953315792131,0.01953315792131
"2177",-0.3344105350177,-0.318832927264708,-0.015577607752992,0.015577607752992
"2178",-0.478018888395373,-0.46114428523192,-0.016874603163453,0.016874603163453
"2180",0.166252458783946,0.16137440187395,0.00487805690999601,0.00487805690999601
"2181",0.31478756684486,0.321574826192904,-0.00678725934804403,0.00678725934804403
"2184",-0.236429011849902,-0.221273834666439,-0.015155177183463,0.015155177183463
"2185",-0.281801462254574,-0.258248091015511,-0.023553371239063,0.023553371239063
"2186",-0.0491715724812519,-0.0363899344500517,-0.0127816380312002,0.0127816380312002
"2189",-0.342763715984967,-0.331774306280424,-0.010989409704543,0.010989409704543
"2191",0.591164384042066,0.596381388227973,-0.00521700418590709,0.00521700418590709
"2192",0.294390406133716,0.263814254219912,0.030576151913804,0.030576151913804
"2193",-0.253073909938517,-0.230621238722465,-0.022452671216052,0.022452671216052
"219333",-0.0807441052490878,-0.0823131997284675,0.0015690944793797,0.0015690944793797
"219402",-0.0344657769905745,-0.0513357926634648,0.0168700156728903,0.0168700156728903
"219541",-0.155447608419261,-0.142325355960411,-0.01312225245885,0.01312225245885
"219654",0.455665096682706,0.42322260318116,0.032442493501546,0.032442493501546
"2197",-0.0628216754777648,-0.0513201508432669,-0.0115015246344979,0.0115015246344979
"219738",-0.430786306711638,-0.405006644608869,-0.025779662102769,0.025779662102769
"219743",-0.130974864498822,-0.131503177596834,0.00052831309801199,0.00052831309801199
"219844",0.0731293038918462,0.0642513525767559,0.0088779513150903,0.0088779513150903
"219902",-0.479877213753689,-0.445697928634788,-0.034179285118901,0.034179285118901
"219927",-0.0233532488997258,-0.00817837848980557,-0.0151748704099202,0.0151748704099202
"219988",0.0745140375674489,0.0797011390245404,-0.0051871014570915,0.0051871014570915
"22",-0.0266277570240773,-0.0123434790884744,-0.0142842779356029,0.0142842779356029
"220",-0.311209527852712,-0.321399374933962,0.01018984708125,0.01018984708125
"2200",0.62319659054211,0.568716278529937,0.054480312012173,0.054480312012173
"220002",0.0171019536238586,0.0353599539572915,-0.0182580003334329,0.0182580003334329
"220042",-0.244385853207693,-0.228854736516058,-0.015531116691635,0.015531116691635
"220064",-0.132905241190281,-0.11421976197169,-0.018685479218591,0.018685479218591
"220074",-0.0867976745640325,-0.101487519748247,0.0146898451842145,0.0146898451842145
"2201",0.280498005030405,0.249760753685445,0.03073725134496,0.03073725134496
"220134",-0.259008643490658,-0.243832083640402,-0.015176559850256,0.015176559850256
"2203",-0.111920320989749,-0.143000034904524,0.031079713914775,0.031079713914775
"2207",1.84717806077782,1.71274980820163,0.13442825257619,0.13442825257619
"220929",-0.0637813276006194,-0.0749119898800707,0.0111306622794513,0.0111306622794513
"220988",-0.145034417580345,-0.0918397262662284,-0.0531946913141166,0.0531946913141166
"221",0.930412722848309,0.867572164008772,0.062840558839537,0.062840558839537
"221078",-0.169473889194434,-0.17753405367796,0.00806016448352598,0.00806016448352598
"221079",-0.500847955517213,-0.457728316314417,-0.0431196392027959,0.0431196392027959
"221120",0.298478654841025,0.315328286344713,-0.016849631503688,0.016849631503688
"221143",-0.0753644471146836,-0.0773072407751606,0.001942793660477,0.001942793660477
"221154",0.176870134084835,0.17297526379236,0.00389487029247501,0.00389487029247501
"221178",-0.14096681206283,-0.0949025067507331,-0.0460643053120969,0.0460643053120969
"221294",-0.0933899822707079,-0.0702374455660255,-0.0231525367046824,0.0231525367046824
"2213",2.30499686538709,2.42154834244138,-0.11655147705429,0.11655147705429
"221301",-0.0677953091776816,-0.01271809312637,-0.0550772160513116,0.0550772160513116
"221302",0.0305168423252386,0.0439124443944046,-0.013395602069166,0.013395602069166
"221395",0.635158519547178,0.645581543096958,-0.0104230235497801,0.0104230235497801
"221443",-0.0413068107717309,-0.0413126391488364,5.82837710549899e-06,5.82837710549899e-06
"221472",1.11766929918947,1.00003979249102,0.11762950669845,0.11762950669845
"221477",-0.172836392336869,-0.141265858747423,-0.031570533589446,0.031570533589446
"221491",0.0270504523440444,0.0309913163034783,-0.0039408639594339,0.0039408639594339
"221496",-0.382557564265719,-0.330073697990421,-0.052483866275298,0.052483866275298
"221504",-0.109106196613549,-0.114040172399564,0.004933975786015,0.004933975786015
"2217",1.43330137076724,1.35945069244409,0.0738506783231501,0.0738506783231501
"221786",-0.0125672954648042,-0.00688566811148975,-0.00568162735331445,0.00568162735331445
"221830",-0.0327903149329216,-0.0399298458296697,0.0071395308967481,0.0071395308967481
"2219",0.159857254403151,0.126275604747131,0.03358164965602,0.03358164965602
"221908",-0.240910361353658,-0.223613999610319,-0.017296361743339,0.017296361743339
"221927",-0.23974297655024,-0.204896332846655,-0.034846643703585,0.034846643703585
"221955",0.068628928326844,0.0906428649467429,-0.0220139366198989,0.0220139366198989
"222",-0.0489160643661158,-0.0250767407289466,-0.0238393236371692,0.0238393236371692
"2222",0.239023757518294,0.226558584983567,0.012465172534727,0.012465172534727
"222229",-0.235197552570567,-0.210442055283116,-0.024755497287451,0.024755497287451
"222236",0.0263010865237318,0.000964499237613448,0.0253365872861184,0.0253365872861184
"2224",0.0462137644547667,0.0322339491595657,0.013979815295201,0.013979815295201
"222484",-0.0710752397376083,-0.0803408244452065,0.0092655847075982,0.0092655847075982
"222658",-0.00564584404468823,0.0104457834065963,-0.0160916274512845,0.0160916274512845
"223",0.251897753551389,0.245484091169743,0.00641366238164598,0.00641366238164598
"2230",-0.227692184444089,-0.209621635589666,-0.018070548854423,0.018070548854423
"223082",-0.0843179132262811,-0.0949452960525546,0.0106273828262735,0.0106273828262735
"2235",0.270554096889098,0.230267596748143,0.040286500140955,0.040286500140955
"2237",-0.0261004904877535,-0.0243611767632326,-0.0017393137245209,0.0017393137245209
"2239",0.363903921656259,0.368192814218974,-0.00428889256271497,0.00428889256271497
"224",-0.179830055963742,-0.172825305423147,-0.00700475054059499,0.00700475054059499
"2241",-0.182653109807495,-0.134615585182517,-0.048037524624978,0.048037524624978
"2242",0.299094611804198,0.299951823544626,-0.000857211740428021,0.000857211740428021
"2245",0.266021448943084,0.243282650398274,0.02273879854481,0.02273879854481
"2247",0.468918648258941,0.452261982976223,0.016656665282718,0.016656665282718
"2261",0.411720563814362,0.420430956028546,-0.00871039221418402,0.00871039221418402
"2271",-0.0169615613875124,-0.0280805524834453,0.0111189910959329,0.0111189910959329
"2272",-0.189514497495761,-0.20654715007169,0.017032652575929,0.017032652575929
"2274",0.259045885203592,0.254806489568916,0.00423939563467601,0.00423939563467601
"22794",-0.201353640275164,-0.193388910775724,-0.00796472949943999,0.00796472949943999
"22795",0.376839297967085,0.371075627939616,0.00576367002746897,0.00576367002746897
"22796",-0.132682362845406,-0.123171103658795,-0.009511259186611,0.009511259186611
"22798",0.0971336474107787,0.0846564936190088,0.0124771537917699,0.0124771537917699
"2280",0.341259395607901,0.345824100118527,-0.00456470451062602,0.00456470451062602
"22800",0.161349145316525,0.165555539802535,-0.00420639448601001,0.00420639448601001
"22803",-0.292104341924388,-0.259248840220398,-0.03285550170399,0.03285550170399
"22809",0.00475713770245981,0.00115060000916839,0.00360653769329142,0.00360653769329142
"22818",0.0192504632896621,0.021687859163754,-0.0024373958740919,0.0024373958740919
"22820",-0.129937224020099,-0.148365928917796,0.018428704897697,0.018428704897697
"22823",-0.0340644280958033,-0.00671144428883125,-0.027352983806972,0.027352983806972
"22826",0.152206579044092,0.155117330957971,-0.00291075191387902,0.00291075191387902
"22827",0.0345851157664063,0.061289574856719,-0.0267044590903127,0.0267044590903127
"22828",-0.0719495373843459,-0.0597748612859544,-0.0121746760983915,0.0121746760983915
"22834",-0.0192639312190317,-0.0227235672606098,0.0034596360415781,0.0034596360415781
"22836",0.317187557876702,0.339760195276895,-0.022572637400193,0.022572637400193
"22837",0.226197989761436,0.226054859374149,0.000143130387287027,0.000143130387287027
"22838",0.200296246964288,0.210160482998511,-0.00986423603422301,0.00986423603422301
"22839",-0.10820151831216,-0.117831944635957,0.009630426323797,0.009630426323797
"22841",0.401876032284516,0.379961443419251,0.021914588865265,0.021914588865265
"22845",-0.244357701153136,-0.205889732165931,-0.038467968987205,0.038467968987205
"22846",0.762611507027923,0.698504885884611,0.064106621143312,0.064106621143312
"22850",-0.0648072164319094,-0.0667653535500495,0.00195813711814011,0.00195813711814011
"22852",-0.160115577823128,-0.154546298278977,-0.00556927954415098,0.00556927954415098
"22856",0.0445688727321778,0.0516232567720834,-0.0070543840399056,0.0070543840399056
"22858",0.0257668241045595,0.00927065020858771,0.0164961738959718,0.0164961738959718
"22862",0.0766479711805047,0.114400662881155,-0.0377526917006503,0.0377526917006503
"22864",0.0745980038959171,0.0656114143254059,0.0089865895705112,0.0089865895705112
"22868",-0.108060520394358,-0.0935566854639123,-0.0145038349304457,0.0145038349304457
"2287",0.0218111773052293,-0.00177610018427064,0.0235872774894999,0.0235872774894999
"22870",0.0773069341833579,0.0774692397036882,-0.000162305520330294,0.000162305520330294
"22874",0.345977907758087,0.307784978920817,0.03819292883727,0.03819292883727
"22876",-0.284680772416075,-0.275677803781998,-0.00900296863407696,0.00900296863407696
"22878",0.00211721549244444,0.0203135465303148,-0.0181963310378704,0.0181963310378704
"2288",-0.331946118641474,-0.302912966384169,-0.029033152257305,0.029033152257305
"22880",-0.205089659359814,-0.194324170350419,-0.010765489009395,0.010765489009395
"22883",0.311935819795004,0.270166575059921,0.041769244735083,0.041769244735083
"22884",0.103938953457154,0.0782083214560501,0.0257306320011039,0.0257306320011039
"22885",1.18454835742192,1.16563951565352,0.0189088417684,0.0189088417684
"22887",0.0998122003842124,0.0880886822915573,0.0117235180926551,0.0117235180926551
"22888",0.0719977423245783,0.067708015092351,0.0042897272322273,0.0042897272322273
"22889",0.0238047768962091,0.024808945739265,-0.0010041688430559,0.0010041688430559
"22893",0.0759545689375783,0.0505505873218124,0.0254039816157659,0.0254039816157659
"22894",-0.0549784293072701,-0.0346924025771235,-0.0202860267301466,0.0202860267301466
"22897",0.0284293839075165,0.0248826794355508,0.0035467044719657,0.0035467044719657
"22898",0.317773317511336,0.310704806447331,0.00706851106400497,0.00706851106400497
"22900",-0.110859509004646,-0.0852721715623661,-0.0255873374422799,0.0255873374422799
"22903",0.671232062947484,0.662060354884271,0.0091717080632131,0.0091717080632131
"22904",0.193737551514352,0.17912758366762,0.014609967846732,0.014609967846732
"22905",-0.203307273251938,-0.151782521614475,-0.051524751637463,0.051524751637463
"22907",-0.000693224851249302,0.0160682101829938,-0.0167614350342431,0.0167614350342431
"22908",0.136357240374797,0.112240137804684,0.024117102570113,0.024117102570113
"22909",-0.0642654018868184,-0.0601351843121924,-0.004130217574626,0.004130217574626
"22913",0.108613233434967,0.0947408248467147,0.0138724085882523,0.0138724085882523
"22916",-0.0520060322077521,-0.031412254301116,-0.0205937779066361,0.0205937779066361
"22918",1.34632202331359,1.35854307975077,-0.0122210564371801,0.0122210564371801
"22919",0.00260289415092293,0.00274345965788777,-0.00014056550696484,0.00014056550696484
"22920",0.0931957782745863,0.112927844418289,-0.0197320661437027,0.0197320661437027
"22921",0.294728276039904,0.269007685776786,0.025720590263118,0.025720590263118
"22926",-0.367022728663626,-0.34364837652426,-0.023374352139366,0.023374352139366
"22927",0.0301356224000453,0.00478147239915162,0.0253541500008937,0.0253541500008937
"22928",-0.0661060535348944,-0.0580813068461342,-0.00802474668876021,0.00802474668876021
"22929",0.00572317642613111,0.00399725189932761,0.0017259245268035,0.0017259245268035
"22930",0.0533833274090209,0.0546134694290952,-0.0012301420200743,0.0012301420200743
"22931",0.365397994950903,0.345908163633464,0.019489831317439,0.019489831317439
"22933",0.217301378985724,0.206865851022401,0.010435527963323,0.010435527963323
"22934",0.0251033365827969,0.00720851657955869,0.0178948200032382,0.0178948200032382
"22936",-0.312829913491618,-0.283922037125322,-0.028907876366296,0.028907876366296
"22937",-0.493817069897158,-0.454009942950643,-0.039807126946515,0.039807126946515
"22938",0.0182790292057024,0.0352232125727258,-0.0169441833670234,0.0169441833670234
"2294",1.01003118793777,1.01417884263412,-0.00414765469635014,0.00414765469635014
"22941",-0.129257087334003,-0.153836189001651,0.024579101667648,0.024579101667648
"22943",0.345727961569328,0.3324841209206,0.013243840648728,0.013243840648728
"22948",-0.0135335772376006,-0.0124317644488082,-0.0011018127887924,0.0011018127887924
"22949",-0.223702178965594,-0.223924415256872,0.000222236291278016,0.000222236291278016
"22950",-0.0151319272980365,-0.00500412622346493,-0.0101278010745716,0.0101278010745716
"22954",0.285244289508996,0.270163404102149,0.015080885406847,0.015080885406847
"22955",0.220888410912886,0.197785233820832,0.023103177092054,0.023103177092054
"2296",0.711053757516487,0.658966839076115,0.0520869184403721,0.0520869184403721
"2297",0.86270475562288,0.849943983593651,0.012760772029229,0.012760772029229
"22974",-0.411860165907602,-0.410466246504984,-0.00139391940261802,0.00139391940261802
"22976",-0.209705474782794,-0.194225968601302,-0.015479506181492,0.015479506181492
"22978",-0.0996484005583285,-0.0957006308872517,-0.00394776967107681,0.00394776967107681
"22980",-0.111500596639556,-0.114663867336404,0.00316327069684801,0.00316327069684801
"22981",-0.205517730907103,-0.216843666329148,0.011325935422045,0.011325935422045
"22982",-0.0351896596104186,-0.0481940150916858,0.0130043554812672,0.0130043554812672
"22985",-0.0150519241953127,-0.0254266326408168,0.0103747084455041,0.0103747084455041
"22990",-0.0428110242193596,-0.0278533305182535,-0.0149576937011061,0.0149576937011061
"22992",-0.0526694857034654,-0.0751847657809842,0.0225152800775188,0.0225152800775188
"22995",0.024014087663981,0.0224567461641461,0.0015573414998349,0.0015573414998349
"22998",-0.436636233990532,-0.441726049711367,0.005089815720835,0.005089815720835
"23",-0.268852744514937,-0.252473945706473,-0.016378798808464,0.016378798808464
"23001",-0.145593831050048,-0.123282913097643,-0.022310917952405,0.022310917952405
"23002",0.562671017962217,0.528036845146054,0.034634172816163,0.034634172816163
"23005",0.0689793637110493,0.0544095472529319,0.0145698164581174,0.0145698164581174
"23008",0.33281116350458,0.29545378331673,0.03735738018785,0.03735738018785
"23011",0.0137845265001733,0.0129249504585656,0.000859576041607701,0.000859576041607701
"23012",0.274498992516218,0.266704982697131,0.00779400981908701,0.00779400981908701
"23013",-0.0331549248973229,-0.0403209531621042,0.0071660282647813,0.0071660282647813
"23014",0.051462690983666,0.0385184101774366,0.0129442808062294,0.0129442808062294
"23016",-0.289350940756999,-0.252444124933279,-0.03690681582372,0.03690681582372
"23019",0.124829129818677,0.112485978517359,0.012343151301318,0.012343151301318
"23020",0.0940227839047347,0.0746940156468754,0.0193287682578593,0.0193287682578593
"23022",0.0521575404213763,0.0409283565705529,0.0112291838508234,0.0112291838508234
"23028",-0.155899762621462,-0.16326063790921,0.00736087528774801,0.00736087528774801
"23029",-0.0949445207470309,-0.0801415318587303,-0.0148029888883006,0.0148029888883006
"23032",0.0772746420946832,0.0927972612520878,-0.0155226191574046,0.0155226191574046
"23033",0.137193985627884,0.121483946590362,0.015710039037522,0.015710039037522
"23037",0.137160230423357,0.140716307147785,-0.00355607672442798,0.00355607672442798
"23039",-0.112371256501261,-0.0885338257185857,-0.0238374307826753,0.0238374307826753
"23041",-0.0976738989399311,-0.0909353376614832,-0.00673856127844789,0.00673856127844789
"23042",-0.142241264900144,-0.12500531629723,-0.017235948602914,0.017235948602914
"23047",-0.0451452739500018,-0.0316742805287393,-0.0134709934212625,0.0134709934212625
"23048",-0.488921102238675,-0.493638398062206,0.00471729582353098,0.00471729582353098
"23049",-0.211544357192083,-0.220366623007998,0.008822265815915,0.008822265815915
"2305",-0.269022735758165,-0.275688849390917,0.00666611363275199,0.00666611363275199
"23053",-0.0891844100676975,-0.103916934237333,0.0147325241696355,0.0147325241696355
"23054",0.17393273086067,0.164134734552338,0.00979799630833197,0.00979799630833197
"23057",-0.522330368640901,-0.50715411031265,-0.015176258328251,0.015176258328251
"23059",0.0244400063552095,0.0227870531169311,0.0016529532382784,0.0016529532382784
"23061",0.255277202314749,0.225584967712224,0.029692234602525,0.029692234602525
"23062",0.0419094356790851,0.0342413491371857,0.0076680865418994,0.0076680865418994
"23063",0.202714349486507,0.210969774809129,-0.00825542532262202,0.00825542532262202
"23064",-0.238973737831205,-0.197774693700932,-0.041199044130273,0.041199044130273
"23065",0.0415445537651314,0.0374871899892071,0.0040573637759243,0.0040573637759243
"2307",1.17134737246278,1.11064364658438,0.0607037258784,0.0607037258784
"23070",-0.0355181471169923,-0.0284133741847613,-0.007104772932231,0.007104772932231
"23071",0.247102023525006,0.254819075655944,-0.00771705213093804,0.00771705213093804
"23074",-0.0701831069908468,-0.0517739810479771,-0.0184091259428697,0.0184091259428697
"23075",-0.238526573736221,-0.230952473073866,-0.007574100662355,0.007574100662355
"23077",-0.0553661300598264,-0.0745382266415059,0.0191720965816795,0.0191720965816795
"23078",0.224610374948302,0.177686255116799,0.046924119831503,0.046924119831503
"2308",0.234058981377311,0.228936983846254,0.00512199753105699,0.00512199753105699
"23080",-0.705271527397063,-0.646567377236769,-0.058704150160294,0.058704150160294
"23081",-0.183863303490539,-0.164324281173395,-0.019539022317144,0.019539022317144
"23082",-0.316996074260451,-0.301375049127646,-0.015621025132805,0.015621025132805
"23085",0.0289981221973265,0.0259445039759439,0.0030536182213826,0.0030536182213826
"23086",-0.0230922430406891,-0.0478193934238663,0.0247271503831772,0.0247271503831772
"2309",0.188655612098366,0.178376276147698,0.010279335950668,0.010279335950668
"23092",0.392901511656861,0.407735134463395,-0.014833622806534,0.014833622806534
"23093",-0.243738900055997,-0.244438516490112,0.000699616434115008,0.000699616434115008
"23095",0.348076743980676,0.318638186248291,0.029438557732385,0.029438557732385
"231",0.0289164456661212,0.0404933296818822,-0.011576884015761,0.011576884015761
"23102",0.273756350645307,0.258987880486111,0.014768470159196,0.014768470159196
"23107",-0.199422159288453,-0.218354364388222,0.018932205099769,0.018932205099769
"23111",0.117873071042162,0.0992077246748144,0.0186653463673476,0.0186653463673476
"23113",-0.22947611354978,-0.230402855623835,0.000926742074054993,0.000926742074054993
"23118",0.382448602420194,0.408523019515231,-0.026074417095037,0.026074417095037
"23119",-0.327863801417425,-0.339679224681058,0.011815423263633,0.011815423263633
"23126",-0.00773205832107847,-0.00749334072269977,-0.0002387175983787,0.0002387175983787
"23129",0.15346987541199,0.153763099074552,-0.000293223662561987,0.000293223662561987
"2313",1.0960971624948,1.10603008949003,-0.00993292699522996,0.00993292699522996
"23130",-0.172743290875972,-0.163759736017663,-0.00898355485830901,0.00898355485830901
"23131",0.0978235044594702,0.0851396019205516,0.0126839025389186,0.0126839025389186
"23132",0.0144363769697406,-0.0172326535844719,0.0316690305542125,0.0316690305542125
"23136",0.0601001928016575,0.0694564822631101,-0.0093562894614526,0.0093562894614526
"23137",-0.110320375237017,-0.106320567475892,-0.003999807761125,0.003999807761125
"23139",-0.139189890060823,-0.153811195029279,0.014621304968456,0.014621304968456
"2314",0.0441833526603729,0.0316144763912198,0.0125688762691531,0.0125688762691531
"23140",0.0376406097892001,0.0100708868549671,0.027569722934233,0.027569722934233
"23142",0.33981659195909,0.330108475497329,0.00970811646176095,0.00970811646176095
"23152",0.0787617811693191,0.0627639039010144,0.0159978772683047,0.0159978772683047
"23154",0.0713192763466067,0.0531034708111083,0.0182158055354984,0.0182158055354984
"23155",-0.369850518127784,-0.332421854738495,-0.037428663389289,0.037428663389289
"23157",-0.27850791858994,-0.27863801431279,0.000130095722849999,0.000130095722849999
"23158",0.414599251270133,0.428210874912363,-0.01361162364223,0.01361162364223
"2316",0.145768979846288,0.126118249304344,0.019650730541944,0.019650730541944
"23161",-0.0406717445812697,-0.0278977220678395,-0.0127740225134302,0.0127740225134302
"23163",-0.0943879620288059,-0.0957517876724519,0.00136382564364601,0.00136382564364601
"23165",-0.173166980457836,-0.182295003687122,0.00912802322928602,0.00912802322928602
"23167",0.132962284774288,0.137408867403359,-0.00444658262907099,0.00444658262907099
"23168",-0.254155753807818,-0.229455264498243,-0.024700489309575,0.024700489309575
"23169",-0.168732428439208,-0.167297965584582,-0.00143446285462601,0.00143446285462601
"2317",-0.365775758830478,-0.398667666532164,0.032891907701686,0.032891907701686
"23170",-0.435416108267974,-0.453855937281659,0.018439829013685,0.018439829013685
"23171",-0.0179401422249936,-0.0372980362207569,0.0193578939957633,0.0193578939957633
"23172",0.121249309934413,0.124880807956781,-0.00363149802236799,0.00363149802236799
"23173",-0.212881130165058,-0.223872458261924,0.010991328096866,0.010991328096866
"23174",0.414185138798384,0.393096933606136,0.021088205192248,0.021088205192248
"23175",0.203119829545466,0.179141831031549,0.023977998513917,0.023977998513917
"23177",-0.416256574141332,-0.367173457551343,-0.049083116589989,0.049083116589989
"23179",0.732603910577354,0.732127332023329,0.000476578554024942,0.000476578554024942
"2318",-0.579010319078732,-0.557015942471384,-0.021994376607348,0.021994376607348
"23180",1.09484668332197,1.06527192775288,0.0295747555690902,0.0295747555690902
"23181",-0.597722925291145,-0.559580021221077,-0.038142904070068,0.038142904070068
"23185",-0.225650473929663,-0.200447169074283,-0.02520330485538,0.02520330485538
"23189",0.247393652474055,0.210535761162736,0.036857891311319,0.036857891311319
"2319",0.1150729965091,0.108100934394226,0.006972062114874,0.006972062114874
"23190",-0.145659549193208,-0.122995090358628,-0.02266445883458,0.02266445883458
"23191",0.194459756222003,0.204706032038215,-0.010246275816212,0.010246275816212
"23192",-0.257489241264814,-0.221959529026322,-0.035529712238492,0.035529712238492
"23193",-0.103835480346359,-0.121318140170934,0.017482659824575,0.017482659824575
"23196",-0.150472253808566,-0.157198555934993,0.006726302126427,0.006726302126427
"23197",0.055737566732704,0.0480099624990401,0.0077276042336639,0.0077276042336639
"23198",-0.395524122484557,-0.363580572055971,-0.031943550428586,0.031943550428586
"23199",-0.201862092001824,-0.214228699549381,0.012366607547557,0.012366607547557
"23203",-0.211143185593475,-0.187805019626871,-0.023338165966604,0.023338165966604
"23204",-0.118474740597897,-0.14003875143464,0.021564010836743,0.021564010836743
"23210",-0.0635835762181394,-0.0436429252913842,-0.0199406509267552,0.0199406509267552
"23212",-0.485512887515543,-0.429058220402375,-0.056454667113168,0.056454667113168
"23214",-0.245169524572116,-0.213987220606235,-0.031182303965881,0.031182303965881
"23215",-0.467064496265224,-0.469243258167943,0.00217876190271898,0.00217876190271898
"23216",0.231556561596677,0.199386611205832,0.032169950390845,0.032169950390845
"23219",-0.119041648100036,-0.107457496089867,-0.011584152010169,0.011584152010169
"23223",-0.853351241726585,-0.771435611308825,-0.0819156304177601,0.0819156304177601
"23225",-0.417336407003331,-0.433467355643928,0.016130948640597,0.016130948640597
"23228",0.280614794733184,0.256911286286323,0.023703508446861,0.023703508446861
"23230",-0.0712865441493515,-0.0891801825447269,0.0178936383953754,0.0178936383953754
"23231",1.44679333653498,1.33583703609515,0.11095630043983,0.11095630043983
"23234",-0.0489345797587086,-0.0644031023232746,0.015468522564566,0.015468522564566
"23236",0.948075452114191,0.897498345716909,0.050577106397282,0.050577106397282
"23239",-0.00808673136353043,-0.0140575558338839,0.00597082447035347,0.00597082447035347
"2324",-0.131501887738875,-0.146530477849844,0.015028590110969,0.015028590110969
"23253",0.285755998523664,0.293003551924416,-0.007247553400752,0.007247553400752
"23256",-0.0564162775355683,-0.0652540821488373,0.008837804613269,0.008837804613269
"23258",0.0961146268647821,0.0880782078862999,0.0080364189784822,0.0080364189784822
"23265",0.216960548324095,0.190549090548551,0.026411457775544,0.026411457775544
"23266",0.863498892378093,0.844840482469071,0.018658409909022,0.018658409909022
"23271",0.0209162682937267,0.0284836786228245,-0.0075674103290978,0.0075674103290978
"23272",0.122096739394553,0.135343881796224,-0.013247142401671,0.013247142401671
"23276",-0.00970425297274949,0.0107846223874789,-0.0204888753602284,0.0204888753602284
"23277",-0.224486677332746,-0.245287573700415,0.020800896367669,0.020800896367669
"23279",0.0253077849965016,0.0202366264754588,0.0050711585210428,0.0050711585210428
"23283",0.284531744495438,0.283431070278981,0.00110067421645699,0.00110067421645699
"23284",-0.930925663939897,-0.878863993892686,-0.052061670047211,0.052061670047211
"23286",-0.231767017934594,-0.214470085614024,-0.01729693232057,0.01729693232057
"23287",-0.269987369894025,-0.247748795103247,-0.022238574790778,0.022238574790778
"2329",0.226974139352598,0.209980090789216,0.016994048563382,0.016994048563382
"23291",0.180131807779775,0.167197282167837,0.012934525611938,0.012934525611938
"23293",-0.120214415484537,-0.121491819686821,0.001277404202284,0.001277404202284
"23294",0.49670763660872,0.511752645764656,-0.0150450091559359,0.0150450091559359
"23300",0.33800534362822,0.29221544521416,0.04578989841406,0.04578989841406
"23303",0.172852393654672,0.160226106684562,0.01262628697011,0.01262628697011
"23306",0.135654177757242,0.141737211234306,-0.00608303347706399,0.00608303347706399
"23309",-0.226544882566336,-0.227182220262145,0.000637337695808982,0.000637337695808982
"2331",0.311732873990421,0.277065454179361,0.03466741981106,0.03466741981106
"23317",0.0746068239821792,0.0731989944277337,0.0014078295544455,0.0014078295544455
"23318",0.153058354399827,0.152795699454134,0.000262654945693025,0.000262654945693025
"23321",0.412396685676748,0.368108286845897,0.044288398830851,0.044288398830851
"23325",0.319744647708201,0.314873219808694,0.00487142789950701,0.00487142789950701
"23327",0.512126272161797,0.466073549489544,0.046052722672253,0.046052722672253
"23328",-0.321492281528524,-0.32607462586462,0.004582344336096,0.004582344336096
"23335",0.283704496132096,0.277459678777813,0.00624481735428295,0.00624481735428295
"23338",0.211758942146917,0.176434383670381,0.035324558476536,0.035324558476536
"23339",-0.128760804579571,-0.0899605496025035,-0.0388002549770675,0.0388002549770675
"23344",-0.0253621013997145,-0.0424716024584489,0.0171095010587344,0.0171095010587344
"23348",0.200874630230135,0.199930344464685,0.000944285765449998,0.000944285765449998
"2335",0.281859823953062,0.261950090821442,0.01990973313162,0.01990973313162
"23351",0.361649678309429,0.333116694378796,0.028532983930633,0.028532983930633
"23352",0.143520788964774,0.114769697504518,0.028751091460256,0.028751091460256
"23355",0.0864659472176025,0.0841190811544054,0.0023468660631971,0.0023468660631971
"23357",-0.208973780855353,-0.191036985637181,-0.017936795218172,0.017936795218172
"23360",-0.187069261573816,-0.185181073348021,-0.00188818822579501,0.00188818822579501
"23362",0.464475072857109,0.418535425446015,0.045939647411094,0.045939647411094
"23365",0.20529079647019,0.197310133976612,0.00798066249357798,0.00798066249357798
"23368",0.369577763724774,0.352763002118188,0.016814761606586,0.016814761606586
"23369",0.148091010224141,0.145025726900785,0.00306528332335601,0.00306528332335601
"23370",0.159974851789062,0.139151502879862,0.0208233489092,0.0208233489092
"23376",-0.273435286767225,-0.252445295642156,-0.020989991125069,0.020989991125069
"23378",-0.166329542433263,-0.130682358821701,-0.035647183611562,0.035647183611562
"23382",0.225221261090739,0.211995264641483,0.013225996449256,0.013225996449256
"23384",-0.137230830005616,-0.146138833364586,0.00890800335896999,0.00890800335896999
"23385",-0.0210679997547085,-0.00111322701966156,-0.0199547727350469,0.0199547727350469
"23386",0.0049447227102621,-0.0100052007819421,0.0149499234922042,0.0149499234922042
"23387",0.432512477928467,0.383698987129421,0.048813490799046,0.048813490799046
"23389",0.580367905383128,0.528614689387593,0.051753215995535,0.051753215995535
"2339",-0.136630361291199,-0.0979707763590734,-0.0386595849321256,0.0386595849321256
"23390",0.00413130431304697,0.00460454861301098,-0.00047324429996401,0.00047324429996401
"23394",-0.0159388480123869,-0.0209222738661402,0.0049834258537533,0.0049834258537533
"23395",-0.0626370563219781,-0.0675677846565398,0.00493072833456171,0.00493072833456171
"23396",-0.169948713279233,-0.186591736979042,0.016643023699809,0.016643023699809
"23398",-0.0931293051193748,-0.0744260353004701,-0.0187032698189047,0.0187032698189047
"23400",-0.0938852694709995,-0.105719111592404,0.0118338421214045,0.0118338421214045
"23401",-0.158843289199144,-0.142481691758751,-0.016361597440393,0.016361597440393
"23404",-0.210878272406955,-0.179520338704357,-0.031357933702598,0.031357933702598
"23405",0.303971347076755,0.270588941382675,0.03338240569408,0.03338240569408
"23406",-0.535952989502552,-0.52093536131159,-0.015017628190962,0.015017628190962
"23408",0.0283356758463776,0.0157086736467822,0.0126270021995954,0.0126270021995954
"23411",0.0132463087827197,0.0201791551595122,-0.0069328463767925,0.0069328463767925
"23412",0.190914344000237,0.185119727018644,0.005794616981593,0.005794616981593
"23417",0.0837174150798618,0.0663386050005756,0.0173788100792862,0.0173788100792862
"23421",0.0118450613394499,0.0146807911195488,-0.0028357297800989,0.0028357297800989
"23423",-0.663863618967866,-0.63411750668674,-0.029746112281126,0.029746112281126
"23424",0.903910522630149,0.877541202331122,0.0263693202990271,0.0263693202990271
"23428",-0.298579276117959,-0.299618335834247,0.00103905971628804,0.00103905971628804
"23429",-0.0908481847043345,-0.0679992100590994,-0.0228489746452351,0.0228489746452351
"23433",0.400223263106413,0.391527348843645,0.008695914262768,0.008695914262768
"23435",-0.0245503326193209,-0.0241465965022958,-0.0004037361170251,0.0004037361170251
"23438",0.00609085118944322,0.00848330347539957,-0.00239245228595635,0.00239245228595635
"23443",-0.21102207376639,-0.196990829161791,-0.014031244604599,0.014031244604599
"23446",-0.160814119087356,-0.173356007859884,0.012541888772528,0.012541888772528
"23450",-0.39118360224963,-0.365852340495298,-0.025331261754332,0.025331261754332
"23451",-0.0863717068199754,-0.0818218457244051,-0.0045498610955703,0.0045498610955703
"23456",-0.0142859071844512,-0.00772420138365073,-0.00656170580080047,0.00656170580080047
"23461",0.144520564787495,0.128851001030676,0.015669563756819,0.015669563756819
"23462",-0.208302337623168,-0.153350738050679,-0.054951599572489,0.054951599572489
"23463",0.255842164483965,0.250191280886416,0.00565088359754901,0.00565088359754901
"23468",-0.237237689297469,-0.228575638548537,-0.008662050748932,0.008662050748932
"23469",0.134768926744038,0.130390899342897,0.00437802740114102,0.00437802740114102
"23471",0.0881758837939079,0.0832283771266973,0.0049475066672106,0.0049475066672106
"23473",-0.260421429426798,-0.234329682525266,-0.026091746901532,0.026091746901532
"23474",-0.0674553684872272,-0.0567945585762101,-0.0106608099110171,0.0106608099110171
"23475",-0.0299626658913215,-0.0325194293618536,0.0025567634705321,0.0025567634705321
"23476",-0.299918076859103,-0.303336157469405,0.00341808061030202,0.00341808061030202
"23478",-0.255460941776869,-0.233560400180959,-0.02190054159591,0.02190054159591
"23479",0.00909218188328993,0.0185246952623222,-0.00943251337903227,0.00943251337903227
"2348",-0.277886839330155,-0.283023125553008,0.005136286222853,0.005136286222853
"23480",-0.122504382770133,-0.11820829833842,-0.00429608443171299,0.00429608443171299
"23481",-0.254612154045432,-0.231730237182777,-0.022881916862655,0.022881916862655
"23483",-0.214737755067398,-0.194644917584041,-0.020092837483357,0.020092837483357
"23484",0.57122017215793,0.58424275255682,-0.01302258039889,0.01302258039889
"23492",0.305699970140929,0.270399445875383,0.035300524265546,0.035300524265546
"23498",0.168043614002818,0.135646989524784,0.032396624478034,0.032396624478034
"23499",-2.67683703243891e-05,-0.0161343411636009,0.0161075727932765,0.0161075727932765
"2350",2.02438493732956,1.88192936241074,0.14245557491882,0.14245557491882
"23500",0.71289523013061,0.690970632557201,0.0219245975734089,0.0219245975734089
"23503",-0.0100912168303455,-0.0213763064370449,0.0112850896066994,0.0112850896066994
"23506",0.141286744937167,0.130688910304425,0.010597834632742,0.010597834632742
"23509",0.012621982719478,0.0134148335302965,-0.0007928508108185,0.0007928508108185
"23510",0.195549342125943,0.215053037985759,-0.019503695859816,0.019503695859816
"23512",-0.0301660732832055,-0.0345417764703351,0.0043757031871296,0.0043757031871296
"23513",-0.174424261260762,-0.181804668261624,0.00738040700086201,0.00738040700086201
"23515",-0.187143302379536,-0.161937829937761,-0.025205472441775,0.025205472441775
"23516",-0.339419694220723,-0.326083075483075,-0.013336618737648,0.013336618737648
"23518",0.0737688757849743,0.0338039357502445,0.0399649400347298,0.0399649400347298
"23521",-0.0631339002067243,-0.0557315693208587,-0.00740233088586559,0.00740233088586559
"23523",0.0161327208906425,-0.0126867664095857,0.0288194873002282,0.0288194873002282
"23524",-0.338873245046598,-0.345233101920147,0.00635985687354901,0.00635985687354901
"23527",0.138183103454449,0.130673344582186,0.00750975887226302,0.00750975887226302
"23528",0.232606577292051,0.217572173533705,0.015034403758346,0.015034403758346
"2353",0.178084572315609,0.258588083930961,-0.080503511615352,0.080503511615352
"23530",0.427584551504791,0.397410331779041,0.03017421972575,0.03017421972575
"23531",0.0427305789606185,0.0610986735259228,-0.0183680945653043,0.0183680945653043
"23534",-0.409652245518244,-0.41486026293832,0.00520801742007604,0.00520801742007604
"23536",0.0366977663975146,0.0534754160492891,-0.0167776496517745,0.0167776496517745
"2354",0.0736234615817708,0.094176505328035,-0.0205530437462642,0.0205530437462642
"23543",0.0160928680590343,-0.0138454493546363,0.0299383174136706,0.0299383174136706
"23545",0.0451417619010741,0.0377632025267481,0.007378559374326,0.007378559374326
"23549",0.26293866145857,0.254750070550976,0.008188590907594,0.008188590907594
"23550",0.041354861085883,0.00167087119215706,0.0396839898937259,0.0396839898937259
"23552",-0.00577080617451278,-0.0129498126225351,0.00717900644802232,0.00717900644802232
"23553",0.0721161838740093,0.0652742685231729,0.00684191535083639,0.00684191535083639
"23554",-0.529047307099479,-0.536859249199571,0.00781194210009195,0.00781194210009195
"23556",0.0849528436456396,0.1018268733122,-0.0168740296665604,0.0168740296665604
"23557",-0.130076536773016,-0.117545311074753,-0.012531225698263,0.012531225698263
"23558",0.0961948059724795,0.0931737509254273,0.00302105504705219,0.00302105504705219
"23560",-0.432812021631727,-0.406757646439159,-0.026054375192568,0.026054375192568
"23562",-0.112119265964698,-0.0950238535715757,-0.0170954123931223,0.0170954123931223
"23564",0.26675013970709,0.234553698555312,0.032196441151778,0.032196441151778
"23568",0.361226321915465,0.344809594583243,0.016416727332222,0.016416727332222
"2357",1.38009269124223,1.29542488820941,0.0846678030328201,0.0846678030328201
"23580",0.190761922956794,0.171061266981643,0.019700655975151,0.019700655975151
"23582",0.0936832927847988,0.130645543029634,-0.0369622502448352,0.0369622502448352
"23583",-0.0578961944290224,-0.0345560112985689,-0.0233401831304535,0.0233401831304535
"23585",0.121928024298773,0.127955617016333,-0.00602759271756001,0.00602759271756001
"23586",0.0124684119805177,0.020214473274688,-0.0077460612941703,0.0077460612941703
"23587",-0.157262765261302,-0.131656431901676,-0.025606333359626,0.025606333359626
"23588",0.0845803955341845,0.0941032644199774,-0.0095228688857929,0.0095228688857929
"23589",0.130078823910663,0.132359017438491,-0.00228019352782799,0.00228019352782799
"23590",-0.318519502536874,-0.286738998096087,-0.031780504440787,0.031780504440787
"23592",-0.131552619619748,-0.130939772508141,-0.000612847111607001,0.000612847111607001
"23593",-0.0560700273314008,-0.0740719428036679,0.0180019154722671,0.0180019154722671
"23594",-0.101032255905806,-0.118680380041525,0.017648124135719,0.017648124135719
"23595",-0.00746512706685932,-0.00696823052435257,-0.000496896542506751,0.000496896542506751
"23596",-0.129540177097741,-0.118733285092885,-0.010806892004856,0.010806892004856
"23600",0.108216955291307,0.0908910093188405,0.0173259459724665,0.0173259459724665
"23603",-0.0804054953585593,-0.0930953834813403,0.012689888122781,0.012689888122781
"23607",-0.0927256337622738,-0.0723969739005377,-0.0203286598617361,0.0203286598617361
"23608",0.0960013288414444,0.0962122115807966,-0.0002108827393522,0.0002108827393522
"23609",0.0927845990134352,0.0901240312573315,0.00266056775610371,0.00266056775610371
"23612",-0.264551505804525,-0.279394265232532,0.014842759428007,0.014842759428007
"23613",-0.585542483383669,-0.580760291812152,-0.00478219157151694,0.00478219157151694
"23621",0.690034121354497,0.649169458674833,0.040864662679664,0.040864662679664
"23623",0.0493729859075965,0.0359626102500675,0.013410375657529,0.013410375657529
"23625",0.257830734679159,0.22082840334973,0.037002331329429,0.037002331329429
"23630",-0.250949863053961,-0.238848467980114,-0.012101395073847,0.012101395073847
"23633",-0.155231432753508,-0.162776223424371,0.007544790670863,0.007544790670863
"23635",0.317213597914283,0.284199565821993,0.03301403209229,0.03301403209229
"23636",-0.0307279771321198,-0.0366559769347896,0.0059279998026698,0.0059279998026698
"23637",0.096078688786456,0.0972537841693539,-0.00117509538289789,0.00117509538289789
"23640",-0.0503824786687506,-0.0435525832297353,-0.0068298954390153,0.0068298954390153
"23643",1.36200074739298,1.27284595118025,0.0891547962127301,0.0891547962127301
"23644",-0.537602410362527,-0.499485726316564,-0.038116684045963,0.038116684045963
"23645",0.0891368627295179,0.131596896071148,-0.0424600333416301,0.0424600333416301
"23646",0.231542042641366,0.221543239803018,0.009998802838348,0.009998802838348
"23648",-0.268630556772107,-0.278164727771535,0.00953417099942799,0.00953417099942799
"23649",-0.286274777281352,-0.2592471012236,-0.027027676057752,0.027027676057752
"23650",-0.314903565768375,-0.289270549248304,-0.0256330165200711,0.0256330165200711
"23658",-0.155733916674144,-0.136913701548016,-0.018820215126128,0.018820215126128
"23659",0.774853309306033,0.777466658233451,-0.00261334892741794,0.00261334892741794
"23660",0.0266922897496425,0.0429740303328845,-0.016281740583242,0.016281740583242
"23670",0.154886924465388,0.163006152234,-0.00811922776861201,0.00811922776861201
"23673",0.386920148851878,0.367287374110427,0.019632774741451,0.019632774741451
"23677",-0.0763820014022728,-0.0834531108082473,0.0070711094059745,0.0070711094059745
"23682",-0.0758458125755028,-0.0704698809852907,-0.0053759315902121,0.0053759315902121
"23705",0.84097364141479,0.806071856018876,0.034901785395914,0.034901785395914
"23708",-0.0592195984250804,-0.0494830661402762,-0.0097365322848042,0.0097365322848042
"23710",-0.0377234595894604,-0.028315501985634,-0.0094079576038264,0.0094079576038264
"23729",-0.357914086808508,-0.340392391655648,-0.01752169515286,0.01752169515286
"23731",0.327135770620699,0.312336244539555,0.014799526081144,0.014799526081144
"23741",0.317437448943635,0.299146416412292,0.018291032531343,0.018291032531343
"23753",-0.875988186399175,-0.816161316070702,-0.059826870328473,0.059826870328473
"23760",0.223068157789332,0.220168973087976,0.002899184701356,0.002899184701356
"23761",0.271045780061346,0.237070495618499,0.033975284442847,0.033975284442847
"23764",-0.134969287809275,-0.11683689232818,-0.018132395481095,0.018132395481095
"23765",0.207698143150098,0.202984419583568,0.00471372356652999,0.00471372356652999
"23770",0.00657819715149857,-0.0100399053104566,0.0166181024619552,0.0166181024619552
"23780",0.398722779239958,0.340433646881903,0.0582891323580551,0.0582891323580551
"23786",0.0203401803382331,0.0262154357877145,-0.0058752554494814,0.0058752554494814
"23787",0.112223203293472,0.105209276654067,0.007013926639405,0.007013926639405
"23788",0.0447491689291818,0.0340484172780984,0.0107007516510834,0.0107007516510834
"241",1.73797671096471,1.70887004872443,0.02910666224028,0.02910666224028
"24137",-0.331320283490024,-0.341443360152777,0.010123076662753,0.010123076662753
"24138",0.370608115909074,0.386319681344415,-0.015711565435341,0.015711565435341
"24139",0.113010941944228,0.0949912518787321,0.0180196900654959,0.0180196900654959
"24140",-0.350713824303277,-0.32146452890784,-0.029249295395437,0.029249295395437
"24142",-0.0651475484528653,-0.0793416602684263,0.014194111815561,0.014194111815561
"24145",-0.231579983676846,-0.228490639695881,-0.00308934398096503,0.00308934398096503
"24147",-0.373753615159894,-0.372063077147749,-0.00169053801214503,0.00169053801214503
"24148",-0.167852316279656,-0.138260664732164,-0.029591651547492,0.029591651547492
"24149",0.219120438643222,0.20785319254438,0.011267246098842,0.011267246098842
"245812",0.397399874017079,0.391777198647918,0.005622675369161,0.005622675369161
"245973",-0.427432211830614,-0.432546737166363,0.00511452533574902,0.00511452533574902
"246175",0.120626218115418,0.122949165257819,-0.002322947142401,0.002322947142401
"246243",0.0930024481880902,0.0931226304771447,-0.000120182289054499,0.000120182289054499
"246777",0.585602898239911,0.587476499635733,-0.00187360139582204,0.00187360139582204
"246778",-0.708397345226487,-0.649829527923493,-0.058567817302994,0.058567817302994
"2475",-0.126650721927508,-0.131623549123694,0.004972827196186,0.004972827196186
"2487",0.0630731808122601,0.0564017250671802,0.0066714557450799,0.0066714557450799
"2495",0.254438641244996,0.238854821760407,0.015583819484589,0.015583819484589
"25",0.184366195604692,0.1644023463362,0.019963849268492,0.019963849268492
"250",0.60840112375628,0.596915273526482,0.011485850229798,0.011485850229798
"2512",0.698734738525605,0.669612543007792,0.0291221955178129,0.0291221955178129
"2517",0.00260068987871104,0.0263429169122519,-0.0237422270335409,0.0237422270335409
"2519",0.143375667968668,0.157791029409974,-0.014415361441306,0.014415361441306
"2521",-0.457636256908464,-0.396787431443474,-0.06084882546499,0.06084882546499
"2526",-0.148844683658484,-0.147929401500014,-0.000915282158470004,0.000915282158470004
"252839",0.194379316220148,0.181641470555054,0.012737845665094,0.012737845665094
"2530",0.191019970265563,0.186179076568702,0.004840893696861,0.004840893696861
"2531",-0.0563599040618984,-0.0584094959024302,0.0020495918405318,0.0020495918405318
"2533",0.383587046359784,0.401042379383834,-0.01745533302405,0.01745533302405
"2534",-0.106700896932022,-0.10707715230318,0.000376255371157999,0.000376255371157999
"253558",-0.355847074846571,-0.325606154528656,-0.030240920317915,0.030240920317915
"2537",-0.0453125696487639,-0.0290086754891988,-0.0163038941595651,0.0163038941595651
"2539",-0.137100039392813,-0.145317143032289,0.00821710363947598,0.00821710363947598
"253943",-0.141429683941669,-0.120279317533103,-0.021150366408566,0.021150366408566
"253959",0.02259527131091,0.0132334944735105,0.0093617768373995,0.0093617768373995
"254065",-0.141027645504184,-0.135399392278494,-0.00562825322568999,0.00562825322568999
"254170",-0.217343175934517,-0.205721176701676,-0.011621999232841,0.011621999232841
"2542",-0.0911563055806053,-0.0861511463383799,-0.0050051592422254,0.0050051592422254
"254295",-0.451016122413357,-0.429339194471361,-0.021676927941996,0.021676927941996
"254359",-0.353603098327638,-0.327977606195997,-0.025625492131641,0.025625492131641
"254427",0.3273952178399,0.315890559801987,0.011504658037913,0.011504658037913
"2548",0.316511741248628,0.274666904517202,0.041844836731426,0.041844836731426
"254863",-0.175716427803551,-0.193109225335749,0.017392797532198,0.017392797532198
"2549",-0.014597029706535,0.00667353783512895,-0.021270567541664,0.021270567541664
"2551",0.176941300281961,0.20572519437038,-0.028783894088419,0.028783894088419
"255104",-0.312406109454904,-0.279215785677475,-0.033190323777429,0.033190323777429
"255252",-0.0611147850559054,-0.0597038772520408,-0.0014109078038646,0.0014109078038646
"2553",-0.319490994459602,-0.298108618865154,-0.021382375594448,0.021382375594448
"255394",-0.26198855216666,-0.222283689727095,-0.039704862439565,0.039704862439565
"255488",0.26515385871215,0.26574161991589,-0.000587761203739989,0.000587761203739989
"255520",-0.458889902659486,-0.444131475751547,-0.014758426907939,0.014758426907939
"255758",0.0575026502170251,0.0534816968049693,0.0040209534120558,0.0040209534120558
"255919",0.1028068145779,0.111949322099361,-0.00914250752146099,0.00914250752146099
"255967",0.0694872192265522,0.0617353247953532,0.007751894431199,0.007751894431199
"256281",0.466641316795426,0.433663046846751,0.032978269948675,0.032978269948675
"256364",-0.0269366480064714,-0.0232126232127067,-0.0037240247937647,0.0037240247937647
"2564",0.0628081785996371,0.0618347338944553,0.000973444705181799,0.000973444705181799
"256471",-0.199281801283093,-0.191151084265592,-0.00813071701750101,0.00813071701750101
"256586",0.997275003441252,0.997660117092827,-0.000385113651575009,0.000385113651575009
"256714",0.152187607730923,0.151437922187064,0.000749685543858986,0.000749685543858986
"256933",0.619725492142628,0.542295387633917,0.0774301045087109,0.0774301045087109
"256949",1.18975347764421,1.2278953184677,-0.0381418408234899,0.0381418408234899
"257068",0.209058032787589,0.181449832342596,0.027608200444993,0.027608200444993
"257218",0.217955722311788,0.221902252057632,-0.003946529745844,0.003946529745844
"257415",-0.00657036826582329,-0.00366973445963221,-0.00290063380619108,0.00290063380619108
"25771",0.0511767734342993,0.0683908453332167,-0.0172140718989174,0.0172140718989174
"25776",0.20886837358108,0.18453119090863,0.02433718267245,0.02433718267245
"25777",0.199262688207768,0.182663237226665,0.016599450981103,0.016599450981103
"25778",0.738160131839148,0.688810346087354,0.0493497857517939,0.0493497857517939
"25782",0.140590235663776,0.129199833435248,0.011390402228528,0.011390402228528
"25788",-0.267918013676775,-0.228201353506789,-0.039716660169986,0.039716660169986
"25793",-0.0210827362246931,-0.00430061051937805,-0.016782125705315,0.016782125705315
"25796",0.0181301098770967,0.012803723393198,0.0053263864838987,0.0053263864838987
"25797",-0.748176242610489,-0.729359302452278,-0.018816940158211,0.018816940158211
"25799",-0.0757949589590633,-0.0718519693998724,-0.0039429895591909,0.0039429895591909
"2580",-0.0351807653308614,-0.0505562182731354,0.015375452942274,0.015375452942274
"25800",-0.431796929036395,-0.423980086696391,-0.00781684234000402,0.00781684234000402
"25801",0.789583280075097,0.799420814316272,-0.00983753424117495,0.00983753424117495
"25802",0.392605783829395,0.391779980110243,0.000825803719151974,0.000825803719151974
"25804",-0.2539091525426,-0.226437049164865,-0.027472103377735,0.027472103377735
"25805",0.506006117616445,0.506477495625961,-0.000471378009516021,0.000471378009516021
"25807",-0.581911956880785,-0.530894648960492,-0.051017307920293,0.051017307920293
"2581",0.237657000850869,0.246079466232006,-0.008422465381137,0.008422465381137
"25813",-0.0771262582033216,-0.117002172603432,0.0398759144001104,0.0398759144001104
"25814",0.0179996819166319,0.0207326922311078,-0.0027330103144759,0.0027330103144759
"25816",0.104122738127943,0.123566940984998,-0.019444202857055,0.019444202857055
"2582",-0.100984563532738,-0.0998658473400815,-0.00111871619265651,0.00111871619265651
"25820",-0.400564085124587,-0.356964638322998,-0.043599446801589,0.043599446801589
"25821",-0.218534513618829,-0.189229177510228,-0.029305336108601,0.029305336108601
"25824",0.0799658396433581,0.0719309757069498,0.0080348639364083,0.0080348639364083
"25825",-0.237961198431673,-0.244758504752176,0.00679730632050302,0.00679730632050302
"25828",-0.38667746974028,-0.34422942142397,-0.04244804831631,0.04244804831631
"25831",0.111478130016033,0.105283554587919,0.006194575428114,0.006194575428114
"25833",-0.20359318376067,-0.167259336410043,-0.036333847350627,0.036333847350627
"25836",0.10045881973261,0.0972483549148528,0.00321046481775721,0.00321046481775721
"25839",-0.150285301341322,-0.132573400358988,-0.017711900982334,0.017711900982334
"2584",-0.247004732577825,-0.246389665933284,-0.000615066644540974,0.000615066644540974
"25840",0.158819525117915,0.10586070064062,0.052958824477295,0.052958824477295
"25842",-0.263330328540285,-0.252247564026954,-0.011082764513331,0.011082764513331
"25844",0.045793356681396,0.0457688778519783,2.44788294177026e-05,2.44788294177026e-05
"25847",0.141360664222313,0.161567288615869,-0.020206624393556,0.020206624393556
"25849",-0.237490287095925,-0.229160566395805,-0.00832972070012,0.00832972070012
"2585",0.120720431823598,0.122992081094851,-0.00227164927125301,0.00227164927125301
"25850",-0.152513068776218,-0.134621834052565,-0.017891234723653,0.017891234723653
"25851",0.123877643106676,0.135193435460642,-0.011315792353966,0.011315792353966
"25852",-0.219202861693731,-0.167673430649722,-0.051529431044009,0.051529431044009
"25853",0.209176727563867,0.208892365535565,0.000284362028301982,0.000284362028301982
"25854",-0.125401748807254,-0.150715495487714,0.02531374668046,0.02531374668046
"25855",-0.269252794323608,-0.2286093469722,-0.040643447351408,0.040643447351408
"25864",0.0352616916781901,0.0312232302874275,0.0040384613907626,0.0040384613907626
"25865",0.0355483105340965,0.0289358253319338,0.0066124852021627,0.0066124852021627
"25870",-0.344202242532179,-0.350026502718418,0.00582426018623899,0.00582426018623899
"25873",-0.155004479410395,-0.166833246516487,0.011828767106092,0.011828767106092
"25874",0.360996761255078,0.354741592137549,0.00625516911752899,0.00625516911752899
"25875",-0.0173666665489008,-0.0241501914053681,0.0067835248564673,0.0067835248564673
"25879",-0.0491313776684197,-0.039350152775499,-0.0097812248929207,0.0097812248929207
"2588",-0.0116904443996867,0.00217708680564922,-0.0138675312053359,0.0138675312053359
"25880",0.028345703325281,0.0478494020663765,-0.0195036987410955,0.0195036987410955
"2589",0.147483888618853,0.15333662797106,-0.00585273935220701,0.00585273935220701
"25891",0.540155865658536,0.552034087513614,-0.011878221855078,0.011878221855078
"25893",0.167978536936109,0.16313218833274,0.00484634860336899,0.00484634860336899
"25895",-0.137280875898255,-0.131413705750117,-0.00586717014813801,0.00586717014813801
"25896",-0.085828029649498,-0.0572428460910725,-0.0285851835584255,0.0285851835584255
"25897",0.343973300235292,0.318885747464095,0.025087552771197,0.025087552771197
"2590",-0.533763836121701,-0.478992059354892,-0.054771776766809,0.054771776766809
"25900",0.0261484415613987,0.0370715141122117,-0.010923072550813,0.010923072550813
"25901",0.183837705367606,0.191800773594336,-0.00796306822673001,0.00796306822673001
"25902",-0.993045392000544,-0.92613021013919,-0.066915181861354,0.066915181861354
"25903",1.16985866604383,1.18111718931363,-0.0112585232698001,0.0112585232698001
"25904",-0.373285817503633,-0.321574998431233,-0.0517108190724,0.0517108190724
"25906",-0.210148385665161,-0.202933285514901,-0.00721510015026,0.00721510015026
"25909",-0.119523285991424,-0.119392358495159,-0.000130927496265004,0.000130927496265004
"25911",0.239697178205043,0.219535119764641,0.020162058440402,0.020162058440402
"25912",-0.0569820435838067,-0.0474401164829432,-0.0095419271008635,0.0095419271008635
"25913",-0.0459371772679695,-0.0216050170887086,-0.0243321601792609,0.0243321601792609
"25915",0.224924436869587,0.217487542698646,0.00743689417094098,0.00743689417094098
"25917",-0.187949517382575,-0.167269382778679,-0.020680134603896,0.020680134603896
"2592",-0.701080044053402,-0.633269622273285,-0.067810421780117,0.067810421780117
"25920",0.248321323940727,0.22378896386754,0.024532360073187,0.024532360073187
"25921",-0.135434072508396,-0.123898870096589,-0.011535202411807,0.011535202411807
"25923",-0.0275644174439905,-0.0321865111376498,0.0046220936936593,0.0046220936936593
"259230",0.352662671874724,0.373224833751309,-0.020562161876585,0.020562161876585
"25926",-0.060293742095751,-0.0473934753865004,-0.0129002667092506,0.0129002667092506
"259266",-0.17037812718666,-0.197006486427829,0.026628359241169,0.026628359241169
"25927",0.813324573766797,0.790950739562873,0.022373834203924,0.022373834203924
"25929",-0.165056856201004,-0.138484357874112,-0.026572498326892,0.026572498326892
"2593",-0.0353379372054019,-0.0540275146538658,0.0186895774484639,0.0186895774484639
"25930",-0.0883142769259982,-0.0900685405866863,0.00175426366068809,0.00175426366068809
"25932",-0.0724445905371884,-0.0818358877262536,0.0093912971890652,0.0093912971890652
"25934",0.324564311436689,0.342707591169721,-0.018143279733032,0.018143279733032
"25936",0.130663352828054,0.135835815099166,-0.00517246227111201,0.00517246227111201
"25937",0.0937777072866739,0.101929074146245,-0.0081513668595711,0.0081513668595711
"25940",-0.0125100433065091,-0.00636485017446252,-0.00614519313204658,0.00614519313204658
"25941",-0.0798354459071922,-0.0844370786012844,0.00460163269409219,0.00460163269409219
"25942",0.082160881881742,0.0755323885751567,0.0066284933065853,0.0066284933065853
"25945",-0.165462495581532,-0.148461383386984,-0.017001112194548,0.017001112194548
"25946",-0.161840555684377,-0.17494516883959,0.013104613155213,0.013104613155213
"25948",0.319226533094817,0.339118800500504,-0.019892267405687,0.019892267405687
"25949",0.042864841303321,0.0516690310956035,-0.0088041897922825,0.0088041897922825
"25950",0.073515368523665,0.0981757460273438,-0.0246603775036788,0.0246603775036788
"25953",-0.0366515210614395,-0.0341570767085323,-0.0024944443529072,0.0024944443529072
"25957",-0.0743574287881562,-0.0673187882196203,-0.0070386405685359,0.0070386405685359
"25959",0.507669709311544,0.464487622597664,0.04318208671388,0.04318208671388
"25960",0.861205703292158,0.802782711446177,0.058422991845981,0.058422991845981
"25962",0.0622846747509847,0.0648335762671617,-0.002548901516177,0.002548901516177
"25963",-0.0243226762425723,-0.0182377922024856,-0.0060848840400867,0.0060848840400867
"25966",-0.474009936597395,-0.46419310126616,-0.00981683533123501,0.00981683533123501
"2597",-0.237449112825092,-0.241609858392983,0.00416074556789098,0.00416074556789098
"25970",0.164651116906552,0.153392890799522,0.01125822610703,0.01125822610703
"25972",0.00994144532974229,0.0122497066892228,-0.00230826135948051,0.00230826135948051
"25973",0.0351314074070742,0.0228031571473206,0.0123282502597536,0.0123282502597536
"25975",0.706064576474186,0.696277666390149,0.00978691008403698,0.00978691008403698
"25976",0.281560050182927,0.277501592219458,0.00405845796346899,0.00405845796346899
"25977",0.0204890692001973,0.0317798375715656,-0.0112907683713683,0.0112907683713683
"25978",0.0377419506253722,0.0518668743271164,-0.0141249237017442,0.0141249237017442
"25979",-0.414364814028102,-0.391150538902566,-0.023214275125536,0.023214275125536
"25980",-0.000544200547432774,0.0180214732609107,-0.0185656738083435,0.0185656738083435
"25981",-0.0703268958797904,-0.0689233972764823,-0.00140349860330809,0.00140349860330809
"25984",-0.0729653810960663,-0.0726811949159378,-0.000284186180128501,0.000284186180128501
"25987",-0.0367596102158074,-0.0488209787323522,0.0120613685165448,0.0120613685165448
"25988",-0.0701970922540227,-0.0424774220594668,-0.0277196701945559,0.0277196701945559
"25989",0.0944134557214416,0.0960687454788886,-0.00165528975744701,0.00165528975744701
"25994",-0.151706653288128,-0.160191448975874,0.00848479568774602,0.00848479568774602
"25996",-0.0611039248993624,-0.0644423866466466,0.0033384617472842,0.0033384617472842
"25998",0.0346829452257149,0.0160648421111578,0.0186181031145571,0.0186181031145571
"25999",0.407358565683842,0.344875444618139,0.062483121065703,0.062483121065703
"26000",0.0575267448977799,0.0433910329436783,0.0141357119541016,0.0141357119541016
"26001",-0.193556970212609,-0.194375478736746,0.000818508524136979,0.000818508524136979
"26003",-0.195645968095648,-0.173062366089609,-0.022583602006039,0.022583602006039
"26007",-0.000362059197747678,-0.0135621286138577,0.01320006941611,0.01320006941611
"26009",0.0178174791824025,0.0241278902673201,-0.0063104110849176,0.0063104110849176
"26010",0.454478129756868,0.421000221944076,0.033477907812792,0.033477907812792
"26012",0.23929615484043,0.203517398171134,0.035778756669296,0.035778756669296
"26015",0.0821781804539573,0.0697559289318318,0.0124222515221255,0.0124222515221255
"26017",0.414964472515725,0.372485449357223,0.042479023158502,0.042479023158502
"26019",-0.00989322568099874,-0.0162950030490479,0.00640177736804916,0.00640177736804916
"26020",0.109139942575524,0.0898360065617186,0.0193039360138054,0.0193039360138054
"26022",0.309549754349357,0.272685605170961,0.036864149178396,0.036864149178396
"26031",-0.270308784766419,-0.29054692082746,0.020238136061041,0.020238136061041
"26035",0.730865666872866,0.706564362511604,0.024301304361262,0.024301304361262
"26036",0.15695914985212,0.151387971391295,0.005571178460825,0.005571178460825
"26037",-0.167023661582012,-0.177163221486947,0.010139559904935,0.010139559904935
"26039",0.00409547543426505,0.0106166334953482,-0.00652115806108315,0.00652115806108315
"26040",0.332634350321953,0.349512830973649,-0.016878480651696,0.016878480651696
"26046",0.0102538872527745,0.00753303097763228,0.00272085627514222,0.00272085627514222
"26053",0.538997923252462,0.47463111534706,0.064366807905402,0.064366807905402
"26057",0.140941582661805,0.122725531949329,0.018216050712476,0.018216050712476
"26058",0.0795927139367925,0.0869265924874268,-0.0073338785506343,0.0073338785506343
"26060",0.127133896219646,0.149169425195577,-0.022035528975931,0.022035528975931
"26061",0.0137839347764876,0.0152494379440999,-0.0014655031676123,0.0014655031676123
"26063",-0.0252369733260492,-0.055431163472061,0.0301941901460118,0.0301941901460118
"26064",-0.0357334275722373,-0.0506176537421686,0.0148842261699313,0.0148842261699313
"26065",-0.00905169289772626,-0.0139473588528658,0.00489566595513954,0.00489566595513954
"26073",-0.0186331234347116,-0.0314604203791891,0.0128272969444775,0.0128272969444775
"26088",-0.0159032750921092,-0.00370216053760693,-0.0122011145545023,0.0122011145545023
"26090",-0.252453131332418,-0.213092312511542,-0.039360818820876,0.039360818820876
"26091",-0.0461725386897735,-0.0388228604518139,-0.0073496782379596,0.0073496782379596
"26092",0.254986016421861,0.254956947692322,2.90687295389502e-05,2.90687295389502e-05
"26094",-0.236618265452133,-0.202073437475329,-0.034544827976804,0.034544827976804
"26098",-0.0419941778112186,-0.0253231566535297,-0.0166710211576889,0.0166710211576889
"26099",0.00864241881001181,0.0190404055525876,-0.0103979867425758,0.0103979867425758
"26100",-0.108522953890573,-0.0854087455224232,-0.0231142083681498,0.0231142083681498
"26112",0.0925450870078541,0.107974491908035,-0.0154294049001809,0.0154294049001809
"26118",0.0631974347715997,0.0754895643685114,-0.0122921295969117,0.0122921295969117
"26119",0.267857000770478,0.282298892798981,-0.014441892028503,0.014441892028503
"26122",0.181789017061188,0.170172336127123,0.011616680934065,0.011616680934065
"26123",-0.416554661378052,-0.3861692198212,-0.030385441556852,0.030385441556852
"26127",0.242726545192089,0.256944797052027,-0.014218251859938,0.014218251859938
"26128",0.234887532906427,0.236126076710194,-0.00123854380376701,0.00123854380376701
"26130",0.0393948211532931,0.0375887977810929,0.0018060233722002,0.0018060233722002
"26133",0.0110061170399196,0.0215812759060259,-0.0105751588661063,0.0105751588661063
"26135",-0.043074010639577,-0.0473906218057088,0.0043166111661318,0.0043166111661318
"26136",0.0258226547097534,0.00942373955615041,0.016398915153603,0.016398915153603
"26145",0.0241310337458748,-0.0196368377176091,0.0437678714634839,0.0437678714634839
"26147",0.424936119413773,0.399299515251709,0.025636604162064,0.025636604162064
"2615",0.0978352849082007,0.104057689852136,-0.00622240494393529,0.00622240494393529
"26151",-0.0169025384406599,-0.00900455524611365,-0.00789798319454625,0.00789798319454625
"26152",0.0808744896412872,0.0579789092906736,0.0228955803506136,0.0228955803506136
"26155",-0.0388631872500022,-0.0375263856695052,-0.001336801580497,0.001336801580497
"2617",-0.210698670288379,-0.209738221548276,-0.000960448740102982,0.000960448740102982
"2618",-0.197554801904578,-0.159695080546657,-0.037859721357921,0.037859721357921
"2619",0.431371290652671,0.427977477393964,0.00339381325870697,0.00339381325870697
"26190",0.0912422044700273,0.0792938599647068,0.0119483445053205,0.0119483445053205
"262",-0.13857437103601,-0.101899314888468,-0.036675056147542,0.036675056147542
"26205",-0.235545559588939,-0.236232296361836,0.000686736772897018,0.000686736772897018
"26207",0.319678956674102,0.288658902933481,0.031020053740621,0.031020053740621
"26224",0.285920020989993,0.290056551178113,-0.00413653018812005,0.00413653018812005
"26225",0.199537283685062,0.209616711946087,-0.010079428261025,0.010079428261025
"26227",-0.254040453962912,-0.242998384511474,-0.011042069451438,0.011042069451438
"26229",-0.232786366477807,-0.199488850834657,-0.03329751564315,0.03329751564315
"26233",-0.192224374629944,-0.196347111250891,0.004122736620947,0.004122736620947
"26234",0.147989726790651,0.141599846904661,0.00638987988599002,0.00638987988599002
"2624",-0.59680122272186,-0.574836108751127,-0.021965113970733,0.021965113970733
"26240",0.291477930393561,0.24877772773602,0.042700202657541,0.042700202657541
"26249",0.897004356987055,0.77529789770392,0.121706459283135,0.121706459283135
"2625",-0.441952704485211,-0.436376641862984,-0.00557606262222698,0.00557606262222698
"26258",0.110133788722617,0.137712095149335,-0.027578306426718,0.027578306426718
"26259",-0.0553504502565624,-0.0577090723149637,0.0023586220584013,0.0023586220584013
"26260",0.00293755136153142,-0.0055909481462029,0.00852849950773432,0.00852849950773432
"26263",-0.148738817939819,-0.144660072496359,-0.00407874544345999,0.00407874544345999
"26266",0.138928647133175,0.142399075165847,-0.003470428032672,0.003470428032672
"26268",-0.417625615003171,-0.376907968489631,-0.04071764651354,0.04071764651354
"26269",0.513425265959618,0.520376580297626,-0.006951314338008,0.006951314338008
"2627",0.342389752332198,0.352334854512181,-0.00994510217998301,0.00994510217998301
"26271",0.557624425461224,0.503409585274373,0.0542148401868511,0.0542148401868511
"26272",-0.0966628997774464,-0.0876909284821609,-0.0089719712952855,0.0089719712952855
"26273",0.0154008603879587,0.0299018647138327,-0.014501004325874,0.014501004325874
"26275",0.172037175963829,0.170127883050907,0.00190929291292199,0.00190929291292199
"26276",-0.0355609964602592,-0.0411285498449448,0.0055675533846856,0.0055675533846856
"26277",0.185993781231724,0.206698415828249,-0.020704634596525,0.020704634596525
"2628",1.1120875277222,1.13635130699408,-0.0242637792718801,0.0242637792718801
"26284",0.0165693742798489,0.00988848791285679,0.00668088636699211,0.00668088636699211
"26286",-0.0286184337184451,-0.0260146570085218,-0.0026037767099233,0.0026037767099233
"26289",-0.412726225269494,-0.380478008946311,-0.032248216323183,0.032248216323183
"26297",0.235688277320472,0.203676297077912,0.03201198024256,0.03201198024256
"2631",0.231002816245857,0.225171167111145,0.00583164913471201,0.00583164913471201
"2632",-0.202208030821325,-0.206141012783909,0.00393298196258401,0.00393298196258401
"2633",-0.290188308927797,-0.297732666452899,0.00754435752510196,0.00754435752510196
"2634",-0.50434198661453,-0.511775352367244,0.00743336575271403,0.00743336575271403
"2635",0.566533752773616,0.58048573273762,-0.0139519799640041,0.0139519799640041
"26353",-0.231204380804192,-0.227895819349052,-0.00330856145514,0.00330856145514
"26354",-0.438467016128213,-0.413706520749353,-0.02476049537886,0.02476049537886
"26355",-0.306945438868697,-0.333398672333227,0.02645323346453,0.02645323346453
"2639",-0.237333935233293,-0.222305406874334,-0.015028528358959,0.015028528358959
"2644",-0.24699808734124,-0.242103963561145,-0.00489412378009502,0.00489412378009502
"2647",-0.189621817443595,-0.185368925801762,-0.00425289164183298,0.00425289164183298
"26471",-0.260792524307888,-0.267483953934037,0.00669142962614899,0.00669142962614899
"2648",-0.0580610318065725,-0.0657359534892176,0.00767492168264509,0.00767492168264509
"26499",0.0836829077082175,0.0927639086622354,-0.0090810009540179,0.0090810009540179
"2650",-0.96174667044945,-0.913563501183886,-0.048183169265564,0.048183169265564
"26502",-0.0219287070965132,-0.00737621554860238,-0.0145524915479108,0.0145524915479108
"26504",-0.400871434811431,-0.372248891133953,-0.028622543677478,0.028622543677478
"26505",0.00332318729928734,0.0198726259482345,-0.0165494386489472,0.0165494386489472
"26508",1.13423085204314,1.0578505330381,0.0763803190050398,0.0763803190050398
"26509",-0.316403766963471,-0.326444848569833,0.010041081606362,0.010041081606362
"26511",0.164173585619432,0.162646421502028,0.001527164117404,0.001527164117404
"26512",-0.0377860390652809,-0.0524165950531117,0.0146305559878308,0.0146305559878308
"26515",-0.00811270852397722,0.0251459653954555,-0.0332586739194327,0.0332586739194327
"26519",-0.0802871083931624,-0.0540772533420174,-0.026209855051145,0.026209855051145
"26520",-0.2170898871375,-0.212006115302666,-0.00508377183483399,0.00508377183483399
"26521",-0.0579134162683501,-0.0703682862754786,0.0124548700071285,0.0124548700071285
"26523",-0.203531179655635,-0.198729886735206,-0.004801292920429,0.004801292920429
"26524",0.0907202691957992,0.0661536421498656,0.0245666270459336,0.0245666270459336
"26525",0.265504955056745,0.266166906637077,-0.000661951580331999,0.000661951580331999
"26528",-0.873697658938921,-0.802917136986862,-0.0707805219520591,0.0707805219520591
"26574",-0.235175425589904,-0.214715751855526,-0.020459673734378,0.020459673734378
"26577",0.143737442261063,0.156346913357561,-0.012609471096498,0.012609471096498
"26578",0.0738757479829334,0.0807462311388509,-0.0068704831559175,0.0068704831559175
"26586",0.0742939248958957,0.0465558494368392,0.0277380754590565,0.0277380754590565
"26589",-0.109480648845038,-0.103559733622669,-0.005920915222369,0.005920915222369
"26608",-0.273314425522744,-0.235993148878622,-0.037321276644122,0.037321276644122
"26610",0.0480076666377303,0.0566066856037263,-0.00859901896599601,0.00859901896599601
"2664",-0.774466615494186,-0.697672504364418,-0.0767941111297681,0.0767941111297681
"2665",0.0268730765097479,0.0312535524671249,-0.004380475957377,0.004380475957377
"266675",0.0818291708471375,0.0515079648911639,0.0303212059559736,0.0303212059559736
"266812",0.0159176457301005,0.0306593251362639,-0.0147416794061634,0.0147416794061634
"2669",-0.837279289745512,-0.845486710308909,0.00820742056339696,0.00820742056339696
"267",0.447847599313138,0.470703882229414,-0.022856282916276,0.022856282916276
"267002",-0.0705226324186336,-0.0587572324989415,-0.0117653999196921,0.0117653999196921
"2673",-0.158193226712387,-0.144739631669668,-0.013453595042719,0.013453595042719
"26750",-0.0247442238744223,-0.02134210951105,-0.0034021143633723,0.0034021143633723
"26751",0.00391136193653557,-0.00759181384377792,0.0115031757803135,0.0115031757803135
"2677",0.0106571231004594,0.025639730977121,-0.0149826078766616,0.0149826078766616
"2683",-0.173687709465516,-0.162274191801174,-0.011413517664342,0.011413517664342
"2688",0.350621784210968,0.349781024212312,0.000840759998656015,0.000840759998656015
"2690",-0.181941050465612,-0.174278744381732,-0.00766230608387999,0.00766230608387999
"26953",0.0391103838173351,0.0643053141513384,-0.0251949303340033,0.0251949303340033
"26958",0.314747057578269,0.252665960764689,0.06208109681358,0.06208109681358
"26959",0.0736538186040188,0.0970039380582401,-0.0233501194542213,0.0233501194542213
"2697",0.56957722940842,0.543309543030561,0.026267686377859,0.026267686377859
"26973",-0.0747871933848819,-0.0491514787677235,-0.0256357146171584,0.0256357146171584
"26985",0.0869852391330701,0.091495538643557,-0.0045102995104869,0.0045102995104869
"26993",0.14801426521241,0.159953339366371,-0.011939074153961,0.011939074153961
"26994",-0.319662212679948,-0.293992724135943,-0.025669488544005,0.025669488544005
"26995",-0.281623850360005,-0.269886148793686,-0.011737701566319,0.011737701566319
"27005",0.0219414911252129,0.0367335317205945,-0.0147920405953816,0.0147920405953816
"2701",1.30809657058678,1.36274428486662,-0.0546477142798401,0.0546477142798401
"27013",-0.0157416418795788,-0.0110107072082189,-0.0047309346713599,0.0047309346713599
"27018",0.194085642482141,0.200672109995503,-0.006586467513362,0.006586467513362
"2702",0.126541599364776,0.14220185142344,-0.015660252058664,0.015660252058664
"27020",0.2874682810555,0.276929945695921,0.010538335359579,0.010538335359579
"27030",0.0499317271275414,0.0792544069188408,-0.0293226797912994,0.0293226797912994
"27031",0.29107946557116,0.282938669915835,0.00814079565532499,0.00814079565532499
"27032",-0.393562557264532,-0.368944186010534,-0.024618371253998,0.024618371253998
"27034",0.0567451953953642,0.0646182172758377,-0.00787302188047351,0.00787302188047351
"27040",0.0745849257582089,0.0538386589462055,0.0207462668120034,0.0207462668120034
"27043",-0.187877526048474,-0.166037602021597,-0.021839924026877,0.021839924026877
"27044",-0.158230873655829,-0.145976210012651,-0.012254663643178,0.012254663643178
"27065",0.780526211117063,0.718340526884103,0.06218568423296,0.06218568423296
"27067",-0.0629514961320164,-0.0550109214708824,-0.00794057466113399,0.00794057466113399
"27068",0.043030974665626,0.0336836557318886,0.0093473189337374,0.0093473189337374
"27069",-0.0207933885998679,-0.0243228231475903,0.0035294345477224,0.0035294345477224
"27071",0.139786383018166,0.142967336620105,-0.00318095360193899,0.00318095360193899
"27074",-0.346121863759502,-0.363849373857436,0.017727510097934,0.017727510097934
"27075",-0.0984931448707481,-0.0823229695922716,-0.0161701752784765,0.0161701752784765
"27076",-0.990482123154546,-0.953877000741902,-0.036605122412644,0.036605122412644
"27077",0.0805426242668333,0.0696253731552729,0.0109172511115604,0.0109172511115604
"27079",-0.246542186061659,-0.230581081208753,-0.015961104852906,0.015961104852906
"27086",0.0421907597926044,0.0378909254008401,0.0042998343917643,0.0042998343917643
"27089",-0.0251845251105892,-0.0283665551285054,0.0031820300179162,0.0031820300179162
"27090",-0.352200075508419,-0.339461044238223,-0.012739031270196,0.012739031270196
"27095",0.116974386963916,0.112546251157333,0.00442813580658301,0.00442813580658301
"27101",-0.438595640118369,-0.389159442729188,-0.049436197389181,0.049436197389181
"27102",-0.0542847689889211,-0.0614825932099818,0.0071978242210607,0.0071978242210607
"27106",0.0393737016870207,0.0450308743372911,-0.0056571726502704,0.0056571726502704
"27107",0.105338892445341,0.093964289722539,0.011374602722802,0.011374602722802
"27109",0.00855054014076807,0.0230247886737048,-0.0144742485329367,0.0144742485329367
"27113",-0.144935550453647,-0.138216420099232,-0.00671913035441501,0.00671913035441501
"27122",1.30177068466497,1.271237169472,0.03053351519297,0.03053351519297
"27128",1.37769309228327,1.29555418319637,0.0821389090869,0.0821389090869
"27129",0.13909217072797,0.0989027627373218,0.0401894079906482,0.0401894079906482
"27131",0.0448155397933547,0.0501035770669047,-0.00528803727355,0.00528803727355
"27143",0.17808071754115,0.17946420578051,-0.00138348823935999,0.00138348823935999
"27147",-0.2439365814642,-0.203486731919916,-0.040449849544284,0.040449849544284
"27148",0.00809342842591183,-0.0138943822904441,0.0219878107163559,0.0219878107163559
"27152",-0.138674505400696,-0.126811407452426,-0.01186309794827,0.01186309794827
"27153",-0.0772212165386357,-0.0810805804807126,0.00385936394207689,0.00385936394207689
"27154",-0.236513320285199,-0.230619750041294,-0.00589357024390499,0.00589357024390499
"27163",0.373839502391123,0.346428811142911,0.027410691248212,0.027410691248212
"27166",-0.271758988452237,-0.252960217350874,-0.018798771101363,0.018798771101363
"2717",-0.531140008391418,-0.503986818761675,-0.027153189629743,0.027153189629743
"27173",0.0649995274923062,0.0381184024446087,0.0268811250476975,0.0268811250476975
"27175",0.371715878051974,0.359712627217817,0.012003250834157,0.012003250834157
"27183",0.11819048069169,0.112820532932727,0.005369947758963,0.005369947758963
"2719",0.854494691006975,0.819410220082906,0.035084470924069,0.035084470924069
"2720",0.390072098756677,0.394403080400566,-0.00433098164388901,0.00433098164388901
"27201",-0.165328244867667,-0.139998328719685,-0.025329916147982,0.025329916147982
"27229",-0.100814473484068,-0.101293433018163,0.000478959534095005,0.000478959534095005
"27230",-0.234794425457106,-0.217770732555846,-0.01702369290126,0.01702369290126
"27235",0.0840314314932449,0.0720181676134926,0.0120132638797523,0.0120132638797523
"27236",-0.184793232665598,-0.166763635926111,-0.018029596739487,0.018029596739487
"27237",0.381454860587504,0.321041955159839,0.060412905427665,0.060412905427665
"27238",-0.229099637812022,-0.193008232272146,-0.036091405539876,0.036091405539876
"27241",0.16039238523025,0.136322981915866,0.024069403314384,0.024069403314384
"27242",0.147908706306989,0.146468007754181,0.00144069855280798,0.00144069855280798
"27243",-0.0903935356402072,-0.0906726451951606,0.000279109554953402,0.000279109554953402
"27244",0.318488078504845,0.321964508318116,-0.00347642981327101,0.00347642981327101
"27246",-0.0728631685753393,-0.0498079641470577,-0.0230552044282816,0.0230552044282816
"27247",-0.231955588475014,-0.214160181011349,-0.017795407463665,0.017795407463665
"27248",-0.0975855820605078,-0.0853776253420853,-0.0122079567184225,0.0122079567184225
"27249",0.125669239386451,0.129011989061342,-0.00334274967489101,0.00334274967489101
"27250",0.258686407892787,0.272925001062392,-0.014238593169605,0.014238593169605
"27252",0.185964144801132,0.206396759740441,-0.020432614939309,0.020432614939309
"27257",0.0898914786479822,0.0883099301831958,0.00158154846478641,0.00158154846478641
"27258",-0.0657056443339594,-0.0492848198843856,-0.0164208244495738,0.0164208244495738
"27286",0.723343276434342,0.673400822860158,0.049942453574184,0.049942453574184
"2729",-0.130064032602031,-0.134974685125501,0.00491065252347,0.00491065252347
"27292",0.193782990380194,0.208611078237215,-0.014828087857021,0.014828087857021
"27295",0.8921422247169,0.854436264265319,0.0377059604515809,0.0377059604515809
"27297",-0.0340353962988222,-0.0440157779871258,0.0099803816883036,0.0099803816883036
"2730",0.137315481383363,0.160120277198658,-0.022804795815295,0.022804795815295
"27300",-0.121900260998074,-0.124772299554058,0.002872038555984,0.002872038555984
"27301",-0.127137968333249,-0.116108329471182,-0.011029638862067,0.011029638862067
"27303",0.302637903327232,0.306819628505736,-0.00418172517850401,0.00418172517850401
"27306",1.60889632013918,1.52437153619144,0.0845247839477399,0.0845247839477399
"27309",-0.055224888349086,-0.0428047681422865,-0.0124201202067995,0.0124201202067995
"2731",0.200249462856855,0.188335489700327,0.011913973156528,0.011913973156528
"27315",0.188797128967043,0.176915071801416,0.011882057165627,0.011882057165627
"27316",-0.163764046332486,-0.13272415485129,-0.031039891481196,0.031039891481196
"27327",0.138066588097084,0.130295889376143,0.00777069872094099,0.00777069872094099
"2733",-0.116455085934661,-0.102180101205968,-0.014274984728693,0.014274984728693
"27332",0.0227202251421526,-0.0132934549082044,0.036013680050357,0.036013680050357
"27335",0.0592047750316979,0.0533323910555386,0.0058723839761593,0.0058723839761593
"27339",-0.265810756097245,-0.265976270285613,0.000165514188367966,0.000165514188367966
"27341",-0.232451922767508,-0.215886694923141,-0.016565227844367,0.016565227844367
"27342",0.215159424348597,0.15735015161063,0.057809272737967,0.057809272737967
"27344",-0.687603886572922,-0.61880407515915,-0.068799811413772,0.068799811413772
"27345",0.370685264460329,0.367176665672458,0.00350859878787102,0.00350859878787102
"27346",-0.153175500844978,-0.163166938518695,0.00999143767371699,0.00999143767371699
"27348",-0.327491535971174,-0.295615922451179,-0.031875613519995,0.031875613519995
"27349",-0.278085234244043,-0.256685988265239,-0.021399245978804,0.021399245978804
"27352",-0.127423632281267,-0.119842346354637,-0.00758128592662999,0.00758128592662999
"2737",0.328015664428429,0.307807193352654,0.020208471075775,0.020208471075775
"2739",0.0305399170486235,0.0402281508048491,-0.0096882337562256,0.0096882337562256
"274",0.735228949735037,0.688891411969934,0.0463375377651031,0.0463375377651031
"27429",0.0546158687151629,0.0783959409861272,-0.0237800722709643,0.0237800722709643
"27430",0.255003672715123,0.256178236848681,-0.00117456413355804,0.00117456413355804
"27434",-0.311341882130929,-0.281222195981692,-0.030119686149237,0.030119686149237
"27436",0.156729168769888,0.158452823156608,-0.00172365438672001,0.00172365438672001
"2744",-0.00675143370095257,0.00628951318741273,-0.0130409468883653,0.0130409468883653
"27440",-0.300857739174143,-0.308789640244986,0.00793190107084302,0.00793190107084302
"2745",-0.171478869155355,-0.162536044931459,-0.008942824223896,0.008942824223896
"2746",0.0355070131498869,0.0279158224303339,0.007591190719553,0.007591190719553
"2747",0.345706647433172,0.334743025910807,0.010963621522365,0.010963621522365
"275",-0.310782691460116,-0.308275272842856,-0.00250741861726,0.00250741861726
"2752",0.363609548210541,0.378847310763397,-0.015237762552856,0.015237762552856
"2760",-0.250080928239261,-0.208588269959497,-0.041492658279764,0.041492658279764
"2762",0.0811651791171629,0.0628278997286674,0.0183372793884955,0.0183372793884955
"2764",-0.022884564319364,-0.0212853420369717,-0.0015992222823923,0.0015992222823923
"2768",0.0622734282345893,0.0443024378832613,0.017970990351328,0.017970990351328
"2770",0.219809565298232,0.201734191408282,0.01807537388995,0.01807537388995
"2771",0.338955934171829,0.341528356159817,-0.00257242198798802,0.00257242198798802
"2773",-0.054398939539065,-0.0313968935177993,-0.0230020460212657,0.0230020460212657
"2776",-0.196629103442484,-0.167513014810166,-0.029116088632318,0.029116088632318
"2778",0.00633890498637108,-0.00621612965609009,0.0125550346424612,0.0125550346424612
"2782",0.259023377540502,0.242371910902187,0.016651466638315,0.016651466638315
"2783",0.0838525037653331,0.0901344443829898,-0.0062819406176567,0.0062819406176567
"2786",-0.674041963778334,-0.662105123225453,-0.011936840552881,0.011936840552881
"2787",0.0801257139919156,0.0842916318984578,-0.00416591790654219,0.00416591790654219
"2788",0.0403340229312541,0.0354986418508497,0.0048353810804044,0.0048353810804044
"2791",1.00554844950167,1.05271693578794,-0.04716848628627,0.04716848628627
"2792",0.0774959015176845,0.125066445154386,-0.0475705436367015,0.0475705436367015
"2794",-0.120229538123368,-0.113877779813649,-0.006351758309719,0.006351758309719
"2799",0.0616344362244873,0.0705582103350839,-0.0089237741105966,0.0089237741105966
"2800",-0.00726403249403313,-0.00822594910690313,0.000961916612870001,0.000961916612870001
"2801",-0.247633574713928,-0.241441357542886,-0.00619221717104199,0.00619221717104199
"2802",-0.159612711400461,-0.180467141025746,0.020854429625285,0.020854429625285
"2803",-0.115301324114548,-0.101146048595809,-0.014155275518739,0.014155275518739
"2804",-0.0522967900759841,-0.0649606427118544,0.0126638526358703,0.0126638526358703
"2805",-0.0930646834221073,-0.0959984149386565,0.0029337315165492,0.0029337315165492
"2806",-0.181158225134029,-0.189596157658341,0.00843793252431202,0.00843793252431202
"280636",0.166188945086086,0.164251913588319,0.001937031497767,0.001937031497767
"2815",-0.513581969342804,-0.40775985636435,-0.105822112978454,0.105822112978454
"2817",0.141824322447434,0.116789018218529,0.025035304228905,0.025035304228905
"2820",-0.133217529256873,-0.124478867970554,-0.00873866128631899,0.00873866128631899
"2821",-0.301207011027242,-0.310915208521255,0.00970819749401297,0.00970819749401297
"28227",-0.125099593775162,-0.140283871583488,0.015184277808326,0.015184277808326
"28231",-1.12047983588399,-1.14932303893252,0.0288432030485299,0.0288432030485299
"2828",0.41240541774208,0.386627793163786,0.025777624578294,0.025777624578294
"282809",0.280807672770297,0.268321369385961,0.012486303384336,0.012486303384336
"2829",0.0361553126515426,-0.00272519000775215,0.0388805026592947,0.0388805026592947
"282969",0.547003793294751,0.52400538130109,0.022998411993661,0.022998411993661
"283130",-0.0299847957450599,0.00855134120195053,-0.0385361369470104,0.0385361369470104
"283229",0.0925760915265908,0.0684521363090441,0.0241239552175467,0.0241239552175467
"283232",-0.0386417417454629,-0.0559620987936867,0.0173203570482238,0.0173203570482238
"283237",-0.397770940081312,-0.358164092466099,-0.039606847615213,0.039606847615213
"283248",-0.554254808052091,-0.483346993825896,-0.070907814226195,0.070907814226195
"283254",0.0783051318709302,0.0787160054120441,-0.000410873541113896,0.000410873541113896
"283377",-0.232904742581871,-0.227719730187941,-0.00518501239392999,0.00518501239392999
"283385",-0.54025944455753,-0.482505025252425,-0.0577544193051051,0.0577544193051051
"283635",-0.0716481147563992,-0.0892061016871318,0.0175579869307326,0.0175579869307326
"283849",-0.222710047222023,-0.184553627939633,-0.03815641928239,0.03815641928239
"283899",0.0386028372584438,0.0374128963051479,0.0011899409532959,0.0011899409532959
"283987",-0.280559588583115,-0.259817493970752,-0.020742094612363,0.020742094612363
"283991",-0.0675375725294802,-0.0322031716385384,-0.0353344008909418,0.0353344008909418
"284",0.175868298173309,0.179976646068484,-0.00410834789517497,0.00410834789517497
"284018",0.754082915723784,0.76261301279897,-0.00853009707518593,0.00853009707518593
"284086",-0.0075501290253301,-0.0162649802176332,0.0087148511923031,0.0087148511923031
"284119",0.492055074726939,0.479195332351561,0.012859742375378,0.012859742375378
"284161",-0.198906627533335,-0.173735842630952,-0.025170784902383,0.025170784902383
"284207",-0.143866631053243,-0.11003156438725,-0.033835066665993,0.033835066665993
"284252",-0.180820359141837,-0.198253715839326,0.017433356697489,0.017433356697489
"284273",0.36167376834536,0.407273730289468,-0.045599961944108,0.045599961944108
"284309",0.255575939238345,0.251595192291367,0.00398074694697798,0.00398074694697798
"284348",-0.0624919042197755,-0.0775981633537453,0.0151062591339698,0.0151062591339698
"284361",-0.24891857915624,-0.220817049064049,-0.028101530092191,0.028101530092191
"284370",0.0642069963085426,0.048003511709993,0.0162034845985496,0.0162034845985496
"284406",0.0110249075048149,0.0108559000588688,0.0001690074459461,0.0001690074459461
"284443",0.0306630649115084,0.0314840020151761,-0.0008209371036677,0.0008209371036677
"284459",-0.00428200576937104,-0.00692596449421454,0.0026439587248435,0.0026439587248435
"284695",-0.270806109235507,-0.240811790593513,-0.029994318641994,0.029994318641994
"284996",0.122351713154352,0.122426079022977,-7.43658686249982e-05,7.43658686249982e-05
"285",-0.202939857313015,-0.204156563338795,0.00121670602578,0.00121670602578
"28511",0.139335255784658,0.142958325819539,-0.00362307003488099,0.00362307003488099
"28512",-0.0393591763566374,-0.0356269872307519,-0.0037321891258855,0.0037321891258855
"28514",-0.0937351262972673,-0.0809812014615098,-0.0127539248357575,0.0127539248357575
"285172",-0.244984789136127,-0.207846757184178,-0.037138031951949,0.037138031951949
"2852",1.10679605037726,1.03077588025687,0.07602017012039,0.07602017012039
"285268",-0.0995767975626865,-0.108144330789302,0.00856753322661549,0.00856753322661549
"285282",-0.26080980996452,-0.232514186377089,-0.028295623587431,0.028295623587431
"285343",-0.272613130664769,-0.249103003094737,-0.023510127570032,0.023510127570032
"285362",0.113457397729701,0.114305110120264,-0.000847712390562999,0.000847712390562999
"285367",0.168308546154524,0.186247646532894,-0.01793910037837,0.01793910037837
"285381",-0.221119754216189,-0.212704853699394,-0.00841490051679503,0.00841490051679503
"285613",0.0608475538575079,0.0614092471580851,-0.000561693300577204,0.000561693300577204
"285753",0.148858066619611,0.114193203514343,0.034664863105268,0.034664863105268
"285761",-0.14785832243309,-0.138941109185452,-0.008917213247638,0.008917213247638
"285955",-0.129342556104899,-0.111743159446638,-0.017599396658261,0.017599396658261
"285973",-0.324836380265269,-0.30627551325338,-0.018560867011889,0.018560867011889
"286006",-0.00675083807881836,-0.0270867011432268,0.0203358630644084,0.0203358630644084
"286053",-0.0871276437921713,-0.0653120590427708,-0.0218155847494005,0.0218155847494005
"286097",0.382542339908141,0.332709193155127,0.049833146753014,0.049833146753014
"2861",0.289165836473029,0.27228162768814,0.016884208784889,0.016884208784889
"286148",-0.0308984402966182,-0.0205407550668191,-0.0103576852297991,0.0103576852297991
"286257",-0.935932335411489,-0.81774061454901,-0.118191720862479,0.118191720862479
"286319",0.106675303616769,0.128665371050617,-0.021990067433848,0.021990067433848
"286451",-0.364788211763588,-0.337284481948536,-0.027503729815052,0.027503729815052
"286676",-0.218736152805425,-0.242638061560761,0.023901908755336,0.023901908755336
"286826",0.106272283060785,0.0924012180528281,0.0138710650079569,0.0138710650079569
"2869",0.174425273083477,0.189040135469708,-0.014614862386231,0.014614862386231
"2870",-0.0215893062651014,-0.04571632654473,0.0241270202796286,0.0241270202796286
"2872",-0.145061315472447,-0.135387620846976,-0.00967369462547099,0.00967369462547099
"2873",0.0430925221048525,0.056481253359571,-0.0133887312547185,0.0133887312547185
"2874",-0.0486523978294343,-0.0321053744166639,-0.0165470234127704,0.0165470234127704
"2878",0.288895993739792,0.276624923818443,0.012271069921349,0.012271069921349
"2879",-0.0415291277797866,-0.0494453090400125,0.0079161812602259,0.0079161812602259
"288",0.299989381067877,0.264678152068562,0.035311228999315,0.035311228999315
"2882",0.345174241684295,0.351789907117783,-0.00661566543348802,0.00661566543348802
"2885",-0.353956605661134,-0.310435084774589,-0.043521520886545,0.043521520886545
"2886",-0.153807150489239,-0.182484497934442,0.028677347445203,0.028677347445203
"2887",0.0117188937853744,0.0102764710265455,0.0014424227588289,0.0014424227588289
"2888",1.61918471624013,1.65737383535904,-0.0381891191189099,0.0381891191189099
"2889",0.253089546562401,0.234044004109674,0.019045542452727,0.019045542452727
"28955",0.245252665388628,0.252071232189747,-0.00681856680111897,0.00681856680111897
"28956",0.292859810014301,0.2920062016253,0.000853608389001004,0.000853608389001004
"2896",0.0819990234178228,0.073246619913402,0.00875240350442079,0.00875240350442079
"28960",-0.180089354963677,-0.192795581823143,0.012706226859466,0.012706226859466
"28962",-0.115915160453663,-0.104831595383065,-0.011083565070598,0.011083565070598
"28965",-1.15664328511318,-1.14271249448147,-0.0139307906317101,0.0139307906317101
"28966",0.498875241760815,0.456091272594607,0.042783969166208,0.042783969166208
"28969",-0.253723253487923,-0.257726602737955,0.00400334925003198,0.00400334925003198
"28970",0.0355793392287247,0.0216213110739105,0.0139580281548142,0.0139580281548142
"28971",0.194582157931661,0.170199506511467,0.024382651420194,0.024382651420194
"28972",-0.119672556755659,-0.112194465922043,-0.00747809083361599,0.00747809083361599
"28973",-0.209067671533191,-0.190591105582541,-0.01847656595065,0.01847656595065
"28974",-0.205775162162476,-0.201074648167533,-0.00470051399494298,0.00470051399494298
"28976",-0.338264495827061,-0.314975325856319,-0.023289169970742,0.023289169970742
"28977",-0.322756502553499,-0.299197140832497,-0.023559361721002,0.023559361721002
"28984",1.68851367917358,1.64208507634254,0.0464286028310399,0.0464286028310399
"28985",0.0307353496811279,0.00914583678022874,0.0215895129008992,0.0215895129008992
"28986",0.639886603180122,0.624579931537182,0.01530667164294,0.01530667164294
"28987",-0.220714141921947,-0.206358981118565,-0.014355160803382,0.014355160803382
"28988",0.127638257055032,0.123844859508602,0.00379339754643002,0.00379339754643002
"28989",-0.423295177481757,-0.37112644616579,-0.052168731315967,0.052168731315967
"28990",0.0548504979358452,0.0646504251249381,-0.0097999271890929,0.0097999271890929
"28991",0.25268781514556,0.260620227553465,-0.00793241240790499,0.00793241240790499
"28992",-0.305603029318224,-0.314875217446985,0.00927218812876102,0.00927218812876102
"28998",0.0611591129291464,0.0624998817893281,-0.0013407688601817,0.0013407688601817
"29",0.481481365452653,0.435832705045552,0.045648660407101,0.045648660407101
"290",0.325423085846357,0.3230011744007,0.00242191144565701,0.00242191144565701
"29028",-0.348608881307404,-0.317150904887049,-0.031457976420355,0.031457976420355
"29035",0.187669769517187,0.163938948363832,0.023730821153355,0.023730821153355
"2905",0.707193038258789,0.674296418528764,0.032896619730025,0.032896619730025
"29058",0.108197717623799,0.0938911335831779,0.0143065840406211,0.0143065840406211
"29062",0.0494875767565325,0.0400979142979211,0.0093896624586114,0.0093896624586114
"29066",0.143659185867637,0.164649173768051,-0.020989987900414,0.020989987900414
"2907",0.0953338427004477,0.0977842588004765,-0.0024504161000288,0.0024504161000288
"29071",-0.144541163181828,-0.124440247491424,-0.020100915690404,0.020100915690404
"29072",0.106021224718417,0.0991062068291328,0.0069150178892842,0.0069150178892842
"29074",-0.0747063587051493,-0.0619835259412626,-0.0127228327638867,0.0127228327638867
"29078",-0.00244928324482087,0.0258676108996519,-0.0283168941444728,0.0283168941444728
"2908",0.870823044284578,0.88557051336611,-0.014747469081532,0.014747469081532
"29080",-0.0404741518642569,-0.0443903978833334,0.0039162460190765,0.0039162460190765
"29081",0.0154500650302056,0.0193232890461434,-0.0038732240159378,0.0038732240159378
"29082",0.053521830416613,0.055085437226556,-0.001563606809943,0.001563606809943
"29083",-0.0938859113125617,-0.0816700407312073,-0.0122158705813544,0.0122158705813544
"29085",-0.265842913124542,-0.259933931024655,-0.00590898209988699,0.00590898209988699
"29086",0.00906729443757438,0.021592289021918,-0.0125249945843436,0.0125249945843436
"29087",-0.0483204771057609,-0.0448968483170699,-0.003423628788691,0.003423628788691
"29088",-0.0521230593822302,-0.0473892401854105,-0.0047338191968197,0.0047338191968197
"29089",-0.278823921031882,-0.272965899495023,-0.00585802153685905,0.00585802153685905
"29090",-0.0535404415871949,-0.0391870131829261,-0.0143534284042688,0.0143534284042688
"29091",0.391437747736518,0.425968430662635,-0.034530682926117,0.034530682926117
"29093",-0.016458503923462,-0.0139333916447467,-0.0025251122787153,0.0025251122787153
"29094",0.530198861832606,0.560852207865333,-0.030653346032727,0.030653346032727
"29097",-0.0590507182512928,-0.0504048055943946,-0.0086459126568982,0.0086459126568982
"29098",0.232863988125051,0.216010168732116,0.016853819392935,0.016853819392935
"29099",0.0473298934445212,0.0525617962241087,-0.0052319027795875,0.0052319027795875
"291",0.0704323126231123,0.0853035068891216,-0.0148711942660093,0.0148711942660093
"29100",-0.330143481780264,-0.31470795263253,-0.015435529147734,0.015435529147734
"29101",-0.0829890789519811,-0.0752570198766264,-0.00773205907535469,0.00773205907535469
"29102",-0.215013865103722,-0.207860308305498,-0.00715355679822399,0.00715355679822399
"29103",0.285821271622284,0.268224401018615,0.017596870603669,0.017596870603669
"29104",-0.159329582514253,-0.137610042958741,-0.021719539555512,0.021719539555512
"29105",0.0874803555534808,0.109219294476612,-0.0217389389231312,0.0217389389231312
"29107",-0.0188209942122875,-0.00782905302915344,-0.0109919411831341,0.0109919411831341
"29108",0.601284744011693,0.603703651376086,-0.00241890736439299,0.00241890736439299
"29110",-0.0550609592064863,-0.0375757493895372,-0.0174852098169491,0.0174852098169491
"29115",0.0858686171370539,0.0954384075311586,-0.0095697903941047,0.0095697903941047
"29116",0.235949256902012,0.26797510138892,-0.032025844486908,0.032025844486908
"29117",0.055798707633671,0.0534265471485513,0.0023721604851197,0.0023721604851197
"29123",0.0240663322627107,0.0160488074066008,0.0080175248561099,0.0080175248561099
"29124",-1.1691714430261,-1.17264406251863,0.00347261949253008,0.00347261949253008
"29126",-0.113460467696723,-0.0631486211148998,-0.0503118465818232,0.0503118465818232
"29127",-0.347118486703648,-0.339133427156581,-0.00798505954706696,0.00798505954706696
"292",0.137117225099751,0.136801067887799,0.000316157211951995,0.000316157211951995
"2926",0.154637984101889,0.150576675515083,0.00406130858680601,0.00406130858680601
"293",-0.0332342019816078,-0.0323423793268955,-0.000891822654712299,0.000891822654712299
"2932",-0.204897974885377,-0.177265037295865,-0.027632937589512,0.027632937589512
"2934",0.0401205480508963,0.0334233379510139,0.0066972100998824,0.0066972100998824
"2935",-0.25532512771034,-0.246548395304314,-0.008776732406026,0.008776732406026
"2936",0.251512113908513,0.256955278205916,-0.00544316429740299,0.00544316429740299
"2937",-0.00125794228833131,-0.00947130227421929,0.00821335998588798,0.00821335998588798
"2940",0.575810205367415,0.562431801266164,0.013378404101251,0.013378404101251
"2941",0.223264284343215,0.207251763477133,0.016012520866082,0.016012520866082
"2947",0.202080157994437,0.175392419889386,0.026687738105051,0.026687738105051
"2948",-0.0926025037067467,-0.0717548596098338,-0.0208476440969129,0.0208476440969129
"2950",-0.19628846338213,-0.198219600620987,0.00193113723885702,0.00193113723885702
"2954",-0.0898483102917295,-0.0757567045152978,-0.0140916057764317,0.0140916057764317
"2956",0.155314988005008,0.161511686840065,-0.006196698835057,0.006196698835057
"2957",-0.381386117812376,-0.322723551809746,-0.05866256600263,0.05866256600263
"2958",0.126541671264039,0.116132975642117,0.010408695621922,0.010408695621922
"2959",0.0764002440188912,0.0675847804813164,0.0088154635375748,0.0088154635375748
"2960",-0.0335710833230331,-0.00935385569593915,-0.024217227627094,0.024217227627094
"2961",-0.0822959579921674,-0.0802768840478939,-0.0020190739442735,0.0020190739442735
"2962",-0.0551155674048035,-0.0474850612368532,-0.0076305061679503,0.0076305061679503
"2963",0.0112487038143951,0.00721541912724475,0.00403328468715035,0.00403328468715035
"2965",0.196009271223746,0.211270051718168,-0.015260780494422,0.015260780494422
"2967",-0.32405622573777,-0.286852578607054,-0.037203647130716,0.037203647130716
"2968",-0.105043372034512,-0.105094351166011,5.09791314989988e-05,5.09791314989988e-05
"2969",0.318323904919136,0.334093440664684,-0.015769535745548,0.015769535745548
"2971",-0.0391314534036592,-0.0334388084421586,-0.0056926449615006,0.0056926449615006
"2972",0.0613333473895418,0.0458334211014197,0.0154999262881221,0.0154999262881221
"2975",0.276959855742795,0.24904274341284,0.027917112329955,0.027917112329955
"2976",-0.0777496115819394,-0.0752969585314137,-0.00245265305052569,0.00245265305052569
"29760",-0.201553848474247,-0.180895262791939,-0.020658585682308,0.020658585682308
"29761",-0.0326266173903416,-0.0206677995499247,-0.0119588178404169,0.0119588178404169
"29763",0.0497674124633649,0.0248618305328873,0.0249055819304776,0.0249055819304776
"29766",-0.252965399344535,-0.227117760332689,-0.025847639011846,0.025847639011846
"29777",0.183825594299045,0.194944699086171,-0.011119104787126,0.011119104787126
"29781",-0.222100589935836,-0.215772857477042,-0.00632773245879401,0.00632773245879401
"29785",-0.815958945234074,-0.782577959703862,-0.033380985530212,0.033380985530212
"29789",0.0669255792436568,0.0628076796027936,0.0041178996408632,0.0041178996408632
"29796",-0.172254545908395,-0.144629953054041,-0.027624592854354,0.027624592854354
"29801",0.149957693528958,0.123929621734967,0.026028071793991,0.026028071793991
"29803",0.0394961559238435,0.0496579423661171,-0.0101617864422736,0.0101617864422736
"2982",1.20775588704344,1.13514378212613,0.0726121049173098,0.0726121049173098
"29841",-0.30985611800629,-0.309257880211296,-0.000598237794993961,0.000598237794993961
"29842",0.0419945419662706,0.0203403578894767,0.0216541840767939,0.0216541840767939
"29844",0.44482312428073,0.432702021233761,0.012121103046969,0.012121103046969
"2987",-0.247000699894933,-0.241154098069931,-0.00584660182500202,0.00584660182500202
"29880",-0.0977359455964259,-0.0796213238721988,-0.0181146217242271,0.0181146217242271
"29883",-0.244646152627743,-0.224497433665876,-0.020148718961867,0.020148718961867
"29886",-0.0931204465417755,-0.0665549311695912,-0.0265655153721843,0.0265655153721843
"29887",-0.683768624114199,-0.683853572013338,8.49478991389319e-05,8.49478991389319e-05
"29888",0.175298207424113,0.164413707292215,0.010884500131898,0.010884500131898
"29889",-0.251635946609641,-0.253171196028977,0.00153524941933597,0.00153524941933597
"29890",-0.138905010171909,-0.150393201431235,0.011488191259326,0.011488191259326
"29893",-0.0529697910293095,-0.0582630822326902,0.0052932912033807,0.0052932912033807
"29894",-0.169724447106025,-0.155182253555413,-0.014542193550612,0.014542193550612
"29896",-0.190051003991748,-0.169625375926313,-0.020425628065435,0.020425628065435
"29899",-0.509590110872751,-0.500520842041475,-0.00906926883127601,0.00906926883127601
"2990",0.14629131776168,0.140180109136376,0.00611120862530401,0.00611120862530401
"29911",-0.190062275025636,-0.18262932614326,-0.007432948882376,0.007432948882376
"29914",-0.41788491009189,-0.376778959817868,-0.041105950274022,0.041105950274022
"29915",0.1857665526756,0.21433027293624,-0.02856372026064,0.02856372026064
"29916",0.0751761202264617,0.0888781041113506,-0.0137019838848889,0.0137019838848889
"29919",0.187956635635841,0.181246490854626,0.00671014478121501,0.00671014478121501
"2992",0.208180133454078,0.211643228177601,-0.00346309472352302,0.00346309472352302
"29920",0.200151942022659,0.184615074376649,0.01553686764601,0.01553686764601
"29923",-0.47359047131196,-0.45345133259804,-0.02013913871392,0.02013913871392
"29924",0.0723714931240403,0.045696339432738,0.0266751536913023,0.0266751536913023
"29925",-0.653482998326441,-0.612516312402912,-0.0409666859235289,0.0409666859235289
"29926",-0.547134900162064,-0.519860911691856,-0.027273988470208,0.027273988470208
"29927",-0.0601561997693092,-0.0537476114406612,-0.006408588328648,0.006408588328648
"29928",0.204330002743227,0.175048898949045,0.029281103794182,0.029281103794182
"29929",-0.149876237625875,-0.135756782145263,-0.014119455480612,0.014119455480612
"29935",0.2487654676234,0.198489432123274,0.050276035500126,0.050276035500126
"29937",-0.468089578414943,-0.427798814794744,-0.040290763620199,0.040290763620199
"29940",0.504495426481701,0.441511664091869,0.062983762389832,0.062983762389832
"29941",-0.0485756821661117,-0.0473959223121951,-0.0011797598539166,0.0011797598539166
"29945",-0.154464008853398,-0.160773519267504,0.00630951041410599,0.00630951041410599
"29946",0.143251822955235,0.137969790121067,0.005282032834168,0.005282032834168
"2995",0.611195373536445,0.577362463676024,0.0338329098604211,0.0338329098604211
"29950",0.0626713328229419,0.0706698930721913,-0.0079985602492494,0.0079985602492494
"29952",0.424983137903293,0.411025179866746,0.013957958036547,0.013957958036547
"29954",0.232146045340599,0.200005898719092,0.032140146621507,0.032140146621507
"29956",0.436154201003137,0.406080536070298,0.030073664932839,0.030073664932839
"29957",-0.00137150528497638,0.022587448056996,-0.0239589533419724,0.0239589533419724
"29959",0.0132862775910042,0.0190959604884252,-0.005809682897421,0.005809682897421
"29960",-0.0852534948896623,-0.0695100213773697,-0.0157434735122926,0.0157434735122926
"29965",0.0817232357032645,0.0702663957865159,0.0114568399167486,0.0114568399167486
"29966",0.0794022238268674,0.0726919172931151,0.00671030653375231,0.00671030653375231
"29968",-0.745985114920865,-0.68632549112759,-0.0596596237932749,0.0596596237932749
"29969",-0.0580429564298995,-0.030788213261965,-0.0272547431679345,0.0272547431679345
"2997",-0.427477595330448,-0.454528581278173,0.027050985947725,0.027050985947725
"29978",-0.0123260156439931,-0.0111281813068529,-0.0011978343371402,0.0011978343371402
"29979",0.0913006235967381,0.0888756779404993,0.0024249456562388,0.0024249456562388
"29980",-0.232758610685482,-0.215595995409076,-0.017162615276406,0.017162615276406
"29982",-0.297592055029062,-0.280476484130628,-0.017115570898434,0.017115570898434
"29984",0.0110088782264644,-0.0258219201552617,0.0368307983817261,0.0368307983817261
"29985",-0.201972110034965,-0.185328107596454,-0.016644002438511,0.016644002438511
"29988",0.147062538638769,0.104864774744068,0.042197763894701,0.042197763894701
"29992",0.0174591508185872,0.0107842373859676,0.0066749134326196,0.0066749134326196
"29994",0.141409992510198,0.132351794068852,0.009058198441346,0.009058198441346
"29995",0.291761287394853,0.283525578820877,0.00823570857397604,0.00823570857397604
"29997",0.0293396056567131,0.0128587110810286,0.0164808945756845,0.0164808945756845
"30",0.022321070223401,0.023589732323333,-0.001268662099932,0.001268662099932
"30008",0.61453279896057,0.574488009595327,0.040044789365243,0.040044789365243
"30011",0.423601344307305,0.406338554127611,0.017262790179694,0.017262790179694
"3005",0.0750806987318534,0.0714008843389638,0.0036798143928896,0.0036798143928896
"3006",-0.560945550366871,-0.560857752090578,-8.77982762930163e-05,8.77982762930163e-05
"30061",0.123774456834073,0.136146759125097,-0.012372302291024,0.012372302291024
"301",0.166255027826217,0.15988560096197,0.00636942686424702,0.00636942686424702
"3014",-0.267945174186005,-0.284508213440828,0.016563039254823,0.016563039254823
"3015",0.0268903971717053,0.0239697266538061,0.0029206705178992,0.0029206705178992
"3017",-0.285487011977597,-0.295491001644652,0.010003989667055,0.010003989667055
"302",0.061515412051288,0.0497550812500659,0.0117603308012221,0.0117603308012221
"3021",0.431770648196172,0.414285560295306,0.017485087900866,0.017485087900866
"3028",-0.24089181809198,-0.228641411793465,-0.012250406298515,0.012250406298515
"3029",0.106337322137047,0.0997433074545377,0.00659401468250929,0.00659401468250929
"3030",0.0867382480826876,0.0963167685917596,-0.009578520509072,0.009578520509072
"3032",0.0150801440203622,0.0177552952047077,-0.0026751511843455,0.0026751511843455
"3033",0.139449500240579,0.118321283916462,0.021128216324117,0.021128216324117
"3035",-0.394668917365471,-0.368797037104265,-0.025871880261206,0.025871880261206
"3043",1.86686753496516,1.70807474304367,0.15879279192149,0.15879279192149
"3045",0.0820829721584285,0.0881831103549068,-0.0061001381964783,0.0061001381964783
"3046",-2.86427703740012,-2.81831985131798,-0.0459571860821399,0.0459571860821399
"3048",1.16314127238369,0.98723687413315,0.17590439825054,0.17590439825054
"3052",0.227969545212351,0.241296625555057,-0.013327080342706,0.013327080342706
"3059",0.0193101685106766,0.0312561238889202,-0.0119459553782436,0.0119459553782436
"306",0.381523259342544,0.41672827605823,-0.035205016715686,0.035205016715686
"3064",0.162778183862986,0.131665610083663,0.031112573779323,0.031112573779323
"3065",0.0073610861673944,0.0191451541954842,-0.0117840680280898,0.0117840680280898
"3066",0.0936851842010919,0.0785594755004581,0.0151257087006338,0.0151257087006338
"3068",-0.100278302475978,-0.11227132964043,0.011993027164452,0.011993027164452
"307",-0.371035609842722,-0.404020950119001,0.032985340276279,0.032985340276279
"3070",-0.393966059792233,-0.404636758306784,0.010670698514551,0.010670698514551
"3073",0.388125435834702,0.359081693282071,0.029043742552631,0.029043742552631
"3074",0.129404571824775,0.167948486542228,-0.038543914717453,0.038543914717453
"308",-0.131470375097294,-0.12157174564392,-0.00989862945337401,0.00989862945337401
"30812",0.595040767494228,0.572621518442431,0.0224192490517969,0.0224192490517969
"30815",0.39362601372763,0.363529991739539,0.030096021988091,0.030096021988091
"30816",-0.41900384700887,-0.410448847078996,-0.00855499992987402,0.00855499992987402
"3082",0.805628101047463,0.790107963848837,0.015520137198626,0.015520137198626
"30833",-0.0719739257124933,-0.0367676927695051,-0.0352062329429882,0.0352062329429882
"30834",-0.159869878529464,-0.145556598829695,-0.014313279699769,0.014313279699769
"30836",0.206810145436545,0.177231865033672,0.029578280402873,0.029578280402873
"30844",0.344749759697925,0.313151281632703,0.031598478065222,0.031598478065222
"30845",-0.25614698688416,-0.220065706995673,-0.036081279888487,0.036081279888487
"30849",0.0943207950342022,0.118599881853065,-0.0242790868188628,0.0242790868188628
"30850",0.169603696853063,0.148386429184031,0.021217267669032,0.021217267669032
"309",-0.0753580955858822,-0.041389097374123,-0.0339689982117592,0.0339689982117592
"3091",0.319929042933385,0.28339280473179,0.036536238201595,0.036536238201595
"3092",0.436724394152088,0.428621573295487,0.00810282085660102,0.00810282085660102
"3093",0.080422627779988,0.0668814294753464,0.0135411983046416,0.0135411983046416
"3094",0.0269407388329813,0.001358389635511,0.0255823491974703,0.0255823491974703
"3096",0.0577325596869121,0.0402978715487349,0.0174346881381772,0.0174346881381772
"30968",-0.087285175699823,-0.0566329005870988,-0.0306522751127242,0.0306522751127242
"3097",0.290783273180769,0.278374014549533,0.012409258631236,0.012409258631236
"3098",-0.0841095141369938,-0.102893527632597,0.0187840134956032,0.0187840134956032
"3099",-0.867354109487584,-0.865124022190465,-0.00223008729711893,0.00223008729711893
"310",0.0286720858610572,0.0273882917514656,0.0012837941095916,0.0012837941095916
"3104",0.123286195919541,0.116564710059124,0.006721485860417,0.006721485860417
"3106",1.45979308899223,1.39332883808052,0.0664642509117099,0.0664642509117099
"3108",0.562988013818481,0.55437935667117,0.00860865714731096,0.00860865714731096
"3109",1.28278072713426,1.19299602866447,0.0897846984697899,0.0897846984697899
"311",0.136958129257143,0.105346248640475,0.031611880616668,0.031611880616668
"3113",0.869889473255175,0.81877282049344,0.0511166527617349,0.0511166527617349
"3122",1.20463925454953,1.16864731139801,0.0359919431515199,0.0359919431515199
"3133",0.200628711509238,0.207724095642914,-0.007095384133676,0.007095384133676
"3134",1.51892984511109,1.46085868228289,0.0580711628282,0.0580711628282
"3135",-0.328823592326998,-0.283526273356049,-0.045297318970949,0.045297318970949
"3140",-0.0404399283653445,-0.018020442618504,-0.0224194857468405,0.0224194857468405
"3141",-0.024503085542667,-0.0163049192032779,-0.0081981663393891,0.0081981663393891
"3145",-0.490141218174988,-0.455723685553807,-0.034417532621181,0.034417532621181
"3146",0.431321371003251,0.404969751483336,0.026351619519915,0.026351619519915
"3148",-0.0761894559790559,-0.100298928245355,0.0241094722662991,0.0241094722662991
"3149",-0.031069225107744,-0.0444149499251264,0.0133457248173824,0.0133457248173824
"3155",-0.0327894245362094,-0.0242468813333346,-0.0085425432028748,0.0085425432028748
"3156",-0.100070634219712,-0.107046457477968,0.00697582325825599,0.00697582325825599
"3157",0.17791040094959,0.180316208580019,-0.00240580763042902,0.00240580763042902
"3158",-0.0307529578679133,-0.0280451365912124,-0.0027078212767009,0.0027078212767009
"3159",0.0196928357768505,0.0323209014531579,-0.0126280656763074,0.0126280656763074
"3161",-0.362384515685012,-0.356914667797197,-0.00546984788781502,0.00546984788781502
"3162",0.450167874310672,0.425851310794709,0.024316563515963,0.024316563515963
"3176",0.380822454127234,0.363590246204047,0.017232207923187,0.017232207923187
"317781",-0.0380308589280174,-0.0144363246013543,-0.0235945343266631,0.0235945343266631
"3178",-0.614436941441305,-0.538739242347301,-0.075697699094004,0.075697699094004
"318",-0.209874459231299,-0.17689333376363,-0.032981125467669,0.032981125467669
"3181",-0.0208712270224226,-0.0266175396552229,0.0057463126328003,0.0057463126328003
"3182",-0.0886617878683177,-0.0820256053452678,-0.0066361825230499,0.0066361825230499
"3183",-0.0298499999927107,-0.0138684277599653,-0.0159815722327454,0.0159815722327454
"3184",0.0634397912411924,0.052642269469834,0.0107975217713584,0.0107975217713584
"3187",-0.184062165866768,-0.171031076989535,-0.013031088877233,0.013031088877233
"3189",0.104966750562155,0.0986584011313626,0.00630834943079241,0.00630834943079241
"3190",0.0373624197708115,0.0422846549577098,-0.0049222351868983,0.0049222351868983
"3192",-0.121874226194539,-0.0761354364985666,-0.0457387896959724,0.0457387896959724
"3209",0.902946539815223,0.91342191572415,-0.010475375908927,0.010475375908927
"3212",-0.940112730007196,-0.921397738729388,-0.018714991277808,0.018714991277808
"323",0.272916028742062,0.240025836444191,0.032890192297871,0.032890192297871
"3241",-0.0747157709929024,-0.0411841636651813,-0.0335316073277211,0.0335316073277211
"3248",0.783319156335397,0.787880114534344,-0.00456095819894708,0.00456095819894708
"3251",0.230008159547807,0.233462386831015,-0.00345422728320799,0.00345422728320799
"3265",0.125105125859708,0.111985120829961,0.013120005029747,0.013120005029747
"326625",-0.0215719212118677,-0.0196181478223922,-0.0019537733894755,0.0019537733894755
"3267",0.38065732237428,0.372297929913973,0.00835939246030704,0.00835939246030704
"3269",0.324682346590421,0.335952801941448,-0.011270455351027,0.011270455351027
"327",-0.0219923445434902,-0.0359612660538829,0.0139689215103927,0.0139689215103927
"3275",0.271661038639619,0.267524466308852,0.00413657233076697,0.00413657233076697
"3276",-0.0222381428143564,0.00973200347285381,-0.0319701462872102,0.0319701462872102
"328",-0.167553471026657,-0.150471185599842,-0.017082285426815,0.017082285426815
"3280",0.0954890591550819,0.119205843805486,-0.0237167846504041,0.0237167846504041
"3281",0.220921262601951,0.218793387467127,0.00212787513482399,0.00212787513482399
"3283",-0.11596047663911,-0.131744905471015,0.015784428831905,0.015784428831905
"3284",1.32912103001954,1.37004727646594,-0.0409262464464,0.0409262464464
"329",0.16030470520937,0.159407242456915,0.000897462752455003,0.000897462752455003
"3290",1.9071841896407,1.96966128966862,-0.0624771000279201,0.0624771000279201
"3291",-0.181842783478107,-0.184762786881496,0.00292000340338899,0.00292000340338899
"3292",0.174186939722286,0.178680568776678,-0.00449362905439202,0.00449362905439202
"3294",1.93149361990683,1.93983940214007,-0.00834578223324001,0.00834578223324001
"3295",0.0233153874881817,0.0246886044726614,-0.0013732169844797,0.0013732169844797
"3298",0.292461484675492,0.289969443853894,0.00249204082159799,0.00249204082159799
"3299",0.00771898228415001,0.00407918664501614,0.00363979563913387,0.00363979563913387
"3300",0.0981885171876853,0.0671202035966159,0.0310683135910694,0.0310683135910694
"3301",0.029560848814682,0.0346622243003096,-0.0051013754856276,0.0051013754856276
"3303",0.650729724015557,0.612812469807812,0.0379172542077449,0.0379172542077449
"3306",0.0527830433177156,0.0329713821296349,0.0198116611880807,0.0198116611880807
"3308",-0.196030729494254,-0.162487290070534,-0.03354343942372,0.03354343942372
"3309",0.212967487814217,0.222511934639428,-0.00954444682521099,0.00954444682521099
"331",-0.183661492138086,-0.158713390732756,-0.02494810140533,0.02494810140533
"3312",-0.0323307655730487,-0.0234798184485266,-0.0088509471245221,0.0088509471245221
"3313",-0.21148932155672,-0.195843289395724,-0.015646032160996,0.015646032160996
"3316",0.608320242414796,0.556283022800814,0.052037219613982,0.052037219613982
"332",-0.170264963648289,-0.180113669913723,0.00984870626543399,0.00984870626543399
"3320",-0.0394114122526133,-0.0369438719925095,-0.0024675402601038,0.0024675402601038
"3321",-0.129400412281464,-0.149219521938754,0.01981910965729,0.01981910965729
"3326",-0.00734662398242035,-0.00476558861183522,-0.00258103537058513,0.00258103537058513
"3337",0.090251323204115,0.0739308255854099,0.0163204976187051,0.0163204976187051
"3338",-0.156710997383792,-0.159243926638229,0.00253292925443702,0.00253292925443702
"334",0.0265122134644934,0.0267611837114761,-0.000248970246982703,0.000248970246982703
"3340",-0.0925608095705768,-0.114827118521646,0.0222663089510692,0.0222663089510692
"3344",-0.0811681348742965,-0.0710964459152892,-0.0100716889590073,0.0100716889590073
"3376",-0.283377557843539,-0.24650755046393,-0.036870007379609,0.036870007379609
"337867",-0.193738473605693,-0.180577504924763,-0.01316096868093,0.01316096868093
"3382",0.126857178869619,0.118512592368414,0.00834458650120501,0.00834458650120501
"338382",0.41602679724848,0.353750137411813,0.062276659836667,0.062276659836667
"3384",1.14903577469681,1.17661641722899,-0.0275806425321798,0.0275806425321798
"3385",-0.0513680205568862,-0.0699646174631679,0.0185965969062817,0.0185965969062817
"3386",0.24112113580118,0.28373330620101,-0.04261217039983,0.04261217039983
"338657",-0.142884747071229,-0.142729365785018,-0.000155381286211009,0.000155381286211009
"338692",-0.0785949955122944,-0.0649266039032265,-0.0136683916090679,0.0136683916090679
"339123",-0.203654560392693,-0.185240671997212,-0.018413888395481,0.018413888395481
"339175",0.0758345399368537,0.0679282165319174,0.0079063234049363,0.0079063234049363
"339448",-0.0928223483354513,-0.0864813542020884,-0.00634099413336291,0.00634099413336291
"339487",-0.286625593006466,-0.274032215539205,-0.012593377467261,0.012593377467261
"3396",-0.214579132403415,-0.162620087201503,-0.051959045201912,0.051959045201912
"3397",0.0154463463126627,0.065303995909078,-0.0498576495964153,0.0498576495964153
"339745",0.114196583697387,0.126138465596271,-0.011941881898884,0.011941881898884
"3398",0.032879652447876,0.037138356352329,-0.00425870390445299,0.00425870390445299
"3399",-0.685248088157685,-0.638612948675261,-0.046635139482424,0.046635139482424
"34",0.323526347789824,0.318808170909996,0.00471817687982795,0.00471817687982795
"340252",-0.0772132236243209,-0.0697421171409513,-0.0074711064833696,0.0074711064833696
"340348",0.845863925015657,0.797326029831042,0.048537895184615,0.048537895184615
"340371",0.274600901975835,0.287195658131134,-0.012594756155299,0.012594756155299
"340481",0.121630766782984,0.103806538571711,0.017824228211273,0.017824228211273
"340485",-0.606700175174189,-0.599482982376994,-0.0072171927971949,0.0072171927971949
"341",0.0156711650318218,0.0245011432092668,-0.008829978177445,0.008829978177445
"3416",-0.308832552258537,-0.290493538320555,-0.018339013937982,0.018339013937982
"3417",0.130575982886907,0.137756298295824,-0.007180315408917,0.007180315408917
"3418",-0.109126061212546,-0.108786059136766,-0.000340002075779999,0.000340002075779999
"3419",0.0751782248114786,0.0891587846229884,-0.0139805598115098,0.0139805598115098
"3420",0.0403205517425245,0.0540962796948027,-0.0137757279522782,0.0137757279522782
"342035",-0.129272149180032,-0.109602210196312,-0.01966993898372,0.01966993898372
"3421",-0.0857194033259685,-0.0925007965817053,0.0067813932557368,0.0067813932557368
"3422",0.22444457475878,0.211866829111421,0.012577745647359,0.012577745647359
"3423",-0.595352489677703,-0.557735671918723,-0.0376168177589801,0.0376168177589801
"342538",-0.169652312054775,-0.14525668297486,-0.024395629079915,0.024395629079915
"3428",1.09354893221929,1.04525730234389,0.0482916298753999,0.0482916298753999
"3429",0.386513829709834,0.35803835433734,0.028475475372494,0.028475475372494
"3430",0.0796975154788024,0.0879928725128989,-0.00829535703409651,0.00829535703409651
"3431",0.344215072741451,0.352324425645133,-0.00810935290368198,0.00810935290368198
"3433",0.724234496323687,0.726266660853085,-0.00203216452939803,0.00203216452939803
"3434",-0.065128778237805,-0.0246011237845928,-0.0405276544532122,0.0405276544532122
"3437",0.363785344329525,0.414944539635561,-0.051159195306036,0.051159195306036
"3454",0.439318733359921,0.447239352458574,-0.00792061909865299,0.00792061909865299
"345757",0.258366168031738,0.264783467328796,-0.00641729929705798,0.00641729929705798
"3459",-0.0140474706182604,-0.0118742071844981,-0.0021732634337623,0.0021732634337623
"3460",0.580486814491671,0.584415694336065,-0.00392887984439394,0.00392887984439394
"3475",-0.0845737186790934,-0.067136697193086,-0.0174370214860074,0.0174370214860074
"3476",0.132653681422485,0.132349405481496,0.000304275940988974,0.000304275940988974
"347734",-0.0651752134937355,-0.0254917990302567,-0.0396834144634788,0.0396834144634788
"347735",-0.0907400905656612,-0.118771448020146,0.0280313574544848,0.0280313574544848
"347862",0.107884054345216,0.103773415193986,0.00411063915123,0.00411063915123
"3479",2.01181111908507,1.87915248652769,0.13265863255738,0.13265863255738
"348",1.28672252762859,1.23053992836409,0.0561825992645,0.0561825992645
"348094",0.600923966949473,0.517235064648378,0.083688902301095,0.083688902301095
"348110",-0.0666908493384793,-0.067284960779444,0.000594111440964704,0.000594111440964704
"3482",-0.127188128411503,-0.136601468221263,0.00941333980976,0.00941333980976
"348235",0.162395899736539,0.142058548880317,0.020337350856222,0.020337350856222
"348262",-0.219770730836669,-0.189949164355227,-0.029821566481442,0.029821566481442
"3485",0.28370975054272,0.279210109921233,0.004499640621487,0.004499640621487
"3487",0.923601383606146,0.908006332983612,0.015595050622534,0.015595050622534
"348793",-0.221896140889662,-0.199816618820102,-0.02207952206956,0.02207952206956
"3488",0.972778490779647,0.937680929829822,0.035097560949825,0.035097560949825
"3489",-0.191117384429666,-0.192679150166639,0.001561765736973,0.001561765736973
"348995",-0.16279228836235,-0.14925902127067,-0.01353326709168,0.01353326709168
"3490",1.02398557728316,1.00572488300896,0.0182606942742001,0.0182606942742001
"3491",0.185635693306007,0.214069281845369,-0.028433588539362,0.028433588539362
"35",0.26063586221604,0.215907462493034,0.044728399723006,0.044728399723006
"351",-0.0094271568870643,-0.0269380403436341,0.0175108834565698,0.0175108834565698
"353",-0.201443031072117,-0.198186179290892,-0.00325685178122501,0.00325685178122501
"353088",-0.189327833101798,-0.167490449420854,-0.021837383680944,0.021837383680944
"353116",0.325083301510563,0.309553869502929,0.015529432007634,0.015529432007634
"353322",-0.315477290459207,-0.252851784698772,-0.062625505760435,0.062625505760435
"3550",-0.000706641977114238,0.0131145807847382,-0.0138212227618524,0.0138212227618524
"3551",-0.130128367431289,-0.114292522043678,-0.015835845387611,0.015835845387611
"3554",0.244219098052256,0.234516967193918,0.00970213085833799,0.00970213085833799
"3556",-0.0378727611335248,-0.0300756697482363,-0.0077970913852885,0.0077970913852885
"3560",-0.479052991133623,-0.481683687254644,0.00263069612102101,0.00263069612102101
"3566",0.232909964185069,0.23379550424441,-0.000885540059340995,0.000885540059340995
"357",0.127993959481704,0.126103266244224,0.00189069323748001,0.00189069323748001
"3572",0.664356517061187,0.623840836156367,0.0405156809048201,0.0405156809048201
"3587",0.598694283865806,0.559762601968552,0.038931681897254,0.038931681897254
"3588",0.391223239664511,0.384579377107415,0.00664386255709598,0.00664386255709598
"3597",0.3555396198765,0.351848054822628,0.00369156505387203,0.00369156505387203
"359845",0.640380616326416,0.661068142769501,-0.020687526443085,0.020687526443085
"36",-0.238491714543333,-0.24231005013419,0.00381833559085698,0.00381833559085698
"3600",0.0804393479945237,0.0823807383881933,-0.00194139039366961,0.00194139039366961
"3607",0.00114971094267217,-0.00865221441845738,0.00980192536112955,0.00980192536112955
"3608",-0.028304283858424,-0.0251859408692779,-0.0031183429891461,0.0031183429891461
"3609",-0.0340498490829157,-0.0437397175637114,0.0096898684807957,0.0096898684807957
"3611",0.0332625420002561,0.0313001301314368,0.0019624118688193,0.0019624118688193
"3612",0.225815808295044,0.213332073946442,0.012483734348602,0.012483734348602
"3613",-0.307439716535567,-0.285368633387741,-0.022071083147826,0.022071083147826
"3614",0.0661464454285347,0.0461512922252753,0.0199951532032594,0.0199951532032594
"3615",-0.457886137696375,-0.45452937783571,-0.00335675986066497,0.00335675986066497
"3620",2.87080704936514,2.87136858141776,-0.000561532052619995,0.000561532052619995
"3621",-0.0522121428050999,-0.0501782203635914,-0.0020339224415085,0.0020339224415085
"3622",0.10614147758098,0.0963490650649863,0.00979241251599369,0.00979241251599369
"3623",-1.52992526592615,-1.44874998868542,-0.0811752772407299,0.0811752772407299
"3635",0.743950238630429,0.727828027521887,0.016122211108542,0.016122211108542
"3636",-0.0931217389505839,-0.0919576661577568,-0.0011640727928271,0.0011640727928271
"3638",0.404368838789362,0.403254971223828,0.001113867565534,0.001113867565534
"3641",-0.616672703662814,-0.619786357117981,0.00311365345516701,0.00311365345516701
"3646",-0.123783105832012,-0.126695784327135,0.00291267849512299,0.00291267849512299
"3652",-0.0859152701965809,-0.0721829266907019,-0.013732343505879,0.013732343505879
"3654",0.0520661844781804,0.0249644083055755,0.0271017761726049,0.0271017761726049
"3655",0.324179762691258,0.335291506181834,-0.011111743490576,0.011111743490576
"3658",-0.0991855013469934,-0.0658349987666481,-0.0333505025803453,0.0333505025803453
"3659",0.358259628969623,0.339368100668662,0.018891528300961,0.018891528300961
"3660",0.317602033982583,0.327686500491961,-0.010084466509378,0.010084466509378
"3661",-0.077080012079878,-0.0643992078604033,-0.0126808042194747,0.0126808042194747
"3663",0.45819558929168,0.413341660258264,0.044853929033416,0.044853929033416
"3664",-0.0336916016908086,-0.0343905261180942,0.000698924427285599,0.000698924427285599
"3665",-0.264475315894429,-0.240878394142645,-0.023596921751784,0.023596921751784
"3667",1.02382505494546,0.975083829238824,0.048741225706636,0.048741225706636
"3669",-0.29449772649759,-0.301145732564598,0.00664800606700799,0.00664800606700799
"3670",1.10376238529247,1.11276496653412,-0.00900258124164988,0.00900258124164988
"3671",0.0772635948253855,0.0722362541528088,0.00502734067257671,0.00502734067257671
"3675",0.330757715790966,0.299012670200499,0.031745045590467,0.031745045590467
"3678",-0.0442716634345206,-0.0650017278474719,0.0207300644129513,0.0207300644129513
"3682",-0.180415919373121,-0.188252735090309,0.007836815717188,0.007836815717188
"3685",-0.0582755642401745,-0.0604635918854996,0.0021880276453251,0.0021880276453251
"3689",1.43000066634611,1.39385000616667,0.0361506601794399,0.0361506601794399
"369",-0.0883240713918363,-0.0686139168952013,-0.019710154496635,0.019710154496635
"3690",-0.150296045399478,-0.150538559712242,0.000242514312764008,0.000242514312764008
"3691",0.396550645393731,0.3605178337821,0.036032811611631,0.036032811611631
"3692",-0.291340911076698,-0.259171426387044,-0.032169484689654,0.032169484689654
"3693",0.459933573171656,0.428500898589839,0.031432674581817,0.031432674581817
"37",0.185855928061525,0.174250285132568,0.011605642928957,0.011605642928957
"3703",-0.277323962246952,-0.27328108967911,-0.00404287256784197,0.00404287256784197
"3704",-0.152694071241904,-0.144980255936386,-0.00771381530551801,0.00771381530551801
"3705",0.191456055170345,0.152691096556505,0.03876495861384,0.03876495861384
"3706",0.0305539772779382,0.0268054872355518,0.0037484900423864,0.0037484900423864
"3707",0.701790384556038,0.667164015981291,0.034626368574747,0.034626368574747
"3708",0.488101819046365,0.480599479123438,0.00750233992292704,0.00750233992292704
"3709",0.337548989350936,0.329878033075306,0.00767095627563003,0.00767095627563003
"3710",0.0342245519450817,-0.0170527813845526,0.0512773333296343,0.0512773333296343
"3712",-0.222594564423627,-0.179040795246555,-0.043553769177072,0.043553769177072
"3716",0.233347156184537,0.214767676740242,0.018579479444295,0.018579479444295
"3717",0.239549955611774,0.268854494368682,-0.029304538756908,0.029304538756908
"372",-0.233966405332268,-0.23044982926065,-0.00351657607161801,0.00351657607161801
"3720",0.130743300263077,0.114755731227591,0.015987569035486,0.015987569035486
"3725",0.633975009964266,0.615697545273043,0.018277464691223,0.018277464691223
"3726",0.639832673833394,0.632435406258062,0.00739726757533199,0.00739726757533199
"3727",0.221920779219662,0.222325990696462,-0.000405211476800005,0.000405211476800005
"3728",-0.357989875198176,-0.373546460486435,0.015556585288259,0.015556585288259
"373",-0.0785411418740584,-0.0477157358374926,-0.0308254060365658,0.0308254060365658
"373156",-0.0508835924207726,-0.0327561140403767,-0.0181274783803959,0.0181274783803959
"3735",-0.279248385636039,-0.25528615329438,-0.023962232341659,0.023962232341659
"374291",-0.169505696857105,-0.148884925142273,-0.020620771714832,0.020620771714832
"374378",-0.432845500433493,-0.399542819431888,-0.033302681001605,0.033302681001605
"374395",-0.107381156658584,-0.0994876262520786,-0.00789353040650539,0.00789353040650539
"374659",-0.337597448678883,-0.324247890326964,-0.013349558351919,0.013349558351919
"374868",0.160844327251115,0.150600887214557,0.010243440036558,0.010243440036558
"374969",0.194206531279288,0.169264970641442,0.024941560637846,0.024941560637846
"375",0.0091182350676676,0.015214667022004,-0.0060964319543364,0.0060964319543364
"375061",0.314246438105248,0.310593716560148,0.00365272154509999,0.00365272154509999
"375748",-0.132847334130792,-0.107339758699452,-0.02550757543134,0.02550757543134
"375790",-0.307458858470267,-0.332282653551357,0.02482379508109,0.02482379508109
"3759",1.15189802641435,1.16986166180099,-0.0179636353866401,0.0179636353866401
"3762",0.862658218638222,0.845646565931657,0.017011652706565,0.017011652706565
"3764",0.616742494781589,0.613160210057226,0.00358228472436306,0.00358228472436306
"376497",0.370250175570715,0.330350975005096,0.039899200565619,0.039899200565619
"376940",0.122989844165561,0.112163523509006,0.010826320656555,0.010826320656555
"377",-0.0188751000073825,-0.0175064885778248,-0.0013686114295577,0.0013686114295577
"3775",0.154000669505535,0.12107883038441,0.032921839121125,0.032921839121125
"3777",0.882124085276054,0.876344823364927,0.00577926191112699,0.00577926191112699
"378",-0.044313958581411,-0.0466546235192549,0.0023406649378439,0.0023406649378439
"3783",-0.211518563355271,-0.214026000916498,0.00250743756122701,0.00250743756122701
"378708",0.0938643328192238,0.0920301604911913,0.0018341723280325,0.0018341723280325
"379",-0.106071162289117,-0.10747411384725,0.001402951558133,0.001402951558133
"3790",0.755733960597397,0.79240647618886,-0.036672515591463,0.036672515591463
"3791",0.594648005257705,0.629090218621846,-0.034442213364141,0.034442213364141
"3796",-0.306123614353294,-0.258750268339616,-0.047373346013678,0.047373346013678
"3799",-0.257701820367364,-0.224478533289598,-0.033223287077766,0.033223287077766
"38",-0.276927178629369,-0.250126337387045,-0.026800841242324,0.026800841242324
"381",0.177078193341769,0.154693013156319,0.02238518018545,0.02238518018545
"3815",-0.142149361925172,-0.0892381751180105,-0.0529111868071615,0.0529111868071615
"382",0.160669462417137,0.149904510087593,0.010764952329544,0.010764952329544
"3824",-0.27304857040184,-0.278234140156861,0.00518556975502099,0.00518556975502099
"3831",-0.0406704423355873,-0.0141139611363927,-0.0265564811991946,0.0265564811991946
"3832",-0.266780651293537,-0.28214961181342,0.015368960519883,0.015368960519883
"3835",-0.580219725818256,-0.518983176212186,-0.0612365496060699,0.0612365496060699
"3836",0.0141314848109224,0.0311298622099463,-0.0169983773990239,0.0169983773990239
"3837",-0.0655854859762673,-0.074999826905545,0.0094143409292777,0.0094143409292777
"3838",-0.0186271879786926,-0.0277477786540722,0.0091205906753796,0.0091205906753796
"3839",0.0499196740651644,0.0603979844013404,-0.010478310336176,0.010478310336176
"384",-0.233870370957837,-0.240375967543244,0.006505596585407,0.006505596585407
"3840",-0.0534746731053113,-0.0581170878376123,0.004642414732301,0.004642414732301
"3842",-0.0509298935027835,-0.0603268924498304,0.0093969989470469,0.0093969989470469
"3843",-0.185193916795603,-0.19159717627015,0.00640325947454701,0.00640325947454701
"3845",0.181647026776821,0.171558734520865,0.010088292255956,0.010088292255956
"3855",-0.162624233923284,-0.193257733809018,0.030633499885734,0.030633499885734
"387",0.225169816204772,0.226479256047517,-0.00130943984274501,0.00130943984274501
"387032",-0.0154353146511454,-0.0113120305440026,-0.0041232841071428,0.0041232841071428
"387338",0.147493301332019,0.143162611505107,0.00433068982691198,0.00433068982691198
"387758",0.436101969789221,0.436477147729724,-0.000375177940503013,0.000375177940503013
"387893",0.104376364231967,0.091796799337604,0.012579564894363,0.012579564894363
"388",0.49711412519392,0.534323775294108,-0.037209650100188,0.037209650100188
"3880",-0.469298734496494,-0.480516187227158,0.011217452730664,0.011217452730664
"388272",0.0202851075893995,0.0190590216618889,0.0012260859275106,0.0012260859275106
"388403",0.563343074786503,0.53391741433924,0.029425660447263,0.029425660447263
"3887",0.0595367311858195,0.0136269634184114,0.0459097677674081,0.0459097677674081
"388886",0.384934885800819,0.349928262614185,0.035006623186634,0.035006623186634
"388962",-0.136156202018262,-0.150975868845184,0.014819666826922,0.014819666826922
"389",0.188243048548598,0.183221748043125,0.005021300505473,0.005021300505473
"389119",0.652591229212708,0.613320654780458,0.0392705744322499,0.0392705744322499
"389136",0.0539828841893332,0.0375181401759254,0.0164647440134078,0.0164647440134078
"389421",0.111730732470137,0.117992816881124,-0.006262084410987,0.006262084410987
"3898",-0.0420361697553876,-0.0719705496725742,0.0299343799171866,0.0299343799171866
"39",0.112889363990503,0.103253547295902,0.00963581669460101,0.00963581669460101
"390",0.854639068392262,0.842710630743834,0.011928437648428,0.011928437648428
"3903",0.30514242416508,0.293317750784112,0.011824673380968,0.011824673380968
"3904",-1.66526418944669,-1.65793006350561,-0.00733412594107996,0.00733412594107996
"3908",0.962308371691666,0.930491892759546,0.03181647893212,0.03181647893212
"3909",0.117879280427648,0.0908301540371886,0.0270491263904594,0.0270491263904594
"391",0.212221155383072,0.204222990861079,0.00799816452199301,0.00799816452199301
"3910",0.429695171770826,0.411091027578017,0.018604144192809,0.018604144192809
"3911",0.072665408633596,0.0493881433984239,0.0232772652351721,0.0232772652351721
"3912",0.0209868607309405,-0.00800254361471809,0.0289894043456586,0.0289894043456586
"3913",-0.0575505147450718,-0.0111567363053941,-0.0463937784396777,0.0463937784396777
"3915",0.316749827106635,0.291725237584473,0.025024589522162,0.025024589522162
"3916",-0.189503772244791,-0.178236850863986,-0.011266921380805,0.011266921380805
"392",0.21351129026349,0.201806522698502,0.011704767564988,0.011704767564988
"3920",-0.243480569414936,-0.239273680845614,-0.004206888569322,0.004206888569322
"3925",-0.0411637991602515,-0.0248824004955428,-0.0162813986647087,0.0162813986647087
"3927",0.38010757306711,0.33606315587203,0.04404441719508,0.04404441719508
"393",1.21265433108525,1.13340341060399,0.0792509204812599,0.0792509204812599
"3930",-5.51385741602145e-05,0.0183806021591122,-0.0184357407332724,0.0184357407332724
"3931",0.0302514240296273,0.0307836193224615,-0.000532195292834201,0.000532195292834201
"3936",-0.449972714916087,-0.440598833284257,-0.00937388163183001,0.00937388163183001
"394",-0.178153283531265,-0.145101093941312,-0.033052189589953,0.033052189589953
"3945",0.260521695328108,0.246852542674766,0.013669152653342,0.013669152653342
"3949",0.223563979523413,0.21496763200492,0.008596347518493,0.008596347518493
"3952",-2.30235042639141,-2.33526650587906,0.03291607948765,0.03291607948765
"3956",0.198313182062048,0.159671185346087,0.038641996715961,0.038641996715961
"3958",0.243549294211845,0.198241440790101,0.045307853421744,0.045307853421744
"3959",0.420289952390033,0.402408247816352,0.017881704573681,0.017881704573681
"396",0.334840833763289,0.316563372642665,0.018277461120624,0.018277461120624
"3964",-0.044513324386031,-0.027064204076583,-0.017449120309448,0.017449120309448
"397",0.25507410158118,0.241019057342025,0.014055044239155,0.014055044239155
"3972",-0.405339891021935,-0.441479895415529,0.036140004393594,0.036140004393594
"3977",0.0981970320190435,0.102924572390059,-0.0047275403710155,0.0047275403710155
"3978",-0.202349708248399,-0.210127915157156,0.007778206908757,0.007778206908757
"3980",-0.534803354641237,-0.496471221299896,-0.0383321333413409,0.0383321333413409
"3983",0.626624559731387,0.578144558848597,0.04848000088279,0.04848000088279
"3985",-0.119007962049516,-0.094351577171502,-0.024656384878014,0.024656384878014
"3987",-0.0328509807362731,-0.0444574784159332,0.0116064976796601,0.0116064976796601
"3988",0.554522715218189,0.556115921575584,-0.00159320635739502,0.00159320635739502
"3992",0.486650786970922,0.475832220359723,0.010818566611199,0.010818566611199
"3995",-0.033298385822029,-0.010832171342832,-0.022466214479197,0.022466214479197
"3996",0.1478391311768,0.111434473790895,0.036404657385905,0.036404657385905
"3998",-0.632750081458443,-0.594399089867119,-0.038350991591324,0.038350991591324
"400",-0.165758259166961,-0.155497076186983,-0.010261182979978,0.010261182979978
"4000",-0.0930979616588482,-0.0931403480709401,4.23864120918938e-05,4.23864120918938e-05
"400073",-0.124860636135274,-0.105107800101904,-0.01975283603337,0.01975283603337
"4001",-0.568628962503511,-0.565686832457572,-0.00294213004593902,0.00294213004593902
"400451",0.357573625143022,0.278855164197821,0.078718460945201,0.078718460945201
"4005",0.176335373222641,0.174271706886144,0.00206366633649702,0.00206366633649702
"400569",0.0322845054568953,0.0583109049330575,-0.0260263994761622,0.0260263994761622
"4008",0.533449109845786,0.498914389993741,0.034534719852045,0.034534719852045
"400916",-0.37008616863492,-0.38628751286723,0.01620134423231,0.01620134423231
"401152",0.0894642178423536,0.11228697043748,-0.0228227525951264,0.0228227525951264
"4012",-0.614868073031164,-0.565340737807159,-0.049527335224005,0.049527335224005
"4013",0.38099798292452,0.295789733289116,0.085208249635404,0.085208249635404
"401494",0.214123232716791,0.209762930201898,0.004360302514893,0.004360302514893
"401505",-0.249106511819883,-0.244627286279267,-0.004479225540616,0.004479225540616
"4016",0.802705168209935,0.773520276729837,0.029184891480098,0.029184891480098
"402",-0.0369153680191616,-0.0373567851277145,0.000441417108552902,0.000441417108552902
"4023",1.21326413798237,1.25110652778061,-0.0378423897982398,0.0378423897982398
"4026",0.274305476407894,0.244718714078562,0.029586762329332,0.029586762329332
"403",0.332526596448331,0.305243367438444,0.027283229009887,0.027283229009887
"403313",0.240269352698498,0.248915676681893,-0.00864632398339499,0.00864632398339499
"4035",-0.0519144078567058,-0.0587074344654907,0.0067930266087849,0.0067930266087849
"4036",0.19510898293729,0.193534815053231,0.00157416788405901,0.00157416788405901
"4041",0.324659676198811,0.307788106228209,0.016871569970602,0.016871569970602
"404217",0.311715205295326,0.264525349363009,0.047189855932317,0.047189855932317
"4043",-0.143917332337488,-0.137862933931169,-0.00605439840631899,0.00605439840631899
"404550",-0.576415275005641,-0.536953015033543,-0.0394622599720981,0.0394622599720981
"4046",0.631511785209797,0.596419376013583,0.035092409196214,0.035092409196214
"404672",-0.0746465071127445,-0.0651413350310006,-0.0095051720817439,0.0095051720817439
"4047",0.0683542414536281,0.0595313281725388,0.00882291328108931,0.00882291328108931
"4048",-0.126375558802974,-0.150628685982287,0.024253127179313,0.024253127179313
"4053",0.814684492246544,0.695154326470139,0.119530165776405,0.119530165776405
"4054",0.437044640682253,0.39006771376596,0.046976926916293,0.046976926916293
"4055",0.0414520569527024,0.0633922644900257,-0.0219402075373233,0.0219402075373233
"4056",0.748572351781278,0.745987443758518,0.00258490802276001,0.00258490802276001
"4059",-0.179207958683118,-0.230176970211099,0.050969011527981,0.050969011527981
"406",0.0827090959222442,0.10748333687852,-0.0247742409562758,0.0247742409562758
"4060",0.452321080964729,0.442869570380015,0.009451510584714,0.009451510584714
"4061",-0.510028707391465,-0.517765403028332,0.00773669563686696,0.00773669563686696
"4066",1.00112643688707,0.948163971940487,0.0529624649465831,0.0529624649465831
"4067",-0.196725345959082,-0.145698083462863,-0.051027262496219,0.051027262496219
"4070",0.389453860012922,0.343802508601296,0.045651351411626,0.045651351411626
"4071",0.870372994726166,0.883959516815115,-0.0135865220889489,0.0135865220889489
"4072",-2.10748515158882,-2.12443446931833,0.0169493177295097,0.0169493177295097
"4074",0.0822853341772884,0.0881582545072373,-0.00587292032994891,0.00587292032994891
"4076",-0.0374779104829212,-0.0304408967460679,-0.0070370137368533,0.0070370137368533
"408",-0.0614749389797992,-0.0610267663946979,-0.000448172585101297,0.000448172585101297
"4082",0.578808130258982,0.552186397423409,0.026621732835573,0.026621732835573
"4085",-0.176476871740377,-0.152647187390038,-0.023829684350339,0.023829684350339
"4087",-0.098366465833374,-0.0954671902685391,-0.00289927556483489,0.00289927556483489
"4088",0.404574832271585,0.367311012649033,0.037263819622552,0.037263819622552
"4089",0.273033822110382,0.26176663849468,0.011267183615702,0.011267183615702
"4090",0.328360965454124,0.332013566025359,-0.00365260057123495,0.00365260057123495
"4091",0.394695372889487,0.380679041747467,0.01401633114202,0.01401633114202
"4092",0.569776084976423,0.577699904189799,-0.00792381921337604,0.00792381921337604
"4094",1.26950031966549,1.15122314268502,0.11827717698047,0.11827717698047
"4097",-0.195817459052877,-0.193401458811203,-0.00241600024167402,0.00241600024167402
"4107",-0.0909537290413603,-0.0958311178674934,0.0048773888261331,0.0048773888261331
"4109",2.37933164147845,2.20896262064946,0.17036902082899,0.17036902082899
"411",0.351910987167709,0.310998430293553,0.040912556874156,0.040912556874156
"4110",-0.35064124733225,-0.312023927407923,-0.038617319924327,0.038617319924327
"4116",0.102303005191529,0.10135320102268,0.000949804168849003,0.000949804168849003
"412",0.447321973044375,0.443254190196637,0.00406778284773801,0.00406778284773801
"4121",0.601322863312556,0.582358721588806,0.01896414172375,0.01896414172375
"4122",0.15092159841882,0.14390464467398,0.00701695374483999,0.00701695374483999
"4123",-0.10714781140744,-0.0785615125590412,-0.0285862988483988,0.0285862988483988
"4124",-0.378666883989079,-0.376941589936684,-0.00172529405239502,0.00172529405239502
"4125",0.382755059131552,0.37018309388505,0.012571965246502,0.012571965246502
"4126",0.231458909305193,0.231408013246287,5.08960589060137e-05,5.08960589060137e-05
"4128",0.0887330024758411,0.0728904535830649,0.0158425488927762,0.0158425488927762
"4131",-0.311572277235478,-0.323255588826306,0.011683311590828,0.011683311590828
"4134",-0.00500363378236723,-0.0278420799405209,0.0228384461581537,0.0228384461581537
"414",-0.263266857833391,-0.268192621590539,0.00492576375714804,0.00492576375714804
"4140",0.0887964407344687,0.10360145956688,-0.0148050188324113,0.0148050188324113
"4141",-0.219059169556729,-0.205384690079856,-0.013674479476873,0.013674479476873
"414328",0.088155190016295,0.0881232212221132,3.1968794181797e-05,3.1968794181797e-05
"4144",-0.0288073097831808,-0.0128604656812267,-0.0159468441019541,0.0159468441019541
"4149",-0.0933563691395787,-0.0487153787483225,-0.0446409903912562,0.0446409903912562
"4150",0.881868033912439,0.793442346816733,0.088425687095706,0.088425687095706
"4152",-0.229781063213113,-0.182257823374451,-0.047523239838662,0.047523239838662
"4154",0.293078413021556,0.276909032707394,0.016169380314162,0.016169380314162
"4157",-0.18971888426757,-0.218412447028144,0.028693562760574,0.028693562760574
"4162",0.280888151808645,0.308186816782265,-0.02729866497362,0.02729866497362
"4170",0.201733269382552,0.215637415663286,-0.013904146280734,0.013904146280734
"4171",-0.165017681681008,-0.146035924158732,-0.018981757522276,0.018981757522276
"4172",0.0350825189536393,0.0297802962333498,0.0053022227202895,0.0053022227202895
"4173",-0.374566530394999,-0.36197865841326,-0.012587871981739,0.012587871981739
"4174",-0.132987782350845,-0.14127078597928,0.00828300362843501,0.00828300362843501
"4175",-0.00286754293203442,0.00396179311174036,-0.00682933604377478,0.00682933604377478
"4176",-0.246792369572301,-0.247793819000346,0.001001449428045,0.001001449428045
"4189",-0.197829077087044,-0.198511899765572,0.000682822678527983,0.000682822678527983
"4190",-0.0143091151548314,-0.0200527624588069,0.0057436473039755,0.0057436473039755
"4191",-0.0822620169320113,-0.0850201321759152,0.0027581152439039,0.0027581152439039
"4192",0.0809902514150042,0.0344331011762724,0.0465571502387318,0.0465571502387318
"4193",-0.366270506539813,-0.333044099708171,-0.033226406831642,0.033226406831642
"4194",-0.149182721731936,-0.142268149805844,-0.00691457192609199,0.00691457192609199
"4201",0.0353619055374508,0.0129651104921906,0.0223967950452602,0.0223967950452602
"4204",0.193907798629834,0.170342799297981,0.023564999331853,0.023564999331853
"4208",0.877549068877869,0.88134024550489,-0.003791176627021,0.003791176627021
"4209",0.24506823626324,0.210683413679268,0.034384822583972,0.034384822583972
"4211",0.478996084596616,0.472058342748913,0.00693774184770302,0.00693774184770302
"4212",0.364048468550822,0.357298898413885,0.006749570136937,0.006749570136937
"4215",-0.0895334879271216,-0.0527082877708023,-0.0368252001563193,0.0368252001563193
"4216",-0.196662465862591,-0.202735790195886,0.00607332433329499,0.00607332433329499
"4217",0.141716071271297,0.139101715889265,0.002614355382032,0.002614355382032
"4218",-0.0363403250272103,-0.0351776791760682,-0.00116264585114211,0.00116264585114211
"4221",-0.424528495843019,-0.411032852230862,-0.013495643612157,0.013495643612157
"4232",0.420226539906893,0.390196874860862,0.030029665046031,0.030029665046031
"4234",-0.335263845985802,-0.324374083616167,-0.010889762369635,0.010889762369635
"4236",-0.0481667176704973,-0.037106427940692,-0.0110602897298053,0.0110602897298053
"4237",0.16625390356139,0.1798333258548,-0.01357942229341,0.01357942229341
"4239",0.455213775557406,0.461959778118758,-0.00674600256135199,0.00674600256135199
"4242",1.12952402792489,1.12264805100075,0.00687597692413999,0.00687597692413999
"4245",-0.460535341943493,-0.412045832864758,-0.048489509078735,0.048489509078735
"4247",0.292716406877594,0.287814374115009,0.004902032762585,0.004902032762585
"4255",0.135812601775375,0.119750468727374,0.016062133048001,0.016062133048001
"4256",0.811186050002732,0.741590807963124,0.069595242039608,0.069595242039608
"4257",-1.6427107738886,-1.63919275570855,-0.00351801818005004,0.00351801818005004
"4258",-0.027948351639448,-0.00745104867704448,-0.0204973029624035,0.0204973029624035
"4259",0.0591607564000614,0.0585489380125397,0.000611818387521702,0.000611818387521702
"4267",0.380833168216221,0.348786035529512,0.032047132686709,0.032047132686709
"427",-0.267640424236006,-0.225567290023244,-0.042073134212762,0.042073134212762
"4281",-0.647206930066582,-0.625323446767353,-0.0218834832992291,0.0218834832992291
"4282",-0.251893720935227,-0.266434208946709,0.014540488011482,0.014540488011482
"4285",-0.353485588083203,-0.343465544996529,-0.010020043086674,0.010020043086674
"4286",0.00654278655569738,-0.00404208930811817,0.0105848758638156,0.0105848758638156
"4287",-0.152652296923415,-0.117519193055671,-0.035133103867744,0.035133103867744
"4289",0.300170177969481,0.284561556149422,0.015608621820059,0.015608621820059
"4292",-0.0482795080031232,-0.0428342911598574,-0.0054452168432658,0.0054452168432658
"4294",-0.0590735007732778,-0.0829495248713513,0.0238760240980735,0.0238760240980735
"4296",0.277856464023325,0.275075215403344,0.00278124861998097,0.00278124861998097
"4298",0.372505975962189,0.329611811736605,0.042894164225584,0.042894164225584
"4299",-0.0499266508689665,-0.0481216537849936,-0.0018049970839729,0.0018049970839729
"430",-0.591812764610957,-0.568798895336226,-0.023013869274731,0.023013869274731
"4303",0.154281279055197,0.138709865625353,0.015571413429844,0.015571413429844
"4311",-0.0142478305428009,-0.0216834708412982,0.0074356402984973,0.0074356402984973
"4313",-0.997832627399734,-0.929280299131118,-0.068552328268616,0.068552328268616
"4320",0.531995253447114,0.490653218754824,0.04134203469229,0.04134203469229
"4321",-2.73511005542854,-2.69858458688401,-0.03652546854453,0.03652546854453
"4324",-0.479924225961256,-0.452932249042787,-0.026991976918469,0.026991976918469
"4329",-0.292562470768563,-0.302220084568516,0.009657613799953,0.009657613799953
"4331",0.0678996156094159,0.0846967415397723,-0.0167971259303564,0.0167971259303564
"4335",-0.0429408279853869,-0.0570855155634171,0.0141446875780302,0.0141446875780302
"4337",0.362428266338187,0.363049238370523,-0.00062097203233602,0.00062097203233602
"4338",0.297841653840627,0.30018163006036,-0.00233997621973303,0.00233997621973303
"4343",0.249918839377682,0.231033678818537,0.018885160559145,0.018885160559145
"4345",0.522295003338233,0.55384428327285,-0.031549279934617,0.031549279934617
"435",-0.27318778902117,-0.281748528387479,0.00856073936630897,0.00856073936630897
"4351",0.199476039446245,0.180631831531873,0.018844207914372,0.018844207914372
"4354",0.466492331959594,0.47157383703506,-0.00508150507546601,0.00508150507546601
"4357",0.114092537625092,0.0889528700104236,0.0251396676146684,0.0251396676146684
"4358",-0.113878337935776,-0.0948399363155533,-0.0190384016202227,0.0190384016202227
"4361",-0.131656400107037,-0.117195979541939,-0.014460420565098,0.014460420565098
"439",-0.463758048882644,-0.410060143604933,-0.053697905277711,0.053697905277711
"439921",0.432277487715632,0.408481912733826,0.023795574981806,0.023795574981806
"4436",-0.0234360353976286,-0.0190199771321124,-0.0044160582655162,0.0044160582655162
"4437",-0.0533922156502497,-0.0667136590931014,0.0133214434428517,0.0133214434428517
"444",-0.258575146029594,-0.223087618529303,-0.035487527500291,0.035487527500291
"445",-0.0818922666716823,-0.0932754818590887,0.0113832151874064,0.0113832151874064
"4478",0.690497059380441,0.65005889380783,0.040438165572611,0.040438165572611
"4482",0.707854361616466,0.636674873074982,0.0711794885414839,0.0711794885414839
"4485",-0.385545833473265,-0.384931779745824,-0.000614053727441,0.000614053727441
"4488",0.0842323677219734,0.0824529530763106,0.00177941464566279,0.00177941464566279
"4494",-1.49111126690853,-1.5126444429342,0.0215331760256701,0.0215331760256701
"4495",-1.21219946274391,-1.24467172076355,0.0324722580196399,0.0324722580196399
"4501",-1.17717075718811,-1.19389227324651,0.0167215160584,0.0167215160584
"4507",-0.176285124280569,-0.158325484419474,-0.017959639861095,0.017959639861095
"4520",-0.560191706336119,-0.565680043075602,0.00548833673948301,0.00548833673948301
"4521",-0.281779373061786,-0.28180438701592,2.50139541339567e-05,2.50139541339567e-05
"4522",-0.419485045419592,-0.390842426845367,-0.028642618574225,0.028642618574225
"4528",-0.208756263347805,-0.196946348795593,-0.011809914552212,0.011809914552212
"4534",-0.079703935154694,-0.0561940467606326,-0.0235098883940614,0.0235098883940614
"4542",0.359772483956975,0.360449015251666,-0.00067653129469103,0.00067653129469103
"4548",-0.400643966074613,-0.373188690968004,-0.027455275106609,0.027455275106609
"4552",0.0636573868797858,0.0799108684814263,-0.0162534816016405,0.0162534816016405
"4585",0.0277790581677264,0.00571774595912747,0.0220613122085989,0.0220613122085989
"4591",0.0776706522286383,0.070645524418768,0.0070251278098703,0.0070251278098703
"4594",-0.0699255916329649,-0.0690092942874016,-0.000916297345563297,0.000916297345563297
"4595",-0.104513337781876,-0.110622263858218,0.00610892607634199,0.00610892607634199
"4598",0.0273664446456783,0.00887155475900353,0.0184948898866748,0.0184948898866748
"4599",-0.24907316068947,-0.251685740389332,0.00261257969986201,0.00261257969986201
"4600",0.154515004683919,0.15050860994412,0.004006394739799,0.004006394739799
"4601",0.11822589088016,0.123104222391382,-0.00487833151122199,0.00487833151122199
"4608",0.451238810624354,0.373931166033681,0.077307644590673,0.077307644590673
"4609",0.338706054868346,0.34136035197394,-0.00265429710559401,0.00265429710559401
"4613",-1.00088646355788,-0.908965964781665,-0.091920498776215,0.091920498776215
"4615",0.203698754438601,0.18679053095545,0.016908223483151,0.016908223483151
"4616",0.7144167684672,0.755016342622335,-0.0405995741551349,0.0405995741551349
"4624",-0.851288764404067,-0.787570174093355,-0.063718590310712,0.063718590310712
"4627",0.155874948623869,0.132847759610925,0.023027189012944,0.023027189012944
"4628",0.126595465472436,0.115791723721614,0.010803741750822,0.010803741750822
"463",0.03007591969958,0.0195781365743146,0.0104977831252654,0.0104977831252654
"4635",-0.27858180899535,-0.246858987747655,-0.031722821247695,0.031722821247695
"4636",0.159823190533013,0.171794714492233,-0.01197152395922,0.01197152395922
"4637",0.0347344031151693,0.0262413822996125,0.0084930208155568,0.0084930208155568
"4638",0.881798168766289,0.883792239741228,-0.00199407097493898,0.00199407097493898
"4641",-0.116649869563903,-0.136825157100363,0.02017528753646,0.02017528753646
"4642",0.170056330059869,0.119919752834824,0.050136577225045,0.050136577225045
"4643",-0.0242368791463259,-0.025811755131701,0.0015748759853751,0.0015748759853751
"4644",0.608162690746749,0.55008131400612,0.058081376740629,0.058081376740629
"4646",-0.711323078304178,-0.691015776714804,-0.020307301589374,0.020307301589374
"4647",-0.0694610234692205,-0.0825069978752437,0.0130459744060232,0.0130459744060232
"4649",0.183773289363306,0.136204061367363,0.047569227995943,0.047569227995943
"4651",0.0901546234848576,0.0543918457251388,0.0357627777597188,0.0357627777597188
"4659",0.198590477334316,0.195446290764956,0.00314418656936,0.00314418656936
"466",0.0729627508055138,0.110482937530096,-0.0375201867245822,0.0375201867245822
"4660",0.0510824835652455,0.0679561079348882,-0.0168736243696427,0.0168736243696427
"4664",0.457644614461483,0.457450341127302,0.000194273334181039,0.000194273334181039
"4665",0.103550869341716,0.0731853193322824,0.0303655500094336,0.0303655500094336
"4666",-0.104253658613514,-0.103781899269067,-0.000471759344447001,0.000471759344447001
"4668",0.26474621716123,0.285721278905989,-0.020975061744759,0.020975061744759
"4669",0.00912961255206255,0.0350694775979597,-0.0259398650458971,0.0259398650458971
"467",0.334694463837879,0.361695491689065,-0.027001027851186,0.027001027851186
"4670",-0.00682457387525673,-0.012024017240424,0.00519944336516727,0.00519944336516727
"4673",-0.00937561540076693,-0.0195811946449869,0.01020557924422,0.01020557924422
"4676",-0.0341804914656002,-0.0184208717827279,-0.0157596196828723,0.0157596196828723
"4677",-0.0291310695373672,-0.0485559280685452,0.019424858531178,0.019424858531178
"4678",-0.0884872909394654,-0.0957614991216999,0.0072742081822345,0.0072742081822345
"4682",0.0843497992547594,0.100914585373935,-0.0165647861191756,0.0165647861191756
"4683",0.121681320640571,0.106881169117299,0.014800151523272,0.014800151523272
"4686",-0.139276655754984,-0.124161950714617,-0.015114705040367,0.015114705040367
"4688",0.929753968720603,0.947676890099886,-0.017922921379283,0.017922921379283
"4690",0.0486331385840526,0.0620133053377973,-0.0133801667537447,0.0133801667537447
"4691",-0.0118232608542977,-0.025639619596181,0.0138163587418833,0.0138163587418833
"4694",-0.0603555699681669,-0.0543947122317815,-0.0059608577363854,0.0059608577363854
"4695",-0.193894121093527,-0.186244059745139,-0.007650061348388,0.007650061348388
"4696",-0.283523725391037,-0.265735252826095,-0.017788472564942,0.017788472564942
"4697",-0.0946997846092052,-0.0924894906722462,-0.002210293936959,0.002210293936959
"4698",0.300927991837497,0.288556436792927,0.01237155504457,0.01237155504457
"47",0.0376655989313166,0.0245312350678946,0.013134363863422,0.013134363863422
"4700",0.0116696933579599,0.0224447890307649,-0.010775095672805,0.010775095672805
"4701",-0.125657889704335,-0.116183340566863,-0.009474549137472,0.009474549137472
"4702",0.15759299143365,0.15619376305163,0.00139922838202,0.00139922838202
"4704",0.412132926911323,0.361526970377329,0.050605956533994,0.050605956533994
"4705",0.0399092561446913,0.0499089924445824,-0.0099997362998911,0.0099997362998911
"4706",-0.0479410173803477,-0.0414220516144393,-0.0065189657659084,0.0065189657659084
"4708",0.0458057107231203,0.0284417640537532,0.0173639466693671,0.0173639466693671
"4709",-0.0340564308837868,-0.0307927779555768,-0.00326365292821,0.00326365292821
"471",-0.324220613374339,-0.337464424719273,0.013243811344934,0.013243811344934
"4711",0.0476428133120385,0.0521762367760342,-0.0045334234639957,0.0045334234639957
"4712",0.0615684348829002,0.068758035269237,-0.0071896003863368,0.0071896003863368
"4713",0.0181566481845769,0.0265771252889976,-0.0084204771044207,0.0084204771044207
"4714",0.0183745009639733,0.00507279744081272,0.0133017035231606,0.0133017035231606
"4715",0.0920064664292133,0.0772262197813188,0.0147802466478945,0.0147802466478945
"4716",0.0423710552181862,0.0373927591000391,0.0049782961181471,0.0049782961181471
"4717",-0.186221170357855,-0.164076670505913,-0.022144499851942,0.022144499851942
"4718",0.05553733323211,0.0392178695656412,0.0163194636664688,0.0163194636664688
"4719",-0.120624215678637,-0.112077372729964,-0.008546842948673,0.008546842948673
"472",0.0402084768187031,0.0387256730942708,0.0014828037244323,0.0014828037244323
"4720",-0.0568697068204303,-0.0500694042188521,-0.0068003026015782,0.0068003026015782
"4722",-0.035061553765779,-0.0418399650094677,0.0067784112436887,0.0067784112436887
"4723",-0.103645305782322,-0.0927343775685024,-0.0109109282138196,0.0109109282138196
"4724",0.179730921682153,0.176730600573288,0.003000321108865,0.003000321108865
"4728",0.0860158219917345,0.078881940336917,0.0071338816548175,0.0071338816548175
"473",0.331359828720551,0.292939210049401,0.03842061867115,0.03842061867115
"4731",-0.161337920123915,-0.162660681704599,0.00132276158068398,0.00132276158068398
"4733",-0.06989196825846,-0.056137831484418,-0.013754136774042,0.013754136774042
"4734",-0.0104492424476599,-0.00292632429900807,-0.00752291814865183,0.00752291814865183
"4735",0.186844850216157,0.192154634050676,-0.00530978383451902,0.00530978383451902
"4738",-0.0199298295560147,-0.0229333860013404,0.0030035564453257,0.0030035564453257
"475",0.183303603860254,0.192114628853667,-0.00881102499341302,0.00881102499341302
"4750",-0.131073052019192,-0.137588347577443,0.00651529555825101,0.00651529555825101
"4751",-0.147614724290217,-0.14267561400041,-0.00493911028980698,0.00493911028980698
"4752",0.198636248678485,0.197874384441779,0.000761864236706017,0.000761864236706017
"4758",-0.342277989300913,-0.312069608230322,-0.030208381070591,0.030208381070591
"476",-0.144998835588162,-0.140512503796441,-0.004486331791721,0.004486331791721
"4763",-0.168114554811075,-0.134813133107454,-0.033301421703621,0.033301421703621
"4774",0.963055882565785,0.898412314942758,0.064643567623027,0.064643567623027
"4775",-0.0152095834847866,0.00219900363679091,-0.0174085871215775,0.0174085871215775
"4778",-0.165564381917493,-0.114455039081451,-0.051109342836042,0.051109342836042
"4779",-0.0475686363395696,-0.0429309554429971,-0.0046376808965725,0.0046376808965725
"4780",0.444086638740744,0.446322153597583,-0.00223551485683898,0.00223551485683898
"4782",0.287528150045182,0.236757360198194,0.050770789846988,0.050770789846988
"4783",0.0819192049815024,0.0901893329905019,-0.0082701280089995,0.0082701280089995
"4784",0.624356412555639,0.557938032008186,0.066418380547453,0.066418380547453
"4790",0.235251884652257,0.235168887785384,8.29968668729919e-05,8.29968668729919e-05
"4791",-0.176364681663068,-0.150681049854739,-0.025683631808329,0.025683631808329
"4792",-0.0859237975625654,-0.0580911339222198,-0.0278326636403456,0.0278326636403456
"4793",-0.185910486074101,-0.155672252431142,-0.030238233642959,0.030238233642959
"4794",0.390977812950404,0.368994442397932,0.021983370552472,0.021983370552472
"4798",-0.0996005326153459,-0.0833015588275181,-0.0162989737878278,0.0162989737878278
"4799",-0.0657982639060327,-0.0602737853682522,-0.0055244785377805,0.0055244785377805
"48",0.103431575077819,0.0999669227276776,0.0034646523501414,0.0034646523501414
"480",0.0401674708676543,0.0453179471002153,-0.005150476232561,0.005150476232561
"4800",-0.102260722350413,-0.0787235790903446,-0.0235371432600684,0.0235371432600684
"4802",-0.0431075790250994,-0.0462833606592756,0.0031757816341762,0.0031757816341762
"4809",-0.109650304577696,-0.0919841601773592,-0.0176661444003368,0.0176661444003368
"481",0.366975062879837,0.373583671346939,-0.00660860846710198,0.00660860846710198
"4811",-0.014791734873702,0.0178583774907364,-0.0326501123644384,0.0326501123644384
"4814",0.836432484223158,0.831458779308802,0.004973704914356,0.004973704914356
"4817",-0.111924946573139,-0.0808463038529413,-0.0310786427201977,0.0310786427201977
"4820",-0.13072849413638,-0.131855208702405,0.00112671456602501,0.00112671456602501
"4824",0.114359308531733,0.0990084675728831,0.0153508409588499,0.0153508409588499
"4826",1.51668657360804,1.55594253403376,-0.0392559604257201,0.0392559604257201
"4828",-0.501316532578053,-0.456825771238518,-0.044490761339535,0.044490761339535
"483",-0.433766061310276,-0.37569106587347,-0.058074995436806,0.058074995436806
"4830",-0.476761283228743,-0.491608093812823,0.01484681058408,0.01484681058408
"4832",-0.290372966188914,-0.260691252201881,-0.029681713987033,0.029681713987033
"4833",0.377930464244423,0.351511377500138,0.026419086744285,0.026419086744285
"4835",0.232254481588291,0.225332879103687,0.00692160248460402,0.00692160248460402
"4837",1.58423317592431,1.57689618754871,0.00733698837560004,0.00733698837560004
"4839",-0.525551494516864,-0.481563907164402,-0.043987587352462,0.043987587352462
"4841",0.0744508375134515,0.0723753630323611,0.0020754744810904,0.0020754744810904
"4843",-0.313992312873313,-0.308771131272627,-0.00522118160068596,0.00522118160068596
"4846",-0.358092001912368,-0.36172000913456,0.00362800722219198,0.00362800722219198
"4848",-0.092066688502469,-0.0763075355715996,-0.0157591529308694,0.0157591529308694
"4849",-0.121093640438364,-0.0933225662731505,-0.0277710741652135,0.0277710741652135
"4850",0.102291403003384,0.0944300221189285,0.00786138088445551,0.00786138088445551
"4853",0.665032107842473,0.617880306816943,0.0471518010255301,0.0471518010255301
"4860",0.187230648677141,0.181352429364597,0.00587821931254401,0.00587821931254401
"4862",0.441043856210434,0.399512344757275,0.041531511453159,0.041531511453159
"4863",-0.4102417975523,-0.345295012439029,-0.064946785113271,0.064946785113271
"4864",0.370958775349513,0.34977040296903,0.021188372380483,0.021188372380483
"488",-0.0524383683299033,-0.0720743173167381,0.0196359489868348,0.0196359489868348
"4891",-0.180466669664047,-0.175571096631093,-0.00489557303295401,0.00489557303295401
"4893",-0.275850342996331,-0.259823536123356,-0.016026806872975,0.016026806872975
"4897",1.89802134881787,1.75556755249546,0.14245379632241,0.14245379632241
"4898",-0.0861298975965392,-0.0869438371241703,0.000813939527631091,0.000813939527631091
"490",0.547678931375293,0.504526909301738,0.043152022073555,0.043152022073555
"4905",-0.102017306704539,-0.101755163966757,-0.000262142737781995,0.000262142737781995
"4907",-0.292875547679132,-0.277238924371124,-0.015636623308008,0.015636623308008
"4913",0.122096901421204,0.154371669606659,-0.032274768185455,0.032274768185455
"4921",0.276701312704432,0.265416148970727,0.011285163733705,0.011285163733705
"492311",-0.0363070289417371,-0.0484406111854375,0.0121335822437004,0.0121335822437004
"4924",0.0376288632101459,0.0325398678441105,0.0050889953660354,0.0050889953660354
"4925",-0.371962265758619,-0.374860289715943,0.00289802395732397,0.00289802395732397
"4926",0.209944612232692,0.189024336332006,0.020920275900686,0.020920275900686
"4927",-0.146706896956748,-0.138414859493688,-0.00829203746305998,0.00829203746305998
"4928",0.00988112693481913,-0.00313729362389464,0.0130184205587138,0.0130184205587138
"493",-0.32269118639373,-0.313101036537034,-0.00959014985669598,0.00959014985669598
"4931",-0.145674486126028,-0.12759455371384,-0.018079932412188,0.018079932412188
"4935",0.0639199885798758,0.0568005393413388,0.007119449238537,0.007119449238537
"493753",0.275828184686933,0.271483328952591,0.00434485573434201,0.00434485573434201
"4938",-0.0206082019700499,0.0153816024618767,-0.0359898044319266,0.0359898044319266
"493856",-0.0501996596400326,-0.0518404530452868,0.0016407934052542,0.0016407934052542
"493861",0.477912484861087,0.455290822302394,0.022621662558693,0.022621662558693
"493869",-0.0564519183793011,-0.0527223455401459,-0.0037295728391552,0.0037295728391552
"493911",-0.0458879730448302,-0.0270896613291484,-0.0187983117156818,0.0187983117156818
"4940",-0.235652003570218,-0.24250563422113,0.00685363065091199,0.00685363065091199
"494115",-0.165528429240327,-0.156825519101483,-0.008702910138844,0.008702910138844
"4942",-0.104940045719805,-0.0772036394787363,-0.0277364062410687,0.0277364062410687
"4943",-0.0720151319238416,-0.0737078268771452,0.0016926949533036,0.0016926949533036
"4946",0.154148571302189,0.153600241221321,0.00054833008086802,0.00054833008086802
"4947",0.577936965916527,0.587398260570181,-0.00946129465365397,0.00946129465365397
"4952",0.073491033152058,0.0698976209166004,0.0035934122354576,0.0035934122354576
"4953",-0.231109811417789,-0.249211271587066,0.018101460169277,0.018101460169277
"4957",-0.270864041409121,-0.269470859969577,-0.00139318143954403,0.00139318143954403
"4967",0.213148873662637,0.194141078219695,0.019007795442942,0.019007795442942
"4968",0.173581820893485,0.153505684116873,0.020076136776612,0.020076136776612
"4973",0.268896641746496,0.280383840481836,-0.01148719873534,0.01148719873534
"498",0.0192510962751027,0.0188210061078531,0.000430090167249601,0.000430090167249601
"49854",-0.0290017841379526,-0.0226160884019834,-0.0063856957359692,0.0063856957359692
"49855",-0.0493550964614007,-0.0553491407325904,0.0059940442711897,0.0059940442711897
"49856",0.205697928436695,0.205932289609199,-0.000234361172504,0.000234361172504
"4999",-0.214922449984377,-0.203387434482574,-0.011535015501803,0.011535015501803
"50",-0.251988519167324,-0.247877144087048,-0.00411137508027601,0.00411137508027601
"5000",0.0772528108951928,0.0888212841737793,-0.0115684732785865,0.0115684732785865
"5001",-0.108533605709921,-0.0963777444813618,-0.0121558612285592,0.0121558612285592
"5002",0.497552699736261,0.408723191240812,0.088829508495449,0.088829508495449
"5007",-0.106815113136927,-0.105742461272986,-0.001072651863941,0.001072651863941
"501",0.0398572231214492,0.0162147310331372,0.023642492088312,0.023642492088312
"5010",0.208529410867169,0.174620686973353,0.033908723893816,0.033908723893816
"5016",-0.268416211083775,-0.26971534350786,0.00129913242408497,0.00129913242408497
"5017",-0.174711352167018,-0.147537793242864,-0.027173558924154,0.027173558924154
"5018",0.00902540236407877,0.0163677455269123,-0.00734234316283353,0.00734234316283353
"5019",0.230545868464538,0.213802843913431,0.016743024551107,0.016743024551107
"5025",0.18882515507812,0.192730870863881,-0.00390571578576099,0.00390571578576099
"5028",0.97030755444094,1.00590316112416,-0.03559560668322,0.03559560668322
"5029",-0.544719466850996,-0.520668012031409,-0.024051454819587,0.024051454819587
"5031",-0.452326348076428,-0.431713977764168,-0.02061237031226,0.02061237031226
"5033",-0.229152729609673,-0.236245752469572,0.00709302285989899,0.00709302285989899
"5034",-0.197021412172529,-0.186695705085582,-0.010325707086947,0.010325707086947
"5036",-0.134166040390546,-0.110137422037012,-0.024028618353534,0.024028618353534
"5037",-0.0137699093738401,-0.0297650900920176,0.0159951807181775,0.0159951807181775
"5042",-0.359729202276122,-0.384872329715522,0.0251431274394,0.0251431274394
"5045",0.00167385421149141,-0.0383615613783295,0.0400354155898209,0.0400354155898209
"5046",-0.287574282631378,-0.320475122168035,0.032900839536657,0.032900839536657
"5047",-2.33108880650111,-2.33247780167839,0.00138899517727964,0.00138899517727964
"5048",0.364117747520191,0.342688572516264,0.021429175003927,0.021429175003927
"50484",0.276970323902677,0.22917730131349,0.047793022589187,0.047793022589187
"50485",-6.52303884200316e-05,-0.0111487531799302,0.0110835227915102,0.0110835227915102
"5049",-0.331904174495684,-0.293529884834169,-0.038374289661515,0.038374289661515
"5050",-0.068836462229172,-0.0762469634453505,0.00741050121617849,0.00741050121617849
"50507",-0.0351256320901328,-0.0187734330477945,-0.0163521990423383,0.0163521990423383
"5051",-0.354468453019299,-0.31357875778947,-0.040889695229829,0.040889695229829
"5052",-0.0309803550870836,-0.0374296138740189,0.0064492587869353,0.0064492587869353
"5054",-0.0134629616663477,0.00546983161666925,-0.0189327932830169,0.0189327932830169
"5055",0.407252602534241,0.423315043870703,-0.016062441336462,0.016062441336462
"5058",-0.100635559913643,-0.116155980529276,0.015520420615633,0.015520420615633
"506",0.0316993729332119,0.0217197665800397,0.0099796063531722,0.0099796063531722
"50619",0.200016709528793,0.204771718072995,-0.00475500854420199,0.00475500854420199
"5062",0.294143601370472,0.26685047959468,0.027293121775792,0.027293121775792
"50626",0.133355797878409,0.11819230996171,0.015163487916699,0.015163487916699
"50628",-0.390898622277664,-0.328234898356615,-0.062663723921049,0.062663723921049
"5064",0.711214383285216,0.669516237058775,0.041698146226441,0.041698146226441
"50640",-0.0528946363122717,-0.0471908264381327,-0.005703809874139,0.005703809874139
"50650",-0.00656431426835129,-0.0136349534421711,0.00707063917381981,0.00707063917381981
"5066",-0.215827368701342,-0.229764621151134,0.013937252449792,0.013937252449792
"5069",1.21665112797851,1.20312637789053,0.01352475008798,0.01352475008798
"50717",0.0239306333600245,0.0176179148279787,0.0063127185320458,0.0063127185320458
"5073",-0.0789890183536568,-0.0706722478761035,-0.0083167704775533,0.0083167704775533
"5074",-0.627419272109158,-0.603402418947027,-0.0240168531621311,0.0240168531621311
"50807",0.517494159019319,0.506826579091955,0.010667579927364,0.010667579927364
"50808",0.0918960717678334,0.119962418184664,-0.0280663464168306,0.0280663464168306
"50809",-0.564318363299897,-0.52663454142762,-0.037683821872277,0.037683821872277
"50813",0.0996960731827195,0.100620871768932,-0.0009247985862125,0.0009247985862125
"50814",-0.00537239398374059,0.0215215465302117,-0.0268939405139523,0.0268939405139523
"5082",0.0592191339661685,0.0703913854350805,-0.011172251468912,0.011172251468912
"50848",-0.0614546842920979,-0.0671435434346656,0.0056888591425677,0.0056888591425677
"50855",-0.0455493707426665,-0.0335932086219527,-0.0119561621207138,0.0119561621207138
"50861",-0.0927585034910415,-0.0876370338095555,-0.00512146968148601,0.00512146968148601
"50862",0.0926238610610644,0.105139334186724,-0.0125154731256596,0.0125154731256596
"50865",0.32062539226539,0.333369855632558,-0.012744463367168,0.012744463367168
"5087",-0.186192289736825,-0.202863537214128,0.016671247477303,0.016671247477303
"5089",0.322206466966894,0.307758190245033,0.014448276721861,0.014448276721861
"509",0.0578085763069278,0.0516193597242229,0.0061892165827049,0.0061892165827049
"5090",0.552212270541432,0.522052218938677,0.0301600516027549,0.0301600516027549
"5091",0.214830341905639,0.164302213062814,0.050528128842825,0.050528128842825
"5092",-0.0916401008723313,-0.0945059829322555,0.00286588205992419,0.00286588205992419
"5093",-0.0369748666373037,-0.0390934797251092,0.0021186130878055,0.0021186130878055
"5094",0.0762197542370262,0.061276710644689,0.0149430435923372,0.0149430435923372
"5095",0.245206547612876,0.202518390684621,0.042688156928255,0.042688156928255
"5096",-0.0832359614315197,-0.0853545826876504,0.00211862125613069,0.00211862125613069
"5097",-0.219333334502593,-0.186305963550977,-0.033027370951616,0.033027370951616
"50999",-0.154669149805535,-0.149158176238725,-0.00551097356681002,0.00551097356681002
"51",-0.289699019246608,-0.273240069652006,-0.016458949594602,0.016458949594602
"51000",0.156989796945492,0.171553784030456,-0.014563987084964,0.014563987084964
"51001",-0.0112888195094475,-0.00164611389619409,-0.00964270561325341,0.00964270561325341
"51002",-0.240587044851536,-0.228391976578297,-0.012195068273239,0.012195068273239
"51004",0.0523482488912293,0.0489703993401886,0.0033778495510407,0.0033778495510407
"51005",-0.0687119132918678,-0.0402180733456751,-0.0284938399461927,0.0284938399461927
"51006",-0.0314888990050316,-0.0256749268243589,-0.0058139721806727,0.0058139721806727
"51009",-0.176755149032776,-0.158794598912059,-0.017960550120717,0.017960550120717
"51010",-0.099599333876767,-0.0877687856710551,-0.0118305482057119,0.0118305482057119
"51011",0.219392817447195,0.197774242027837,0.021618575419358,0.021618575419358
"51012",-0.220874149302594,-0.195097906404597,-0.025776242897997,0.025776242897997
"51013",-0.247263170451206,-0.22223217244142,-0.025030998009786,0.025030998009786
"51014",-0.183103594226708,-0.157393373577127,-0.025710220649581,0.025710220649581
"51015",-0.200716115479667,-0.197471354441826,-0.00324476103784099,0.00324476103784099
"51016",-0.139176816179104,-0.135966509804589,-0.003210306374515,0.003210306374515
"51018",-0.00847494814943033,0.0261281232218995,-0.0346030713713298,0.0346030713713298
"51019",0.157975101764877,0.156819277733068,0.001155824031809,0.001155824031809
"51020",-0.326308768483455,-0.296878634763144,-0.029430133720311,0.029430133720311
"51022",-0.17581832081044,-0.160105060981322,-0.015713259829118,0.015713259829118
"51023",-0.282883017758149,-0.256834479140861,-0.026048538617288,0.026048538617288
"51024",-0.0385225136037157,-0.0211399193569789,-0.0173825942467368,0.0173825942467368
"51026",0.0198165768583845,0.0305620649270325,-0.010745488068648,0.010745488068648
"51028",0.247630506741973,0.252853072778904,-0.005222566036931,0.005222566036931
"51029",-0.229056252055386,-0.225120491285093,-0.00393576077029298,0.00393576077029298
"51031",0.00235574776584583,-0.000517619383540793,0.00287336714938662,0.00287336714938662
"51035",0.0711509952828643,0.0554982509849204,0.0156527442979439,0.0156527442979439
"51042",-0.511650224770076,-0.500347244712723,-0.0113029800573531,0.0113029800573531
"51053",-0.199231546762706,-0.208969760601463,0.009738213838757,0.009738213838757
"51056",0.595944862278246,0.607669847236618,-0.011724984958372,0.011724984958372
"51058",0.0138145011778764,0.0266056055687683,-0.0127911043908919,0.0127911043908919
"5106",0.00518385608434417,-0.000641330304519052,0.00582518638886322,0.00582518638886322
"51060",-0.54880795040027,-0.521833569141829,-0.026974381258441,0.026974381258441
"51061",-0.11947737947917,-0.106656757227636,-0.012820622251534,0.012820622251534
"51063",-0.11681567820007,-0.126384163601214,0.00956848540114399,0.00956848540114399
"51065",-0.107559336298373,-0.125543317033237,0.017983980734864,0.017983980734864
"51068",-0.409204726410222,-0.371944473753162,-0.03726025265706,0.03726025265706
"51069",-0.042203431288248,-0.0762960718917724,0.0340926406035244,0.0340926406035244
"51070",0.0963108343034638,0.0814095887281998,0.014901245575264,0.014901245575264
"51071",0.162609468649321,0.148027718179397,0.014581750469924,0.014581750469924
"51073",-0.136972298148607,-0.100351205559183,-0.036621092589424,0.036621092589424
"51075",-0.0414702895357031,-0.0361029536553056,-0.0053673358803975,0.0053673358803975
"51076",-0.266015936527696,-0.251334287180645,-0.014681649347051,0.014681649347051
"51077",-0.102873564396922,-0.0862382695854834,-0.0166352948114386,0.0166352948114386
"51079",0.00434214159121269,-0.00957033352598236,0.013912475117195,0.013912475117195
"5108",-0.0780207566309096,-0.0655983285180698,-0.0124224281128398,0.0124224281128398
"51081",-0.122702072144956,-0.11748737130975,-0.005214700835206,0.005214700835206
"51082",-0.133768451580073,-0.130543964463568,-0.003224487116505,0.003224487116505
"51084",0.200295777503951,0.191864254805395,0.00843152269855599,0.00843152269855599
"51088",-0.0774295916813024,-0.0686025221192015,-0.0088270695621009,0.0088270695621009
"51093",-0.118248797681379,-0.0916339770150028,-0.0266148206663762,0.0266148206663762
"51094",0.124707011295485,0.135837095591576,-0.011130084296091,0.011130084296091
"51095",-0.0601606185054447,-0.0433203311975933,-0.0168402873078514,0.0168402873078514
"51096",-0.0764156503992682,-0.0550640694838166,-0.0213515809154516,0.0213515809154516
"51097",-0.382158343704755,-0.398047617351762,0.015889273647007,0.015889273647007
"51098",0.271938950026442,0.269569152643954,0.00236979738248799,0.00236979738248799
"51099",-0.2397634112123,-0.230332652978694,-0.00943075823360598,0.00943075823360598
"5110",0.169307510008857,0.16666393021257,0.00264357979628699,0.00264357979628699
"51100",0.0732348934784101,0.0857419315142647,-0.0125070380358546,0.0125070380358546
"51101",-0.261697554477708,-0.257887217275751,-0.003810337201957,0.003810337201957
"51102",-0.224351762474682,-0.191806382983622,-0.03254537949106,0.03254537949106
"51103",-0.416447675458653,-0.396316403446488,-0.020131272012165,0.020131272012165
"51105",0.184967925753719,0.188184148188769,-0.00321622243504999,0.00321622243504999
"51106",-0.212746264466472,-0.219701463816232,0.00695519934976002,0.00695519934976002
"51107",0.202232051685212,0.214272761733924,-0.012040710048712,0.012040710048712
"51108",-0.0496726219674178,-0.0345223557871109,-0.0151502661803069,0.0151502661803069
"51109",-0.216831543531199,-0.221405820494458,0.00457427696325902,0.00457427696325902
"5111",0.0752735171198822,0.0759852871282156,-0.000711770008333404,0.000711770008333404
"51110",-0.0617854374694298,-0.0660737948835809,0.00428835741415109,0.00428835741415109
"51111",-0.00258270774393094,-0.000798444547884442,-0.0017842631960465,0.0017842631960465
"51112",0.213091597420157,0.178488409560373,0.034603187859784,0.034603187859784
"51116",-0.244828136718763,-0.255869303109886,0.011041166391123,0.011041166391123
"51117",0.00603652763901595,0.00249088765206041,0.00354563998695554,0.00354563998695554
"51118",-0.0442982023138068,-0.0273011265749631,-0.0169970757388437,0.0169970757388437
"51122",-0.138821714451957,-0.106529452862465,-0.032292261589492,0.032292261589492
"51123",0.165640473076175,0.160633285879228,0.00500718719694698,0.00500718719694698
"51124",-0.0572932194646838,-0.0707951327556591,0.0135019132909753,0.0135019132909753
"51125",0.35582592451206,0.364511524820124,-0.00868560030806398,0.00868560030806398
"51126",0.298593728371995,0.300269866535325,-0.00167613816333001,0.00167613816333001
"51127",-0.803349319723506,-0.756107947006183,-0.047241372717323,0.047241372717323
"51128",-0.137537496831346,-0.105309875221275,-0.032227621610071,0.032227621610071
"51129",0.443790542615214,0.462768622216395,-0.018978079601181,0.018978079601181
"51130",-0.0585130718999628,-0.0531904483305123,-0.0053226235694505,0.0053226235694505
"51133",0.110153968200616,0.11726443684567,-0.007110468645054,0.007110468645054
"51134",-0.149989420931168,-0.146185896784149,-0.00380352414701898,0.00380352414701898
"51135",-0.114445013600796,-0.0845774942897407,-0.0298675193110553,0.0298675193110553
"51136",0.00700361091590728,0.0238785337259361,-0.0168749228100288,0.0168749228100288
"51138",0.0397312374358353,0.0423567231630706,-0.0026254857272353,0.0026254857272353
"51141",0.352391818518792,0.350972557942896,0.00141926057589598,0.00141926057589598
"51142",-0.10879085792982,-0.117387194443615,0.008596336513795,0.008596336513795
"51143",0.370024214894938,0.331080685161346,0.038943529733592,0.038943529733592
"51144",0.116620185563624,0.115207659287548,0.00141252627607599,0.00141252627607599
"51148",-0.00438927611038677,-0.00675570270831894,0.00236642659793217,0.00236642659793217
"51150",-0.178064683198234,-0.167250651330894,-0.01081403186734,0.01081403186734
"51154",-0.399930458772476,-0.369495446388452,-0.030435012384024,0.030435012384024
"51155",-0.0750356374114686,-0.0975009366225509,0.0224652992110823,0.0224652992110823
"5116",-0.0867414542118487,-0.0932591294809429,0.00651767526909421,0.00651767526909421
"51160",0.0952829447203549,0.0686244786343215,0.0266584660860334,0.0266584660860334
"51162",0.97121723363319,0.981229931603843,-0.010012697970653,0.010012697970653
"51163",0.101050253477958,0.105525590920415,-0.004475337442457,0.004475337442457
"51164",0.254478940967602,0.277990359826853,-0.023511418859251,0.023511418859251
"51166",-0.838354912552239,-0.807538195985184,-0.0308167165670551,0.0308167165670551
"51167",0.00296581753776801,0.00290734825137933,5.84692863886804e-05,5.84692863886804e-05
"51170",0.251700065007535,0.242872937273001,0.00882712773453401,0.00882712773453401
"51172",0.156956959777208,0.18079524655505,-0.023838286777842,0.023838286777842
"51174",-0.0249837465418489,-0.00587211703112541,-0.0191116295107235,0.0191116295107235
"51177",0.211610632119816,0.223733440165058,-0.012122808045242,0.012122808045242
"5118",0.457618913632226,0.425003327291543,0.032615586340683,0.032615586340683
"51181",-0.339325924677873,-0.336934623198094,-0.00239130147977901,0.00239130147977901
"51182",-0.267189259247774,-0.225301111906607,-0.041888147341167,0.041888147341167
"51184",-0.0458520829562554,-0.0277844690531697,-0.0180676139030857,0.0180676139030857
"51185",0.38758373296677,0.386499133265958,0.00108459970081204,0.00108459970081204
"51186",0.0178608466483555,0.0304583843906162,-0.0125975377422607,0.0125975377422607
"51187",-0.0424306577041212,-0.0382680050758783,-0.0041626526282429,0.0041626526282429
"51188",-0.0867511839309017,-0.0805139574351287,-0.006237226495773,0.006237226495773
"5119",0.0440920859291109,0.0267882236125775,0.0173038623165334,0.0173038623165334
"51191",-0.0844698665860005,-0.0756471597205094,-0.00882270686549111,0.00882270686549111
"51192",0.253486061592698,0.253396207221554,8.98543711440047e-05,8.98543711440047e-05
"51199",0.500186910410372,0.487369492872781,0.012817417537591,0.012817417537591
"51201",0.378753729343917,0.339453078835909,0.039300650508008,0.039300650508008
"51202",0.0768289562527284,0.0846903815651916,-0.0078614253124632,0.0078614253124632
"51203",-0.290155657765032,-0.292888866527838,0.00273320876280603,0.00273320876280603
"51204",-0.0210534266108623,-0.0364940267172505,0.0154406001063882,0.0154406001063882
"51205",-0.336327624584446,-0.307068997417284,-0.029258627167162,0.029258627167162
"5121",-0.73459124393877,-0.689747679040482,-0.044843564898288,0.044843564898288
"51218",0.191580964908743,0.177099228419384,0.014481736489359,0.014481736489359
"51222",0.335274211915866,0.290090358111292,0.045183853804574,0.045183853804574
"51225",0.454419698903717,0.411654748822463,0.042764950081254,0.042764950081254
"51226",0.128818126227736,0.104062985098999,0.024755141128737,0.024755141128737
"51227",0.0702935741220647,0.0644039620867293,0.0058896120353354,0.0058896120353354
"51228",-0.194966042180896,-0.20682139772087,0.011855355539974,0.011855355539974
"51231",-0.336295358094043,-0.309763405624414,-0.026531952469629,0.026531952469629
"51232",-0.417430619419192,-0.348652075480057,-0.068778543939135,0.068778543939135
"51234",0.0203180207781425,0.036582987524348,-0.0162649667462055,0.0162649667462055
"51244",0.157980267083661,0.148319342242118,0.00966092484154299,0.00966092484154299
"51246",-0.207420005323349,-0.187132585852085,-0.020287419471264,0.020287419471264
"51247",0.153555489041163,0.161438863818481,-0.00788337477731799,0.00788337477731799
"51249",-0.255776549474385,-0.245532985667875,-0.01024356380651,0.01024356380651
"5125",0.025891988569153,0.0732942695372403,-0.0474022809680873,0.0474022809680873
"51250",-0.0983670851899058,-0.0719576532513389,-0.0264094319385669,0.0264094319385669
"51251",0.0953716467891799,0.114082194792361,-0.0187105480031811,0.0187105480031811
"51253",-0.219328108620328,-0.217174585979136,-0.00215352264119201,0.00215352264119201
"51255",-0.11058329087905,-0.0741634464743593,-0.0364198444046907,0.0364198444046907
"51256",-0.210281443720908,-0.17701924787537,-0.033262195845538,0.033262195845538
"51257",0.511155494198787,0.543800752065318,-0.0326452578665309,0.0326452578665309
"51258",-0.114519766555342,-0.118566857926837,0.00404709137149499,0.00404709137149499
"51259",-0.101256807620408,-0.0932949105941557,-0.00796189702625229,0.00796189702625229
"51260",0.0474923685687835,0.0581729964714165,-0.010680627902633,0.010680627902633
"51263",-0.325546624715222,-0.285493591642972,-0.04005303307225,0.04005303307225
"51265",0.0114558892730192,0.00250635123971177,0.00894953803330743,0.00894953803330743
"51267",0.256246634447291,0.27326778285651,-0.017021148409219,0.017021148409219
"51271",-0.0881842627403319,-0.0753948350492298,-0.0127894276911021,0.0127894276911021
"51272",-0.357375775110811,-0.339968648101771,-0.01740712700904,0.01740712700904
"51274",0.524420369747335,0.5301299489178,-0.005709579170465,0.005709579170465
"51276",0.0363832825132131,0.0379088935577332,-0.0015256110445201,0.0015256110445201
"51278",-0.0993704051576338,-0.0813313662266079,-0.0180390389310259,0.0180390389310259
"51280",-0.0390771747342429,-0.044493341622686,0.0054161668884431,0.0054161668884431
"51282",-0.0869143513042473,-0.080689143486167,-0.00622520781808029,0.00622520781808029
"51283",-0.0163431891445244,-0.00627878070784915,-0.0100644084366753,0.0100644084366753
"51284",1.81298724613531,1.7571062985866,0.0558809475487101,0.0558809475487101
"51287",-0.0135844502309952,-0.000532318674637082,-0.0130521315563581,0.0130521315563581
"51290",-0.0833504814234417,-0.0519959929468445,-0.0313544884765972,0.0313544884765972
"51292",0.0329342172186825,0.0356163597591295,-0.00268214254044701,0.00268214254044701
"51293",-1.11728284371844,-1.05581389514291,-0.0614689485755302,0.0614689485755302
"51294",0.911362531174763,0.956469779338912,-0.045107248164149,0.045107248164149
"51295",-0.0560202326822441,-0.0326212092565532,-0.0233990234256909,0.0233990234256909
"51296",1.00240792448706,0.955388501275929,0.0470194232111311,0.0470194232111311
"51299",0.626349775469436,0.639442784881764,-0.0130930094123279,0.0130930094123279
"513",-0.0791682524510975,-0.0894006952176678,0.0102324427665703,0.0102324427665703
"51300",-0.0536590605219143,-0.0350261426820205,-0.0186329178398938,0.0186329178398938
"51303",-1.21672756159502,-1.17406422994853,-0.0426633316464899,0.0426633316464899
"51304",-0.0356489367131199,-0.0152495004093963,-0.0203994363037236,0.0203994363037236
"51306",0.362415750455684,0.319836270990836,0.042579479464848,0.042579479464848
"51307",0.0623754541880568,0.030271325274337,0.0321041289137198,0.0321041289137198
"51309",0.568499736348739,0.531257836150689,0.03724190019805,0.03724190019805
"51310",0.0902596878109659,0.105019711069484,-0.0147600232585181,0.0147600232585181
"51312",-0.0450480563126544,-0.0328458943580138,-0.0122021619546406,0.0122021619546406
"51313",0.725689547697619,0.719592307555008,0.00609724014261093,0.00609724014261093
"51315",0.210181189137204,0.210172595474608,8.59366259597927e-06,8.59366259597927e-06
"51316",-0.282751336322679,-0.266614623397368,-0.016136712925311,0.016136712925311
"51317",0.273987430894919,0.242123813690911,0.031863617204008,0.031863617204008
"51318",-0.162061467450692,-0.146974662503678,-0.015086804947014,0.015086804947014
"51319",-0.10648450490983,-0.0830846139254766,-0.0233998909843534,0.0233998909843534
"51320",0.18448833281504,0.178612891252471,0.005875441562569,0.005875441562569
"51321",-0.0620916240296778,-0.0580125452105379,-0.0040790788191399,0.0040790788191399
"51322",0.0769652198088752,0.0792326608628318,-0.0022674410539566,0.0022674410539566
"51324",-0.432864037712466,-0.385028289781797,-0.047835747930669,0.047835747930669
"51327",0.276122166406735,0.209656433352703,0.066465733054032,0.066465733054032
"51329",0.147143162859023,0.129619016036236,0.017524146822787,0.017524146822787
"51330",-0.125160634103135,-0.121108771889592,-0.00405186221354299,0.00405186221354299
"51337",0.141679047394959,0.144483580906259,-0.0028045335113,0.0028045335113
"51338",2.6914163006128,2.54783823755617,0.14357806305663,0.14357806305663
"5134",-0.0755305507102914,-0.0626521532644248,-0.0128783974458666,0.0128783974458666
"51340",0.377324285654465,0.36082984826926,0.016494437385205,0.016494437385205
"51341",-0.217449214626909,-0.198552823303518,-0.018896391323391,0.018896391323391
"51347",0.184348435603937,0.178432647677803,0.00591578792613398,0.00591578792613398
"51360",0.28552472885124,0.304058524478254,-0.018533795627014,0.018533795627014
"51361",-0.470896429196618,-0.474906100144303,0.00400967094768501,0.00400967094768501
"51363",0.255924677323219,0.226981791705593,0.028942885617626,0.028942885617626
"51365",0.0899333577232608,0.0715158849530898,0.018417472770171,0.018417472770171
"51366",-0.20313077068041,-0.203761645781223,0.000630875100813,0.000630875100813
"51367",-0.279109164074425,-0.266690458651672,-0.012418705422753,0.012418705422753
"51368",-0.146549251472919,-0.137183050371663,-0.00936620110125599,0.00936620110125599
"51371",0.0218761589165138,0.0289844215308921,-0.0071082626143783,0.0071082626143783
"51373",-0.273519879499368,-0.23953928386266,-0.033980595636708,0.033980595636708
"51374",-0.282444877021308,-0.274371287209011,-0.008073589812297,0.008073589812297
"51375",0.25316201178387,0.24479905106948,0.00836296071438999,0.00836296071438999
"51377",-0.0730613995662942,-0.036746620033234,-0.0363147795330602,0.0363147795330602
"51379",0.0256488615363723,0.0326731964671748,-0.0070243349308025,0.0070243349308025
"51380",0.26025338204769,0.226403773758217,0.033849608289473,0.033849608289473
"51382",0.0331340950728368,0.0302589495292803,0.0028751455435565,0.0028751455435565
"51386",0.0374984786029176,0.0303785326075083,0.0071199459954093,0.0071199459954093
"51388",-0.0113871448558339,0.00675941366498903,-0.0181465585208229,0.0181465585208229
"51389",0.0395229690513669,0.0410978083010498,-0.0015748392496829,0.0015748392496829
"51390",-0.399273643691618,-0.354651108744338,-0.04462253494728,0.04462253494728
"51393",0.660943427868756,0.635211473247834,0.025731954620922,0.025731954620922
"51397",0.0943123486280075,0.103355919800012,-0.00904357117200451,0.00904357117200451
"51398",0.126486736611205,0.128434876829096,-0.001948140217891,0.001948140217891
"51399",-0.113329602579133,-0.096259143117759,-0.017070459461374,0.017070459461374
"514",0.00820239470969121,-0.000874382217394446,0.00907677692708566,0.00907677692708566
"51400",-0.466491478582959,-0.475099155251895,0.00860767666893603,0.00860767666893603
"51406",-0.0720850613773751,-0.0586698085270334,-0.0134152528503417,0.0134152528503417
"51409",-0.221668483518165,-0.20252310184943,-0.019145381668735,0.019145381668735
"5141",0.0684408067112931,0.0525062842900613,0.0159345224212318,0.0159345224212318
"51421",-0.110197832447156,-0.103916645163283,-0.006281187283873,0.006281187283873
"51422",0.0969756958134286,0.120380147098101,-0.0234044512846724,0.0234044512846724
"51428",-0.128181521980306,-0.133613103016037,0.00543158103573099,0.00543158103573099
"5143",-0.0508727510718699,-0.0759202339006057,0.0250474828287358,0.0250474828287358
"51430",0.0969608784440258,0.0401003112571146,0.0568605671869112,0.0568605671869112
"51433",-0.15286156342287,-0.138753200610863,-0.014108362812007,0.014108362812007
"51434",-0.270501390451679,-0.23144894276931,-0.039052447682369,0.039052447682369
"51435",-0.131124264618286,-0.122425639400128,-0.00869862521815799,0.00869862521815799
"51439",0.102876537154437,0.0975817691016283,0.00529476805280869,0.00529476805280869
"51441",-0.0770487809167347,-0.0728571746830616,-0.0041916062336731,0.0041916062336731
"51442",-0.266212515635721,-0.266886219150705,0.00067370351498397,0.00067370351498397
"51444",0.0421356781500331,0.0786010600820783,-0.0364653819320452,0.0364653819320452
"51447",-0.0562487713772578,-0.0317091436881845,-0.0245396276890733,0.0245396276890733
"51449",-0.0455671995667481,-0.0481855449618235,0.0026183453950754,0.0026183453950754
"51450",0.156576813448127,0.116187832200626,0.040388981247501,0.040388981247501
"51451",0.00779114781982093,-0.00420284464300056,0.0119939924628215,0.0119939924628215
"51454",-0.424433546922088,-0.351395892879663,-0.073037654042425,0.073037654042425
"51455",0.0324181211688925,0.0341017179452256,-0.0016835967763331,0.0016835967763331
"51465",0.0473694916409262,0.047722446402168,-0.000352954761241801,0.000352954761241801
"51466",-0.094404717417348,-0.121359456646356,0.026954739229008,0.026954739229008
"5147",0.00246431586040967,0.0206433238193724,-0.0181790079589627,0.0181790079589627
"51474",-0.120693088110206,-0.128987191181198,0.008294103070992,0.008294103070992
"51477",0.22788996877547,0.2232170108958,0.00467295787966998,0.00467295787966998
"51479",0.415897635903935,0.396516371954357,0.019381263949578,0.019381263949578
"51490",-0.444323420830689,-0.413407798410346,-0.030915622420343,0.030915622420343
"51493",-0.244432692244529,-0.21457651300162,-0.029856179242909,0.029856179242909
"51495",-0.113561280590767,-0.120506200170808,0.006944919580041,0.006944919580041
"51496",-0.0315941291635367,-0.0173907809934182,-0.0142033481701185,0.0142033481701185
"51497",0.00760981487782593,-0.018734181778007,0.0263439966558329,0.0263439966558329
"51499",-0.110757782340406,-0.106039072788418,-0.004718709551988,0.004718709551988
"515",0.0162837616558531,0.0130759763877183,0.0032077852681348,0.0032077852681348
"5150",0.0917878986110954,0.104919779367835,-0.0131318807567396,0.0131318807567396
"51501",0.124836807150555,0.136902346675205,-0.01206553952465,0.01206553952465
"51503",0.298232302771591,0.284625456516381,0.01360684625521,0.01360684625521
"51504",0.0223372196552456,0.0235705962097613,-0.0012333765545157,0.0012333765545157
"51506",-0.264189489266419,-0.26340444481298,-0.000785044453439021,0.000785044453439021
"51507",0.133271327783496,0.119147214579016,0.01412411320448,0.01412411320448
"5151",0.163298248790615,0.144655458956637,0.018642789833978,0.018642789833978
"51510",0.348429427586964,0.348898494256966,-0.000469066670002016,0.000469066670002016
"51512",-0.431744633274471,-0.427732107456392,-0.00401252581807898,0.00401252581807898
"51514",-0.258195237515747,-0.261979573643861,0.00378433612811396,0.00378433612811396
"51517",-0.173198355241918,-0.158601626862666,-0.014596728379252,0.014596728379252
"51520",-0.281403744063966,-0.248833484064674,-0.032570259999292,0.032570259999292
"51522",0.059338005626426,0.0572352682215525,0.0021027374048735,0.0021027374048735
"51523",-0.257643872868688,-0.253368651098565,-0.00427522177012302,0.00427522177012302
"51524",-0.218449989723958,-0.198265978010685,-0.020184011713273,0.020184011713273
"51526",-0.146782052084659,-0.122687861729362,-0.024094190355297,0.024094190355297
"51527",-0.265105651283042,-0.240139496769146,-0.024966154513896,0.024966154513896
"51528",0.343130380513651,0.352818596572741,-0.00968821605908998,0.00968821605908998
"51529",-0.18947261196682,-0.166287427678927,-0.023185184287893,0.023185184287893
"51530",-0.00984024323024423,0.00399674057671815,-0.0138369838069624,0.0138369838069624
"51531",-0.132370477798601,-0.113626561177651,-0.01874391662095,0.01874391662095
"51534",0.115882259912653,0.123643246459315,-0.007760986546662,0.007760986546662
"51535",0.0297422177600855,0.0421652926043218,-0.0124230748442363,0.0124230748442363
"51537",-0.447016498076026,-0.443447534503127,-0.00356896357289899,0.00356896357289899
"51538",-0.136235329031735,-0.123728841543942,-0.012506487487793,0.012506487487793
"5154",0.116598290085922,0.125672238460431,-0.00907394837450899,0.00907394837450899
"51542",0.243516275247013,0.245736063377697,-0.00221978813068399,0.00221978813068399
"51545",-0.0721761457323436,-0.0997068201942827,0.0275306744619391,0.0275306744619391
"51547",-0.295793050351219,-0.272813400895983,-0.022979649455236,0.022979649455236
"51548",0.159762212593554,0.134267722348983,0.025494490244571,0.025494490244571
"51550",-0.298817274930556,-0.266151788065612,-0.032665486864944,0.032665486864944
"51552",0.238311456431787,0.200837646279261,0.037473810152526,0.037473810152526
"51557",0.551955355823397,0.466395948614851,0.085559407208546,0.085559407208546
"5156",0.680489399907872,0.618511556644496,0.0619778432633761,0.0619778432633761
"51562",0.0160503800256039,0.0138769625653622,0.0021734174602417,0.0021734174602417
"51564",0.400383025730973,0.371256329055367,0.029126696675606,0.029126696675606
"51566",0.382133110895796,0.350739870538705,0.031393240357091,0.031393240357091
"51567",0.193889476271107,0.176601151451184,0.017288324819923,0.017288324819923
"51569",0.0203324351273403,0.0283759976207997,-0.0080435624934594,0.0080435624934594
"5157",-0.721108111436744,-0.687637939150351,-0.033470172286393,0.033470172286393
"51571",0.130088181714653,0.158761166907499,-0.028672985192846,0.028672985192846
"51573",-0.443232212451542,-0.380108750822516,-0.063123461629026,0.063123461629026
"51574",-0.0228098945357167,-0.00782760204282889,-0.0149822924928878,0.0149822924928878
"51582",0.0204849881457005,0.0207309633315287,-0.000245975185828199,0.000245975185828199
"51586",0.248819298858977,0.215889137666817,0.03293016119216,0.03293016119216
"51588",-0.187043342509081,-0.164563668283282,-0.022479674225799,0.022479674225799
"5159",0.922894591771405,0.871061442352881,0.051833149418524,0.051833149418524
"51592",-0.0703191269176091,-0.0746949137345833,0.0043757868169742,0.0043757868169742
"51593",-0.196426426402013,-0.204116645971432,0.00769021956941901,0.00769021956941901
"51594",-0.119810204937688,-0.131498976417354,0.011688771479666,0.011688771479666
"51596",-0.0721777997571877,-0.0630841945601974,-0.0090936051969903,0.0090936051969903
"51599",-0.00212381548795491,-0.0165499952557457,0.0144261797677908,0.0144261797677908
"516",-0.345449762111028,-0.304539030579231,-0.040910731531797,0.040910731531797
"5160",-0.185608567823035,-0.198850345970673,0.013241778147638,0.013241778147638
"51601",-0.18498646854175,-0.17837905235851,-0.00660741618323998,0.00660741618323998
"51602",-0.379269078137405,-0.371540405165207,-0.00772867297219804,0.00772867297219804
"51603",-0.0959583784261885,-0.075547951769266,-0.0204104266569225,0.0204104266569225
"51604",-0.122334877705507,-0.120718306057899,-0.00161657164760799,0.00161657164760799
"51605",-0.112594670799384,-0.106651841605079,-0.005942829194305,0.005942829194305
"51606",-0.0967499018692607,-0.0919382546025563,-0.00481164726670441,0.00481164726670441
"51608",-0.443298064284722,-0.389932262951698,-0.053365801333024,0.053365801333024
"51614",-0.336571708487519,-0.312504915001499,-0.02406679348602,0.02406679348602
"51616",0.0789673580479962,0.0946358883491554,-0.0156685303011592,0.0156685303011592
"51619",0.029555512352789,-0.000403269090805315,0.0299587814435943,0.0299587814435943
"5162",0.190439903651229,0.190402912177382,3.69914738470034e-05,3.69914738470034e-05
"51621",-0.307641846466567,-0.344604381535826,0.036962535069259,0.036962535069259
"51626",0.247783382807164,0.236540650997055,0.011242731810109,0.011242731810109
"51629",-0.180390958703513,-0.163351881422629,-0.017039077280884,0.017039077280884
"51634",-0.0181206231162287,-0.0342404715816363,0.0161198484654076,0.0161198484654076
"51635",-0.223474391273678,-0.226067533812447,0.00259314253876902,0.00259314253876902
"51637",0.0269888926387949,0.008891425804429,0.0180974668343659,0.0180974668343659
"51639",-0.00606731359661683,-0.00181414239479516,-0.00425317120182167,0.00425317120182167
"5164",0.346357679106804,0.347031006678943,-0.000673327572139004,0.000673327572139004
"51642",-0.112766739114783,-0.122524836094427,0.00975809697964401,0.00975809697964401
"51643",0.113032992285081,0.116101631202755,-0.003068638917674,0.003068638917674
"51645",-0.219470046202302,-0.178209714651359,-0.041260331550943,0.041260331550943
"51646",0.362593178154884,0.341112502240694,0.02148067591419,0.02148067591419
"51647",0.0498463087623957,0.0518402563167106,-0.0019939475543149,0.0019939475543149
"51649",-0.0200046293700332,-0.0011473101904801,-0.0188573191795531,0.0188573191795531
"5165",0.13256757779445,0.100955990554399,0.031611587240051,0.031611587240051
"51650",-0.286384778278276,-0.269642740588283,-0.016742037689993,0.016742037689993
"51651",-0.293857955194762,-0.2723300978058,-0.021527857388962,0.021527857388962
"51654",-0.177181928263952,-0.180085740596466,0.00290381233251402,0.00290381233251402
"51657",-0.177535676192851,-0.179233286348544,0.001697610155693,0.001697610155693
"51659",-0.199359400165171,-0.171021585317051,-0.02833781484812,0.02833781484812
"5166",1.71961575480545,1.70751456428097,0.0121011905244801,0.0121011905244801
"51660",0.21296561217221,0.181173366885174,0.031792245287036,0.031792245287036
"51663",0.144117263430806,0.157058090883303,-0.012940827452497,0.012940827452497
"51666",0.651198760400296,0.615103617384268,0.036095143016028,0.036095143016028
"51667",0.129804195181006,0.127451074650451,0.002353120530555,0.002353120530555
"51668",0.0764037747545545,0.0640479152155712,0.0123558595389833,0.0123558595389833
"51669",0.130500595113936,0.133775942621001,-0.00327534750706501,0.00327534750706501
"5167",0.803820016183781,0.768669143467644,0.0351508727161369,0.0351508727161369
"51673",1.63123528141852,1.60057883945777,0.03065644196075,0.03065644196075
"51676",0.520963353451697,0.471529674494898,0.049433678956799,0.049433678956799
"5168",1.17485504811761,1.16240115587115,0.0124538922464601,0.0124538922464601
"51690",-0.466717867095798,-0.416007264530833,-0.050710602564965,0.050710602564965
"51691",0.0157617277309768,0.0324709821562709,-0.0167092544252941,0.0167092544252941
"51692",-0.152997244484281,-0.165825086152206,0.012827841667925,0.012827841667925
"51693",-0.140848440813897,-0.128039437993677,-0.01280900282022,0.01280900282022
"51696",0.132958541660405,0.121317559122203,0.011640982538202,0.011640982538202
"51699",0.16172364028475,0.160707213591939,0.00101642669281099,0.00101642669281099
"517",0.24972623940011,0.221441736610299,0.028284502789811,0.028284502789811
"5170",0.0446325383864843,0.0227539598356787,0.0218785785508056,0.0218785785508056
"51700",-0.147461052887306,-0.103816083313865,-0.043644969573441,0.043644969573441
"51701",0.232737644820243,0.219679941525537,0.013057703294706,0.013057703294706
"51706",0.0715672825391964,0.074843963553616,-0.00327668101441959,0.00327668101441959
"51714",0.101260655335284,0.104099886946565,-0.002839231611281,0.002839231611281
"51715",0.487645713642952,0.494492151492105,-0.00684643784915301,0.00684643784915301
"51719",0.397232025584165,0.402729975228805,-0.00549794964464001,0.00549794964464001
"51720",0.221760918777446,0.213645451914687,0.00811546686275899,0.00811546686275899
"51726",-0.12590078315131,-0.118209378756669,-0.00769140439464101,0.00769140439464101
"51727",-0.0287552730827786,-0.0348283543070195,0.0060730812242409,0.0060730812242409
"51728",0.220165303660279,0.182773087469335,0.037392216190944,0.037392216190944
"51729",-0.173517634690682,-0.175322499737315,0.00180486504663302,0.00180486504663302
"51734",0.0634640342175188,0.0429018054906891,0.0205622287268297,0.0205622287268297
"51735",-0.248347475637773,-0.216994096123951,-0.031353379513822,0.031353379513822
"51741",-0.150104214405668,-0.143721845257077,-0.006382369148591,0.006382369148591
"51742",-0.00809530415227185,-0.00980983435293577,0.00171453020066392,0.00171453020066392
"51747",0.122886992753907,0.10727718984714,0.015609802906767,0.015609802906767
"51750",-0.161289977879454,-0.167308807867744,0.00601882998828998,0.00601882998828998
"51751",2.5871614323359,2.54044569678569,0.0467157355502099,0.0467157355502099
"51752",-0.038510619343276,-0.0106661500461518,-0.0278444692971242,0.0278444692971242
"51759",-0.0746132929268521,-0.0620761003850793,-0.0125371925417728,0.0125371925417728
"5176",0.70638054923886,0.675835316689439,0.030545232549421,0.030545232549421
"51760",-0.0150537872962583,-0.0207262990296673,0.005672511733409,0.005672511733409
"51762",0.146558021458432,0.164180872616412,-0.01762285115798,0.01762285115798
"51763",-0.0468069291304858,-0.0295812605402946,-0.0172256685901912,0.0172256685901912
"51768",-0.0226102509694062,0.0049898086013744,-0.0276000595707806,0.0276000595707806
"51773",0.243527217002966,0.213209369108437,0.030317847894529,0.030317847894529
"51776",0.45224174743224,0.406292625370536,0.045949122061704,0.045949122061704
"51780",0.0516829300144039,0.0419811132109646,0.0097018168034393,0.0097018168034393
"518",-0.0246986115121187,-0.0276996451138548,0.0030010336017361,0.0030010336017361
"51808",-0.24317229039281,-0.22083407982332,-0.02233821056949,0.02233821056949
"51816",0.809625995293174,0.759078041508752,0.050547953784422,0.050547953784422
"5184",0.407699416018001,0.402484439512139,0.005214976505862,0.005214976505862
"5188",-0.223164509336547,-0.199461483955326,-0.023703025381221,0.023703025381221
"5189",-0.175691637667155,-0.167646838011688,-0.00804479965546701,0.00804479965546701
"5190",-0.0332904049875176,-0.0739745252374531,0.0406841202499355,0.0406841202499355
"5191",-0.221223006207197,-0.207362452313797,-0.0138605538934,0.0138605538934
"5192",-0.19635107988954,-0.168838769532056,-0.027512310357484,0.027512310357484
"5194",-0.379423163335972,-0.350901855404443,-0.028521307931529,0.028521307931529
"5195",0.135877145113264,0.135494597388227,0.000382547725036986,0.000382547725036986
"5198",-0.192723499934378,-0.20118475210927,0.00846125217489199,0.00846125217489199
"52",-0.211278612923606,-0.19066109519757,-0.020617517726036,0.020617517726036
"5201",0.161702164086211,0.166036703924903,-0.004334539838692,0.004334539838692
"5202",-0.109399717679523,-0.103522388544546,-0.005877329134977,0.005877329134977
"5203",0.279887267846576,0.244023343682888,0.035863924163688,0.035863924163688
"5204",0.135585858505245,0.124170904742798,0.011414953762447,0.011414953762447
"5205",-0.307938021415871,-0.318367424018532,0.010429402602661,0.010429402602661
"5209",0.240535700088301,0.194834381471967,0.045701318616334,0.045701318616334
"521",0.0378894622838631,0.00679212488944632,0.0310973373944168,0.0310973373944168
"5210",0.0270600098352138,0.0136942958712868,0.013365713963927,0.013365713963927
"5211",-0.143344117540705,-0.150575940442702,0.007231822901997,0.007231822901997
"5213",0.302209477996926,0.293664703460521,0.00854477453640501,0.00854477453640501
"5214",-1.44035130802209,-1.44373561591762,0.00338430789553001,0.00338430789553001
"5216",0.0806959716856422,0.0644381977580178,0.0162577739276244,0.0162577739276244
"5217",0.147323882574102,0.136605995498755,0.010717887075347,0.010717887075347
"522",-0.0310950754904305,-0.048918891948343,0.0178238164579125,0.0178238164579125
"5226",0.241506832903093,0.25222148608127,-0.010714653178177,0.010714653178177
"5228",0.44114042357921,0.397922189261318,0.043218234317892,0.043218234317892
"5229",0.270045509131792,0.277590988437282,-0.00754547930549004,0.00754547930549004
"523",-0.115825897422319,-0.121620689738252,0.00579479231593301,0.00579479231593301
"5230",-0.278565253954767,-0.268154867312341,-0.010410386642426,0.010410386642426
"5236",-0.392072441919575,-0.387790675287874,-0.00428176663170104,0.00428176663170104
"5238",-0.320045903766551,-0.298618628798274,-0.021427274968277,0.021427274968277
"5243",-0.320769118591308,-0.286385342191446,-0.034383776399862,0.034383776399862
"5245",0.0801202647953714,0.0860095620674682,-0.00588929727209679,0.00588929727209679
"525",-0.0668864583261226,-0.0688333986006241,0.0019469402745015,0.0019469402745015
"5250",-0.0606723030135818,-0.071354333526251,0.0106820305126692,0.0106820305126692
"5253",0.061328635831009,0.0549075798409037,0.0064210559901053,0.0064210559901053
"5256",-0.25524404770571,-0.252830805948239,-0.00241324175747104,0.00241324175747104
"5257",0.0462521289847704,0.0476593738946563,-0.0014072449098859,0.0014072449098859
"526",0.202294307978949,0.201245546099944,0.00104876187900502,0.00104876187900502
"5261",-0.349647746460305,-0.305461710356966,-0.044186036103339,0.044186036103339
"5264",0.144725369719108,0.105293648711481,0.039431721007627,0.039431721007627
"5265",1.6217524172205,1.5457624029048,0.0759900143157,0.0759900143157
"5269",0.312093241312101,0.281019426973605,0.031073814338496,0.031073814338496
"5270",0.428693545481605,0.419503920605957,0.00918962487564801,0.00918962487564801
"5272",-0.130986957528627,-0.110678051524098,-0.020308906004529,0.020308906004529
"5277",-0.119077923432766,-0.124996553473845,0.005918630041079,0.005918630041079
"5279",0.0919282298893954,0.0857641510066822,0.00616407888271321,0.00616407888271321
"528",0.235227903654536,0.250033564633267,-0.014805660978731,0.014805660978731
"5281",-0.0629106886292402,-0.0576668589600651,-0.0052438296691751,0.0052438296691751
"5283",-0.125936506435649,-0.0943767085365916,-0.0315597978990574,0.0315597978990574
"5286",-0.154934088228959,-0.113699002881964,-0.041235085346995,0.041235085346995
"5287",-0.138466150043403,-0.0932617572755872,-0.0452043927678158,0.0452043927678158
"5289",0.162091754192217,0.166504130701216,-0.00441237650899901,0.00441237650899901
"529",-0.023075903339698,-0.017539647116433,-0.005536256223265,0.005536256223265
"5290",0.201274554225781,0.214685386705344,-0.013410832479563,0.013410832479563
"5291",-0.712518915179203,-0.686434255011505,-0.0260846601676979,0.0260846601676979
"5292",0.235395080286933,0.247247892150133,-0.0118528118632,0.0118528118632
"5295",0.359463227463193,0.35144939806305,0.008013829400143,0.008013829400143
"5298",0.216345413331809,0.192940892044582,0.023404521287227,0.023404521287227
"53",-0.117573080615899,-0.0655599452440719,-0.0520131353718271,0.0520131353718271
"5300",0.192845157837137,0.184089207239262,0.00875595059787498,0.00875595059787498
"5305",-0.0761969875188904,-0.0599362884188403,-0.0162606991000501,0.0162606991000501
"5306",-0.470448037348538,-0.434288981133891,-0.036159056214647,0.036159056214647
"5308",0.721315194882181,0.730046649548427,-0.00873145466624603,0.00873145466624603
"5310",0.113365823517581,0.0925295029468526,0.0208363205707284,0.0208363205707284
"5311",0.402393972739923,0.380071323163966,0.022322649575957,0.022322649575957
"5315",-0.28955950997566,-0.297728510928461,0.00816900095280099,0.00816900095280099
"5318",-0.297222528175583,-0.294028843097826,-0.00319368507775697,0.00319368507775697
"5320",1.03121667287951,0.986727766830587,0.044488906048923,0.044488906048923
"5322",1.25295546519845,1.28412059540394,-0.0311651302054901,0.0311651302054901
"5324",-0.10771865103278,-0.120408342010791,0.012689690978011,0.012689690978011
"5325",1.18367061729779,1.11959893128849,0.0640716860093,0.0640716860093
"5326",-0.0653796430393612,-0.0463171651065836,-0.0190624779327776,0.0190624779327776
"5328",0.517699551382507,0.488816277574026,0.028883273808481,0.028883273808481
"5329",-0.0515329804187946,-0.0309628940443003,-0.0205700863744943,0.0205700863744943
"533",-0.174445882577777,-0.161273156469915,-0.013172726107862,0.013172726107862
"53339",0.261007697110561,0.264274438444052,-0.00326674133349103,0.00326674133349103
"53340",0.253222221899914,0.222105934249168,0.031116287650746,0.031116287650746
"53342",-0.741229867945579,-0.675102719128729,-0.06612714881685,0.06612714881685
"53343",-0.186569758185808,-0.173889999603163,-0.012679758582645,0.012679758582645
"53349",0.0665485297893896,0.0779732261915103,-0.0114246964021207,0.0114246964021207
"5336",0.625033614135711,0.532665714858742,0.092367899276969,0.092367899276969
"5337",0.415798095996147,0.398283756066588,0.017514339929559,0.017514339929559
"53371",0.0991096317200082,0.112689051235786,-0.0135794195157778,0.0135794195157778
"5338",-0.0871479515165676,-0.110973553089251,0.0238256015726834,0.0238256015726834
"5339",-0.158283456419171,-0.153353325370339,-0.004930131048832,0.004930131048832
"53405",0.458727892543889,0.428647792328085,0.030080100215804,0.030080100215804
"5347",-0.275736091507048,-0.265707020503304,-0.010029071003744,0.010029071003744
"5348",0.521466051303325,0.502315218378648,0.019150832924677,0.019150832924677
"5349",0.419963343579046,0.330756549969596,0.08920679360945,0.08920679360945
"535",-0.0945683186246577,-0.080518150575817,-0.0140501680488407,0.0140501680488407
"5351",-0.134903061275913,-0.136437004279279,0.00153394300336598,0.00153394300336598
"5352",0.189229363346105,0.184051485510387,0.00517787783571799,0.00517787783571799
"5355",0.524361002389679,0.496862289597087,0.027498712792592,0.027498712792592
"5356",-0.106538114888945,-0.0923573669536232,-0.0141807479353218,0.0141807479353218
"5358",0.0581092697592958,0.0498130757339173,0.0082961940253785,0.0082961940253785
"5359",-0.00378840499865972,0.0247822036817072,-0.0285706086803669,0.0285706086803669
"5360",1.08310169545357,1.08566045216017,-0.00255875670660011,0.00255875670660011
"5361",0.133266910927631,0.105569197182632,0.027697713744999,0.027697713744999
"5362",0.499359764381768,0.47288239107336,0.026477373308408,0.026477373308408
"53635",0.0679880511979807,0.0551122040717943,0.0128758471261864,0.0128758471261864
"5364",0.234623319989688,0.200388152927383,0.034235167062305,0.034235167062305
"5366",0.0541851510888008,0.0966319139360187,-0.0424467628472179,0.0424467628472179
"537",-0.106351123026062,-0.0914093431131045,-0.0149417799129575,0.0149417799129575
"5372",0.792445280585459,0.729475738921288,0.062969541664171,0.062969541664171
"5373",-0.381233370215177,-0.365411585017705,-0.015821785197472,0.015821785197472
"5376",1.0359358367213,0.976976277188015,0.058959559533285,0.058959559533285
"5378",0.0925127901786697,0.0946016311685164,-0.0020888409898467,0.0020888409898467
"538",0.265233906433813,0.258767083975047,0.00646682245876601,0.00646682245876601
"53826",0.838731850212772,0.785175554322305,0.053556295890467,0.053556295890467
"53827",-0.0797763478011855,-0.0908267364563531,0.0110503886551676,0.0110503886551676
"53834",-0.770988681015205,-0.690219331298405,-0.0807693497168001,0.0807693497168001
"53836",0.10259772193655,0.0903821856600095,0.0122155362765405,0.0122155362765405
"53838",-0.242214687369769,-0.218982249024414,-0.023232438345355,0.023232438345355
"539",0.0331336658815143,0.029852678448849,0.0032809874326653,0.0032809874326653
"53905",0.0108882160202893,-0.0125993705799384,0.0234875866002277,0.0234875866002277
"53917",-0.0707747670620185,-0.0531484446991972,-0.0176263223628213,0.0176263223628213
"53918",0.0913051944721594,0.0952854227082169,-0.0039802282360575,0.0039802282360575
"5393",-0.175390503413941,-0.169807878873436,-0.00558262454050498,0.00558262454050498
"53938",-0.235185775905929,-0.235842647559583,0.000656871653653995,0.000656871653653995
"5394",-0.0961611691647817,-0.0967436369742787,0.000582467809496987,0.000582467809496987
"53944",0.00634874396882855,-0.00612347269845306,0.0124722166672816,0.0124722166672816
"53981",-0.068005414573966,-0.0457651954895431,-0.0222402190844229,0.0222402190844229
"54",-0.143193260872773,-0.130121333662467,-0.013071927210306,0.013071927210306
"540",-0.48513805913858,-0.478213039514203,-0.00692501962437697,0.00692501962437697
"54014",0.0476691332644692,0.0326822921279941,0.0149868411364751,0.0149868411364751
"54020",-0.346726112671212,-0.317786201661703,-0.028939911009509,0.028939911009509
"54058",-0.0125950179541284,-0.0246738590943938,0.0120788411402654,0.0120788411402654
"54059",-0.0120468717406499,-0.0305937476107797,0.0185468758701298,0.0185468758701298
"54069",-0.0825108747701031,-0.0891173973238823,0.00660652255377919,0.00660652255377919
"54093",-0.306156660795935,-0.279822899083402,-0.026333761712533,0.026333761712533
"54097",-0.347102506999561,-0.342890929094942,-0.00421157790461901,0.00421157790461901
"54101",-0.123156290915121,-0.126657584043331,0.00350129312821,0.00350129312821
"54107",-0.00472417961062314,-0.00575460993129139,0.00103043032066825,0.00103043032066825
"54108",0.0914305003796927,0.0742282119736069,0.0172022884060858,0.0172022884060858
"5411",-0.118613870269243,-0.100765479109745,-0.017848391159498,0.017848391159498
"5412",0.257971101096072,0.234079171501755,0.023891929594317,0.023891929594317
"54148",-0.0922241928387921,-0.0695151236420039,-0.0227090691967882,0.0227090691967882
"54149",-0.327273460324367,-0.295823422293132,-0.031450038031235,0.031450038031235
"541565",0.0647019340881314,0.0622662767740907,0.0024356573140407,0.0024356573140407
"54165",0.0598610100306706,0.0748196586839145,-0.0149586486532439,0.0149586486532439
"54187",-0.831515850820836,-0.75223421959496,-0.0792816312258761,0.0792816312258761
"5420",0.985265925675527,0.959595475787777,0.0256704498877499,0.0256704498877499
"54205",-0.0724896266163535,-0.0599806329250616,-0.0125089936912919,0.0125089936912919
"54206",0.0829712790109914,0.088537923669407,-0.00556664465841561,0.00556664465841561
"54209",0.204905160417136,0.19177085534837,0.013134305068766,0.013134305068766
"54210",-1.86681235136657,-1.7222249317811,-0.14458741958547,0.14458741958547
"5422",-0.0555068096882934,-0.0333840798502106,-0.0221227298380828,0.0221227298380828
"5423",-0.187835930654686,-0.170810800222189,-0.017025130432497,0.017025130432497
"5425",0.0571885748867339,0.0652068361619472,-0.0080182612752133,0.0080182612752133
"5427",-0.351318302043291,-0.344943250088326,-0.00637505195496502,0.00637505195496502
"5428",-0.0743617277267326,-0.070595680167887,-0.00376604755884559,0.00376604755884559
"5429",0.0103727352236855,-0.00691063319959536,0.0172833684232809,0.0172833684232809
"5430",-0.0838871888532845,-0.107869211972934,0.0239820231196495,0.0239820231196495
"5431",-0.0406571270472617,-0.0205675695023277,-0.020089557544934,0.020089557544934
"5432",0.0287433065397738,0.0345740025510592,-0.0058306960112854,0.0058306960112854
"5433",-0.328128967416507,-0.278112729208572,-0.050016238207935,0.050016238207935
"5434",0.214019999875587,0.220481390099368,-0.00646139022378101,0.00646139022378101
"54344",-0.22618623438703,-0.224519857517023,-0.00166637687000701,0.00166637687000701
"54345",0.885858364988971,0.846616698994249,0.039241665994722,0.039241665994722
"5435",-0.0714852983950313,-0.0777797933690541,0.0062944949740228,0.0062944949740228
"5436",0.107052008087096,0.127723894719184,-0.020671886632088,0.020671886632088
"5437",-0.135679180744797,-0.134421972230523,-0.00125720851427402,0.00125720851427402
"5438",-0.307505855259691,-0.295554868459653,-0.011950986800038,0.011950986800038
"54386",0.151368426951274,0.12872017420691,0.022648252744364,0.022648252744364
"5440",0.297273914069062,0.288253019695034,0.00902089437402803,0.00902089437402803
"54407",0.381037909843939,0.393250128875974,-0.012212219032035,0.012212219032035
"5441",0.0269393458976446,0.0366154860632869,-0.0096761401656423,0.0096761401656423
"54431",-0.0630836561125695,-0.0687327134393926,0.00564905732682311,0.00564905732682311
"54432",0.0966683883919389,0.098201925447688,-0.00153353705574909,0.00153353705574909
"54433",-0.112542598334009,-0.100383583567232,-0.012159014766777,0.012159014766777
"54436",-0.407612866977908,-0.344737496124169,-0.062875370853739,0.062875370853739
"54438",-0.00488463214862205,-0.0510149987312921,0.0461303665826701,0.0461303665826701
"54440",0.871007160439664,0.854836309473691,0.0161708509659729,0.0161708509659729
"54442",-0.118959750185798,-0.101295313105984,-0.017664437079814,0.017664437079814
"54443",-0.143327349697055,-0.155382559757151,0.012055210060096,0.012055210060096
"5445",0.298675466695303,0.328635118150905,-0.029959651455602,0.029959651455602
"54453",0.731708874643273,0.688546039323556,0.0431628353197171,0.0431628353197171
"54460",-0.121524852519436,-0.114209536905352,-0.00731531561408399,0.00731531561408399
"54461",-0.28625087816922,-0.264534588290004,-0.021716289879216,0.021716289879216
"54462",0.0485222562027589,0.0479916334560018,0.000530622746757102,0.000530622746757102
"54463",0.459787355473127,0.435263005322029,0.024524350151098,0.024524350151098
"54464",0.29949225815377,0.279608730122813,0.019883528030957,0.019883528030957
"54465",0.391963244580833,0.359374191543123,0.03258905303771,0.03258905303771
"54468",-0.0614971410904845,-0.0427412207113849,-0.0187559203790996,0.0187559203790996
"5447",-0.0399382834508285,-0.0502169998608194,0.0102787164099909,0.0102787164099909
"54472",0.446027919981462,0.420623081788119,0.025404838193343,0.025404838193343
"54475",-0.335122011835459,-0.286372714751067,-0.048749297084392,0.048749297084392
"54476",0.0401702391691049,0.0633649945937351,-0.0231947554246302,0.0231947554246302
"54477",0.0323364798447878,0.0293074288307993,0.0030290510139885,0.0030290510139885
"54480",-0.275014225191703,-0.245668020828917,-0.029346204362786,0.029346204362786
"54482",-0.0533978627970591,-0.0468284083946192,-0.0065694544024399,0.0065694544024399
"54487",-0.0846741732931919,-0.067666474793361,-0.0170076984998309,0.0170076984998309
"54494",-0.0776647452397829,-0.0563841164445792,-0.0212806287952037,0.0212806287952037
"54495",0.152772677995312,0.156897915508028,-0.00412523751271601,0.00412523751271601
"54496",0.0603994255368273,0.0317772382841931,0.0286221872526342,0.0286221872526342
"54497",-0.129786701275419,-0.139183534087956,0.009396832812537,0.009396832812537
"54499",-0.111929672391947,-0.104191856892287,-0.00773781549966,0.00773781549966
"54502",0.0364113901409797,0.0361269675848368,0.000284422556142902,0.000284422556142902
"54503",-0.0098275135455713,-0.0240252497948864,0.0141977362493151,0.0141977362493151
"54504",0.185347390387655,0.187804016021883,-0.00245662563422802,0.00245662563422802
"54505",0.0324133300197442,0.0377862503163971,-0.0053729202966529,0.0053729202966529
"54507",0.282668470640477,0.283836084188429,-0.00116761354795197,0.00116761354795197
"5451",-0.185413132232568,-0.180801564996271,-0.00461156723629699,0.00461156723629699
"54512",-0.128448895273941,-0.104025003289841,-0.0244238919841,0.0244238919841
"54516",-0.0643230274652411,-0.0608107356008015,-0.0035122918644396,0.0035122918644396
"54517",-0.272619574496477,-0.246608841053322,-0.026010733443155,0.026010733443155
"54518",0.303214096752919,0.289598487022711,0.013615609730208,0.013615609730208
"54520",-0.171388762661253,-0.15530379011436,-0.016084972546893,0.016084972546893
"54522",-0.103593427911724,-0.0778569693139942,-0.0257364585977298,0.0257364585977298
"54529",0.0536002054758889,0.0636034396278783,-0.0100032341519894,0.0100032341519894
"54534",-0.0662937387186123,-0.0351555832339716,-0.0311381554846407,0.0311381554846407
"54536",0.7155420818704,0.727918057234507,-0.012375975364107,0.012375975364107
"54538",0.530767220374397,0.540376338655222,-0.009609118280825,0.009609118280825
"54539",0.0933479323770119,0.0752296435141185,0.0181182888628934,0.0181182888628934
"54541",0.0369508446457996,0.0449268381490075,-0.0079759935032079,0.0079759935032079
"54542",-0.145107626036586,-0.122965538019472,-0.022142088017114,0.022142088017114
"54543",0.0063088708611963,0.00183671850338697,0.00447215235780933,0.00447215235780933
"54552",-0.244634545869109,-0.206890979859942,-0.037743566009167,0.037743566009167
"54554",0.181406070945719,0.192137453106034,-0.010731382160315,0.010731382160315
"54555",-0.207104475029299,-0.176413133612824,-0.030691341416475,0.030691341416475
"54556",0.144696654994351,0.138982839923753,0.00571381507059801,0.00571381507059801
"54583",-0.866310922734195,-0.757142338232474,-0.109168584501721,0.109168584501721
"54585",0.501738432191613,0.459262111863821,0.042476320327792,0.042476320327792
"54587",-0.161450203588624,-0.180104492511983,0.018654288923359,0.018654288923359
"54596",0.131300410926532,0.138142811253672,-0.00684240032714001,0.00684240032714001
"546",-0.0382123908035788,-0.0248505947025703,-0.0133617961010085,0.0133617961010085
"54602",0.0519270601379558,0.0466927331000143,0.00523432703794149,0.00523432703794149
"54606",-0.168389896102202,-0.152041802103345,-0.016348093998857,0.016348093998857
"54617",-0.104835775513543,-0.106401912779203,0.00156613726565999,0.00156613726565999
"54619",-0.16862902724409,-0.169131342143204,0.000502314899113981,0.000502314899113981
"54622",0.181792056043066,0.175512548919176,0.00627950712389,0.00627950712389
"54623",-0.273171520903793,-0.24597619353382,-0.027195327369973,0.027195327369973
"54625",0.327969842112046,0.316267617382312,0.011702224729734,0.011702224729734
"5464",0.035778944671366,0.0350825261137828,0.000696418557583199,0.000696418557583199
"54662",-4.12520592327809e-05,-0.0136913544204204,0.0136501023611876,0.0136501023611876
"54663",-0.00704390780842885,-0.0534813183080703,0.0464374104996415,0.0464374104996415
"54664",0.305578858856743,0.300120540951766,0.00545831790497703,0.00545831790497703
"5467",-0.167830860770851,-0.175675133160315,0.007844272389464,0.007844272389464
"54674",0.224056580435654,0.198313805309224,0.02574277512643,0.02574277512643
"54675",-0.223206911916601,-0.209861650657912,-0.013345261258689,0.013345261258689
"54677",0.199218461111859,0.203702964936104,-0.00448450382424498,0.00448450382424498
"5468",-0.178139390118116,-0.181991222879999,0.003851832761883,0.003851832761883
"54680",-0.0373567473009591,-0.0302468295417342,-0.0071099177592249,0.0071099177592249
"54681",-0.421363845345709,-0.386809501492134,-0.034554343853575,0.034554343853575
"54682",0.15316055613139,0.161401355954086,-0.00824079982269599,0.00824079982269599
"5469",-0.0501786850534688,-0.0555285277308181,0.0053498426773493,0.0053498426773493
"54700",-0.0028697240588213,0.0161713890357349,-0.0190411130945562,0.0190411130945562
"54707",0.195151371001187,0.189845713846935,0.00530565715425202,0.00530565715425202
"54708",0.174373589050378,0.167189520987557,0.00718406806282101,0.00718406806282101
"5471",-0.292923360597366,-0.278307135265358,-0.014616225332008,0.014616225332008
"5473",1.34053546583451,1.40502442055265,-0.06448895471814,0.06448895471814
"54732",-0.349156604888726,-0.32151669979986,-0.027639905088866,0.027639905088866
"54733",-0.831731059080592,-0.797776236445752,-0.03395482263484,0.03395482263484
"54737",-0.178521299334472,-0.178403976477662,-0.000117322856809987,0.000117322856809987
"54739",-0.06346816922921,-0.0468373989033188,-0.0166307703258912,0.0166307703258912
"54741",-0.0821523087488229,-0.0527235093856991,-0.0294287993631238,0.0294287993631238
"54749",0.948309843113248,0.932960875235501,0.015348967877747,0.015348967877747
"54751",-0.0832653989808424,-0.0786876874872585,-0.00457771149358389,0.00457771149358389
"54757",0.75909374293453,0.770871409364305,-0.011777666429775,0.011777666429775
"54758",-0.104460778327934,-0.0762770172056963,-0.0281837611222377,0.0281837611222377
"5476",-0.290890574293355,-0.29631226518743,0.00542169089407496,0.00542169089407496
"54762",-0.0551030362247868,-0.0596647883793752,0.0045617521545884,0.0045617521545884
"54764",-0.142158563111266,-0.113814642837387,-0.028343920273879,0.028343920273879
"54765",0.140646019097221,0.124343865565424,0.016302153531797,0.016302153531797
"54776",-0.151687174086936,-0.151338602382849,-0.000348571704087003,0.000348571704087003
"54778",0.074815365132549,0.0975583567405967,-0.0227429916080477,0.0227429916080477
"5478",-0.330375134793612,-0.275795691425469,-0.054579443368143,0.054579443368143
"54780",0.144220095128706,0.153856283399869,-0.009636188271163,0.009636188271163
"54784",0.0214411791768472,0.0104981877501896,0.0109429914266576,0.0109429914266576
"54785",0.140875400229763,0.115405864740468,0.025469535489295,0.025469535489295
"54788",-0.151782448134907,-0.131939339874382,-0.019843108260525,0.019843108260525
"5479",-0.586368948136807,-0.514899551956881,-0.071469396179926,0.071469396179926
"54795",0.0316054067621741,0.0145743660828905,0.0170310406792836,0.0170310406792836
"54799",-0.0491359875065325,-0.0261821323202723,-0.0229538551862602,0.0229538551862602
"5480",0.300446817652746,0.300676956360149,-0.000230138707403016,0.000230138707403016
"54800",0.263471934313641,0.235595817805735,0.027876116507906,0.027876116507906
"54801",0.0851914960844385,0.10342096901367,-0.0182294729292315,0.0182294729292315
"54802",0.049206087968492,0.0658509076194249,-0.0166448196509329,0.0166448196509329
"54805",-0.477776369179856,-0.434851828370951,-0.042924540808905,0.042924540808905
"54806",0.182467423198307,0.144143746260021,0.038323676938286,0.038323676938286
"54807",-0.204545640007533,-0.177826022247295,-0.026719617760238,0.026719617760238
"54808",-0.430228478888449,-0.40514242439665,-0.025086054491799,0.025086054491799
"54809",0.458437472592073,0.468597588304973,-0.0101601157129,0.0101601157129
"54811",-0.222938086444954,-0.195055021976239,-0.027883064468715,0.027883064468715
"54812",0.0430103552017969,0.0167481112091193,0.0262622439926776,0.0262622439926776
"54815",-0.305999196686442,-0.311231457775263,0.00523226108882102,0.00523226108882102
"54816",-0.0559287466518644,-0.0376658735946396,-0.0182628730572248,0.0182628730572248
"54819",0.0294546654296498,0.0414211802449807,-0.0119665148153309,0.0119665148153309
"54820",0.295282254193896,0.26322314343211,0.032059110761786,0.032059110761786
"54822",0.132696528946761,0.0884463158218965,0.0442502131248645,0.0442502131248645
"54823",-0.184084849151377,-0.170320978398826,-0.013763870752551,0.013763870752551
"54826",-0.0719726550224165,-0.0507767332395018,-0.0211959217829147,0.0211959217829147
"54832",-0.0555406329165799,-0.0577183565632054,0.0021777236466255,0.0021777236466255
"54834",-0.209479613277906,-0.208921142340739,-0.000558470937167016,0.000558470937167016
"54836",-0.546251518040484,-0.523369810356498,-0.022881707683986,0.022881707683986
"54838",0.117914029481662,0.0852063716527345,0.0327076578289275,0.0327076578289275
"54840",0.0584174925762121,0.0532028528152613,0.0052146397609508,0.0052146397609508
"54841",0.261953806318978,0.24535618546856,0.016597620850418,0.016597620850418
"54845",-0.853404140007534,-0.829037552341359,-0.0243665876661749,0.0243665876661749
"54849",0.0659644429287938,0.0379053810419795,0.0280590618868143,0.0280590618868143
"54850",0.284691926925241,0.264680398469771,0.02001152845547,0.02001152845547
"54851",0.192350224529935,0.192895340658628,-0.000545116128693013,0.000545116128693013
"54862",0.000455885653870976,-0.0149848671414712,0.0154407527953422,0.0154407527953422
"54863",0.565882283680497,0.561534322121927,0.00434796155856998,0.00434796155856998
"54867",-0.286383518580943,-0.262226099931842,-0.024157418649101,0.024157418649101
"54868",-0.0346359971036877,-0.014206006534349,-0.0204299905693387,0.0204299905693387
"54869",-0.110292953219563,-0.112522936430125,0.00222998321056199,0.00222998321056199
"54870",-0.113870120413304,-0.102910818608045,-0.010959301805259,0.010959301805259
"54872",-0.286175644488105,-0.24312068065407,-0.043054963834035,0.043054963834035
"54876",0.0835160693460772,0.081528215538725,0.00198785380735221,0.00198785380735221
"54878",0.135507377816762,0.139687154561951,-0.00417977674518899,0.00417977674518899
"54879",0.00713063553189436,0.0324756342279657,-0.0253449986960713,0.0253449986960713
"54880",0.156273915383929,0.136071566369217,0.020202349014712,0.020202349014712
"54881",-0.0913938454760667,-0.0882318907342564,-0.0031619547418103,0.0031619547418103
"54882",0.00335639161788737,0.00976463331372762,-0.00640824169584025,0.00640824169584025
"54883",-0.143685375308218,-0.124135687573621,-0.019549687734597,0.019549687734597
"54884",-0.118541477389525,-0.0883364761847119,-0.0302050012048131,0.0302050012048131
"54885",-0.0284254290062225,-0.0256620556753339,-0.0027633733308886,0.0027633733308886
"54888",-0.195413066493324,-0.191662302625629,-0.00375076386769499,0.00375076386769499
"54890",0.0668622173824607,0.0534958796171401,0.0133663377653206,0.0133663377653206
"54892",-0.132006457472763,-0.138529220511171,0.00652276303840801,0.00652276303840801
"54897",0.614743767304007,0.545264126854509,0.0694796404494981,0.0694796404494981
"54899",0.0766604903579653,0.100403253820263,-0.0237427634622977,0.0237427634622977
"549",0.0574995856208095,0.0654013501402476,-0.0079017645194381,0.0079017645194381
"54901",-0.343741268161644,-0.296414481455765,-0.047326786705879,0.047326786705879
"54902",0.058077987552042,0.0735002238885411,-0.0154222363364991,0.0154222363364991
"54904",-0.23299385125316,-0.22536618582719,-0.00762766542596999,0.00762766542596999
"54908",-0.092093013770394,-0.0764504909308045,-0.0156425228395895,0.0156425228395895
"54910",-0.240567135581123,-0.252892981156352,0.012325845575229,0.012325845575229
"54913",0.874252843796719,0.835099177487023,0.039153666309696,0.039153666309696
"54914",-0.226105852424858,-0.237972581898475,0.011866729473617,0.011866729473617
"54915",0.0948177268512837,0.100855704492555,-0.0060379776412713,0.0060379776412713
"54916",-0.0173775599133152,-0.0338182899212558,0.0164407300079406,0.0164407300079406
"54918",0.0392504301232492,0.0348435468777089,0.0044068832455403,0.0044068832455403
"54919",-0.295790172735394,-0.295275006110139,-0.00051516662525497,0.00051516662525497
"54920",-0.129074799381726,-0.106660010300872,-0.022414789080854,0.022414789080854
"54922",0.741882856156619,0.688972618639699,0.0529102375169199,0.0529102375169199
"54923",-0.18583763915426,-0.196555326808441,0.010717687654181,0.010717687654181
"54925",-0.119594810730711,-0.100595199389989,-0.018999611340722,0.018999611340722
"54926",0.181934731441119,0.149859650472695,0.032075080968424,0.032075080968424
"54927",-0.0139562651889606,0.0075670032569822,-0.0215232684459428,0.0215232684459428
"54928",-0.0615208290595535,-0.0375246331673006,-0.0239961958922529,0.0239961958922529
"54930",-0.0819485107620612,-0.0454744129335917,-0.0364740978284695,0.0364740978284695
"54931",-0.00645336317079285,-0.00154980175265137,-0.00490356141814148,0.00490356141814148
"54934",-0.0534692210619137,-0.0320773456533758,-0.0213918754085379,0.0213918754085379
"54935",0.23134556454799,0.21258153959324,0.01876402495475,0.01876402495475
"54936",-0.241137417408001,-0.21354001214954,-0.027597405258461,0.027597405258461
"54937",-0.781822514686952,-0.689063799960255,-0.0927587147266969,0.0927587147266969
"54938",-0.229988381557592,-0.22423990486674,-0.00574847669085199,0.00574847669085199
"54939",0.152945204053646,0.130930238584307,0.022014965469339,0.022014965469339
"5494",0.40622155889443,0.361670847942181,0.044550710952249,0.044550710952249
"54940",0.0754993948513389,0.0786654426400507,-0.0031660477887118,0.0031660477887118
"54942",-0.0947133430943066,-0.0918416996278587,-0.0028716434664479,0.0028716434664479
"54946",0.0852132288963443,0.0835502541065458,0.0016629747897985,0.0016629747897985
"54948",0.119583660574725,0.104641225797992,0.014942434776733,0.014942434776733
"54949",-0.15427340154938,-0.136335245926761,-0.017938155622619,0.017938155622619
"5495",-0.208009839407123,-0.191606358820706,-0.016403480586417,0.016403480586417
"54951",0.0488644275258665,0.058527896635015,-0.0096634691091485,0.0096634691091485
"54952",0.00763538344140349,-0.0108222338307069,0.0184576172721104,0.0184576172721104
"54953",0.149443998250194,0.141878766042943,0.007565232207251,0.007565232207251
"54954",0.204240468490517,0.164907777163616,0.039332691326901,0.039332691326901
"54955",-0.198265236939497,-0.179079198568899,-0.019186038370598,0.019186038370598
"54956",-0.155214361837798,-0.157540055002962,0.00232569316516401,0.00232569316516401
"54958",0.218792057041115,0.228626669104027,-0.009834612062912,0.009834612062912
"5496",-0.0909188678514678,-0.106756441091798,0.0158375732403302,0.0158375732403302
"54960",-0.131854073842261,-0.133191186021206,0.001337112178945,0.001337112178945
"54961",-0.22188784371267,-0.228863787586126,0.00697594387345599,0.00697594387345599
"54962",-0.456975525318538,-0.430737026568373,-0.026238498750165,0.026238498750165
"54963",0.162172243062217,0.159385993022487,0.00278625003973001,0.00278625003973001
"54964",0.107748899612002,0.0918417654343077,0.0159071341776943,0.0159071341776943
"54965",0.121184282706378,0.102621954543826,0.018562328162552,0.018562328162552
"54968",0.27563197932754,0.255278603877319,0.020353375450221,0.020353375450221
"54969",0.173435786174068,0.193727423178013,-0.020291637003945,0.020291637003945
"54970",-0.128442261893167,-0.0912929112423057,-0.0371493506508613,0.0371493506508613
"54971",-0.143201245694913,-0.132246410110475,-0.010954835584438,0.010954835584438
"54972",-0.0490357489439215,-0.0328511128489251,-0.0161846360949964,0.0161846360949964
"54974",0.15623452791422,0.148033651781512,0.00820087613270798,0.00820087613270798
"54977",-0.277779224612913,-0.248831617800804,-0.028947606812109,0.028947606812109
"54978",-0.216640636200438,-0.247032243009067,0.030391606808629,0.030391606808629
"5498",0.0455384035823445,0.0427920043567659,0.00274639922557859,0.00274639922557859
"54980",0.0612335352498719,0.0740674151282379,-0.012833879878366,0.012833879878366
"54981",-0.0438248990604459,-0.0404009258359114,-0.0034239732245345,0.0034239732245345
"54982",0.21192521198517,0.197026217003161,0.014898994982009,0.014898994982009
"54984",0.0369186845317314,0.0266708234930236,0.0102478610387078,0.0102478610387078
"54985",0.0887988140707262,0.0650487272235645,0.0237500868471617,0.0237500868471617
"54987",0.0941802408848217,0.0904181110384392,0.00376212984638249,0.00376212984638249
"54989",0.199384439419375,0.204569531439164,-0.00518509201978901,0.00518509201978901
"5499",-0.0422085625508004,-0.0177631705049491,-0.0244453920458513,0.0244453920458513
"54991",0.043910998397827,0.0195272912050138,0.0243837071928132,0.0243837071928132
"54994",-0.0171593318472708,-0.0415476381574999,0.0243883063102291,0.0243883063102291
"54995",-0.207868049891787,-0.201458898885495,-0.006409151006292,0.006409151006292
"54996",0.565517823462882,0.571177308217312,-0.00565948475443001,0.00565948475443001
"54997",0.904424351191442,0.842930165848032,0.06149418534341,0.06149418534341
"54998",0.0527311580814155,0.0301942445386877,0.0225369135427278,0.0225369135427278
"55",-0.537608952087286,-0.526972780892375,-0.010636171194911,0.010636171194911
"550",-0.266791413778302,-0.251021216944937,-0.015770196833365,0.015770196833365
"5500",-0.0884811027788488,-0.0973343578136844,0.0088532550348356,0.0088532550348356
"55002",-0.0820481768524472,-0.0771816306244482,-0.00486654622799899,0.00486654622799899
"55003",-0.107847155485553,-0.0963146926331773,-0.0115324628523757,0.0115324628523757
"55004",0.0385236684769142,0.0460424663494206,-0.0075187978725064,0.0075187978725064
"55005",-0.0640247161858714,-0.054464636616931,-0.00956007956894039,0.00956007956894039
"55007",-0.45902394568825,-0.424733894290138,-0.034290051398112,0.034290051398112
"55008",0.0703577844298721,0.0756696612372137,-0.0053118768073416,0.0053118768073416
"55009",-0.376752778759376,-0.35445876174997,-0.022294017009406,0.022294017009406
"5501",-0.0746113072420929,-0.0487422230744918,-0.0258690841676011,0.0258690841676011
"55012",0.282383469122863,0.290162364089287,-0.00777889496642398,0.00777889496642398
"55013",-0.0646694713448977,-0.0772906694049717,0.012621198060074,0.012621198060074
"55014",-0.352005713110527,-0.293026544746915,-0.058979168363612,0.058979168363612
"55015",0.113555185592321,0.0828992785804053,0.0306559070119157,0.0306559070119157
"55020",-0.00760524352154787,-0.0078011052511141,0.00019586172956623,0.00019586172956623
"55023",-0.177935715036922,-0.190615450084549,0.012679735047627,0.012679735047627
"55027",0.122442585126988,0.153626121352901,-0.031183536225913,0.031183536225913
"55030",0.0140332776301283,-0.00397713062145598,0.0180104082515843,0.0180104082515843
"55031",0.269847792649962,0.246876316928727,0.022971475721235,0.022971475721235
"55032",0.0110393850703109,0.0251398135500026,-0.0141004284796917,0.0141004284796917
"55033",-0.019374864270427,-0.0310393883348223,0.0116645240643953,0.0116645240643953
"55034",-0.684625202592018,-0.675292425175375,-0.00933277741664296,0.00933277741664296
"55035",-0.0841200530363048,-0.0639848233309286,-0.0201352297053762,0.0201352297053762
"55038",-0.284236796784872,-0.283536842254199,-0.000699954530673008,0.000699954530673008
"55039",-0.011895414892508,0.00216278399288863,-0.0140581988853966,0.0140581988853966
"5504",0.276462964332023,0.275287546819715,0.00117541751230799,0.00117541751230799
"55040",-0.837230852072898,-0.811215125292564,-0.026015726780334,0.026015726780334
"55041",-0.329750432830293,-0.282128611411655,-0.047621821418638,0.047621821418638
"55048",-0.103068257853547,-0.103881772168205,0.000813514314658009,0.000813514314658009
"55052",-0.179597051346014,-0.153682148448772,-0.025914902897242,0.025914902897242
"55055",-0.181515975448271,-0.173092308601672,-0.00842366684659901,0.00842366684659901
"55062",0.128257801375836,0.136255647785259,-0.007997846409423,0.007997846409423
"55063",0.418344256089992,0.36617889394862,0.052165362141372,0.052165362141372
"55065",-0.282437274127625,-0.262913009271303,-0.019524264856322,0.019524264856322
"55069",-0.177188521681586,-0.163057713925929,-0.014130807755657,0.014130807755657
"5507",0.205288665806809,0.159219680791721,0.046068985015088,0.046068985015088
"55070",0.0545312877431248,0.0457837576985971,0.0087475300445277,0.0087475300445277
"55071",-0.000476383062327935,0.00475363173626343,-0.00523001479859136,0.00523001479859136
"55072",-0.169668356007676,-0.173694151222863,0.00402579521518701,0.00402579521518701
"55074",0.224641845024815,0.210569983060146,0.014071861964669,0.014071861964669
"55076",0.054952390903927,0.0503059345852581,0.0046464563186689,0.0046464563186689
"55080",0.656773146868722,0.616389462616691,0.040383684252031,0.040383684252031
"55081",0.456488797997248,0.431469756240155,0.025019041757093,0.025019041757093
"55082",0.211858128192331,0.206179025330261,0.00567910286206999,0.00567910286206999
"55086",-0.0526836189680292,-0.0639791843574239,0.0112955653893947,0.0112955653893947
"55088",-0.562568489074457,-0.527287422873678,-0.035281066200779,0.035281066200779
"5509",0.398083909411567,0.374875575510014,0.023208333901553,0.023208333901553
"55090",-0.013220215448741,-0.0187641027609804,0.0055438873122394,0.0055438873122394
"55093",-0.0958139265997743,-0.0976752754336774,0.00186134883390311,0.00186134883390311
"55094",0.00477035099603621,0.00945701427044851,-0.0046866632744123,0.0046866632744123
"55096",-0.034551913582815,-0.0345609816734971,9.06809068210168e-06,9.06809068210168e-06
"5510",0.354195919303471,0.33199237888099,0.022203540422481,0.022203540422481
"55100",-0.179077352699847,-0.153780607492987,-0.02529674520686,0.02529674520686
"55101",0.022401217485319,0.00931766802950273,0.0130835494558163,0.0130835494558163
"55102",0.147424744444844,0.124825206242519,0.022599538202325,0.022599538202325
"55105",0.00742526142456914,0.0277138010055234,-0.0202885395809543,0.0202885395809543
"55107",-0.608693951607123,-0.583802391631009,-0.024891559976114,0.024891559976114
"55108",-0.0749920621130723,-0.0523919666841932,-0.0226000954288791,0.0226000954288791
"55109",0.238164842469608,0.253262895915871,-0.015098053446263,0.015098053446263
"5511",-0.0034119465688559,0.0211095906657969,-0.0245215372346528,0.0245215372346528
"55110",0.0735520447673176,0.0546552859619947,0.0188967588053229,0.0188967588053229
"55111",-0.312285881772021,-0.264323772027296,-0.047962109744725,0.047962109744725
"55112",0.0852720970233603,0.0872977688354351,-0.00202567181207479,0.00202567181207479
"55114",-0.0705837464871334,-0.0541780306366629,-0.0164057158504705,0.0164057158504705
"55116",0.0617899729666724,0.0662683084198813,-0.00447833545320889,0.00447833545320889
"55119",-0.021536960643706,-0.00728708835406759,-0.0142498722896384,0.0142498722896384
"55120",-0.085807718546909,-0.0936438130433358,0.0078360944964268,0.0078360944964268
"55122",-0.0252899554630513,-0.021989080997129,-0.0033008744659223,0.0033008744659223
"55125",-0.162212898561515,-0.159685447890187,-0.00252745067132801,0.00252745067132801
"55128",0.144214516377625,0.140094447812538,0.00412006856508701,0.00412006856508701
"55131",-0.342310009497404,-0.318148657732843,-0.024161351764561,0.024161351764561
"55132",-0.196190034139962,-0.191645339646106,-0.004544694493856,0.004544694493856
"55133",0.0680395730495219,0.0594359297234736,0.00860364332604831,0.00860364332604831
"55135",-0.234026401678995,-0.217980550206424,-0.016045851472571,0.016045851472571
"55139",-0.292862730855044,-0.295120272780664,0.00225754192562,0.00225754192562
"5514",-0.0845625676244914,-0.0888315511210615,0.00426898349657011,0.00426898349657011
"55140",0.0256578405570793,0.0150351582332248,0.0106226823238545,0.0106226823238545
"55142",0.0925275948176891,0.0764968525204982,0.0160307422971909,0.0160307422971909
"55143",-0.345844360249623,-0.333061671004076,-0.012782689245547,0.012782689245547
"55144",-0.0735809404601207,-0.0540906411033962,-0.0194902993567245,0.0194902993567245
"55145",0.073124117700738,0.0757899466985139,-0.0026658289977759,0.0026658289977759
"55146",-0.061135846161635,-0.0623832428450233,0.0012473966833883,0.0012473966833883
"55147",0.155262212489511,0.165217056663999,-0.009954844174488,0.009954844174488
"55149",-0.178620065349554,-0.180339038982897,0.001718973633343,0.001718973633343
"5515",0.0184870484523193,0.0218519773162894,-0.0033649288639701,0.0033649288639701
"55151",-0.814431039652844,-0.773361981130212,-0.041069058522632,0.041069058522632
"55152",-0.198515441073431,-0.17328062725634,-0.025234813817091,0.025234813817091
"55153",-0.0293915877797261,-0.0364331722425577,0.0070415844628316,0.0070415844628316
"55156",-0.0211672825542974,-0.0117112930457194,-0.009455989508578,0.009455989508578
"55157",-0.391380295941349,-0.373286166987987,-0.018094128953362,0.018094128953362
"55159",-0.0441276771181598,-0.0344738193227273,-0.0096538577954325,0.0096538577954325
"5516",0.0898245274138776,0.107211569900501,-0.0173870424866234,0.0173870424866234
"55161",0.0252158852251361,0.0331521821459847,-0.0079362969208486,0.0079362969208486
"55163",0.620145115305308,0.556742804941101,0.0634023103642071,0.0634023103642071
"55164",-0.310824320543894,-0.291412518080343,-0.019411802463551,0.019411802463551
"55165",-0.0805826059541353,-0.0853178271064138,0.00473522115227849,0.00473522115227849
"55166",-0.133396327474704,-0.103822462626316,-0.029573864848388,0.029573864848388
"55167",0.224078134459627,0.205040024268866,0.019038110190761,0.019038110190761
"55168",-0.19467645437215,-0.183098260976119,-0.011578193396031,0.011578193396031
"55170",-0.0346782886912997,-0.0254710608701042,-0.0092072278211955,0.0092072278211955
"55171",-0.0511700846749239,-0.0279851243750731,-0.0231849602998508,0.0231849602998508
"55172",-0.120035547266121,-0.0805732289824549,-0.0394623182836661,0.0394623182836661
"55173",0.133681007768644,0.134938006257222,-0.00125699848857799,0.00125699848857799
"55174",0.0526867290191271,0.0535058733689876,-0.000819144349860502,0.000819144349860502
"55176",-0.243951078679107,-0.213589698224918,-0.030361380454189,0.030361380454189
"55177",-0.192637080302659,-0.173286275514943,-0.019350804787716,0.019350804787716
"55178",-0.213713703451102,-0.181017112347411,-0.032696591103691,0.032696591103691
"55179",-0.0999121134903797,-0.102316675922471,0.00240456243209129,0.00240456243209129
"5518",0.183935429706637,0.161988749480285,0.021946680226352,0.021946680226352
"55181",-0.162193107193708,-0.146229284212296,-0.015963822981412,0.015963822981412
"55182",-0.0848157301876251,-0.0817186462621319,-0.0030970839254932,0.0030970839254932
"55183",-0.117820727465572,-0.120282044269857,0.002461316804285,0.002461316804285
"55186",-0.12959872520725,-0.104996627970515,-0.024602097236735,0.024602097236735
"55187",-0.00878477338353466,-0.0138885273323809,0.00510375394884624,0.00510375394884624
"5519",-0.217156427770508,-0.234176354701986,0.017019926931478,0.017019926931478
"55192",-0.00303516363731655,0.0151164035796108,-0.0181515672169274,0.0181515672169274
"55194",-0.223618759671257,-0.201150586243864,-0.022468173427393,0.022468173427393
"55196",0.68963610639807,0.717161724510371,-0.0275256181123009,0.0275256181123009
"55197",0.069476450516561,0.0702790998642453,-0.000802649347684301,0.000802649347684301
"55198",0.12126773383758,0.129107321527172,-0.007839587689592,0.007839587689592
"5520",0.278604046279493,0.295731561658791,-0.017127515379298,0.017127515379298
"55200",-0.132124478074497,-0.145587244181526,0.013462766107029,0.013462766107029
"55201",0.11062390576129,0.0967235972741384,0.0139003084871516,0.0139003084871516
"55204",-0.0138917682775768,-0.0129379162567467,-0.000953852020830101,0.000953852020830101
"55206",-0.411101026537027,-0.410329651210523,-0.000771375326504009,0.000771375326504009
"55207",0.0375387002938283,0.0398227909278194,-0.0022840906339911,0.0022840906339911
"5521",0.135202710113612,0.13133133255639,0.003871377557222,0.003871377557222
"55210",-0.376532259981244,-0.331532604125317,-0.044999655855927,0.044999655855927
"55214",-0.518784294455403,-0.525687501811582,0.006903207356179,0.006903207356179
"55215",-0.179232079868186,-0.19405243019212,0.014820350323934,0.014820350323934
"55219",-0.137345055299282,-0.112056964217873,-0.025288091081409,0.025288091081409
"55223",-0.148611687930329,-0.150543271926114,0.001931583995785,0.001931583995785
"55226",-0.383730179026844,-0.342797722858422,-0.0409324561684219,0.0409324561684219
"55227",-0.461857605705188,-0.464433753606156,0.002576147900968,0.002576147900968
"55228",0.642953095693925,0.591276208050009,0.051676887643916,0.051676887643916
"55229",0.206586268719959,0.220439815911036,-0.013853547191077,0.013853547191077
"5523",-0.103139984609278,-0.142052028454971,0.038912043845693,0.038912043845693
"55233",-0.0196882264661867,-0.0107709566433288,-0.0089172698228579,0.0089172698228579
"55234",-0.119850160750947,-0.103934408927303,-0.015915751823644,0.015915751823644
"55236",0.199542362341876,0.17691796316239,0.022624399179486,0.022624399179486
"55238",-0.0853331676028267,-0.0668197920164909,-0.0185133755863358,0.0185133755863358
"55239",-0.173010629248311,-0.164096310153696,-0.00891431909461501,0.00891431909461501
"5524",-0.0395065213083752,-0.0497203529496396,0.0102138316412644,0.0102138316412644
"55240",0.73039720533518,0.709183124079329,0.021214081255851,0.021214081255851
"55245",-0.123643779206285,-0.103048634976884,-0.020595144229401,0.020595144229401
"55246",0.0835410542700961,0.0652645565902472,0.0182764976798489,0.0182764976798489
"55248",-0.196740354727755,-0.167307114074926,-0.029433240652829,0.029433240652829
"55249",0.00117191699312759,0.0104900861599091,-0.00931816916678151,0.00931816916678151
"5525",0.149401251465507,0.133526035660239,0.015875215805268,0.015875215805268
"55250",-0.397355852229118,-0.368232831620547,-0.029123020608571,0.029123020608571
"55251",0.0761323473847257,0.0898275098384416,-0.0136951624537159,0.0136951624537159
"55252",-0.0723031777798366,-0.0561469656175328,-0.0161562121623038,0.0161562121623038
"55253",-0.408595099517125,-0.390614794072033,-0.017980305445092,0.017980305445092
"55254",-0.149334533827302,-0.130087890485815,-0.019246643341487,0.019246643341487
"55255",0.071944034060105,0.0457998891319085,0.0261441449281965,0.0261441449281965
"55256",0.0410634387274566,0.0289551422765967,0.0121082964508599,0.0121082964508599
"55257",0.243180875048775,0.237090069591906,0.00609080545686899,0.00609080545686899
"5526",0.30279693612388,0.281694443989304,0.021102492134576,0.021102492134576
"55260",-0.16934516296136,-0.165191533183687,-0.004153629777673,0.004153629777673
"55262",-0.156149612197002,-0.123159965298407,-0.032989646898595,0.032989646898595
"55266",0.354433184705369,0.340207657893854,0.014225526811515,0.014225526811515
"55268",0.0838477132529563,0.080333722490444,0.0035139907625123,0.0035139907625123
"55269",-0.151749833241496,-0.135988495490985,-0.015761337750511,0.015761337750511
"55270",-0.355074269922416,-0.353988359814434,-0.00108591010798198,0.00108591010798198
"55272",0.0865179273232909,0.0903268251032918,-0.0038088977800009,0.0038088977800009
"55274",-0.249413834749647,-0.233282071253488,-0.016131763496159,0.016131763496159
"55276",-0.107273357255181,-0.113163698527687,0.005890341272506,0.005890341272506
"55279",-0.17854366474953,-0.144416836815303,-0.034126827934227,0.034126827934227
"5528",0.187253259320287,0.175402891626641,0.011850367693646,0.011850367693646
"55280",-0.00841272896811002,-0.00416383670865651,-0.00424889225945351,0.00424889225945351
"55281",0.0930149598727754,0.10347095845614,-0.0104559985833646,0.0104559985833646
"55282",0.484261240984627,0.49567513886827,-0.0114138978836431,0.0114138978836431
"55284",-0.0451723426736909,-0.0201111969189149,-0.025061145754776,0.025061145754776
"55285",-0.165693056233136,-0.146833664110256,-0.01885939212288,0.01885939212288
"55286",-0.0582562437423057,-0.0512319639115338,-0.0070242798307719,0.0070242798307719
"55287",0.32044548242655,0.290778886337496,0.029666596089054,0.029666596089054
"55288",0.0652187215636611,0.0713309215280469,-0.00611219996438581,0.00611219996438581
"5529",-0.0362014966667908,-0.0255844503017628,-0.010617046365028,0.010617046365028
"55290",0.0289973981068149,0.0379808339091629,-0.008983435802348,0.008983435802348
"55291",0.0686198440385864,0.0671673098874971,0.0014525341510893,0.0014525341510893
"55293",0.137579741225774,0.153041093237276,-0.015461352011502,0.015461352011502
"55294",-0.336644593806112,-0.324253945093138,-0.012390648712974,0.012390648712974
"55296",0.31987919074131,0.308181121972671,0.011698068768639,0.011698068768639
"55298",0.0928511700299333,0.0959745857503507,-0.0031234157204174,0.0031234157204174
"5530",-0.131340650209467,-0.162639259903107,0.03129860969364,0.03129860969364
"55300",-0.167635371000862,-0.167935845497692,0.000300474496829989,0.000300474496829989
"55301",-0.72917512996199,-0.673106026106648,-0.0560691038553419,0.0560691038553419
"55304",-0.0535789861766735,-0.0464237839334576,-0.0071552022432159,0.0071552022432159
"55308",-0.0757681900869679,-0.0518712426099913,-0.0238969474769766,0.0238969474769766
"5531",0.0884691986747979,0.0950507965364255,-0.0065815978616276,0.0065815978616276
"553115",0.0789843538408622,0.0922397815828279,-0.0132554277419657,0.0132554277419657
"55312",-0.223481003634187,-0.328291781421538,0.104810777787351,0.104810777787351
"55313",0.181124790448419,0.179346480039439,0.00177831040897999,0.00177831040897999
"55314",-0.217388990135667,-0.215425380247882,-0.00196360988778502,0.00196360988778502
"55315",0.204041733916022,0.19844083282944,0.00560090108658201,0.00560090108658201
"55316",-0.173964260522711,-0.158196967431242,-0.015767293091469,0.015767293091469
"55317",0.141835697058805,0.118669708049496,0.023165989009309,0.023165989009309
"55319",0.119504721464507,0.117803623529419,0.00170109793508799,0.00170109793508799
"5532",0.148091609207273,0.151572957277656,-0.003481348070383,0.003481348070383
"55320",-0.0856850040723566,-0.0943722112593651,0.00868720718700849,0.00868720718700849
"55321",-0.617275309440014,-0.564771053455242,-0.0525042559847719,0.0525042559847719
"55322",-0.229121008853117,-0.203650103383119,-0.025470905469998,0.025470905469998
"55323",0.567547086309234,0.521060877818876,0.046486208490358,0.046486208490358
"55324",-0.207473591633843,-0.174342525834078,-0.033131065799765,0.033131065799765
"55325",-0.137173601434853,-0.113394200751633,-0.02377940068322,0.02377940068322
"55326",-0.311077464123606,-0.306764698984654,-0.00431276513895196,0.00431276513895196
"55327",0.278083885436,0.269959101656666,0.00812478377933401,0.00812478377933401
"5533",-0.0424078714999926,-0.0113728534980499,-0.0310350180019427,0.0310350180019427
"55330",-0.160034237765541,-0.141689866446281,-0.01834437131926,0.01834437131926
"55332",0.334762941728042,0.327700290553295,0.00706265117474697,0.00706265117474697
"55333",0.0841435927011225,0.0959112186562253,-0.0117676259551028,0.0117676259551028
"55334",-0.462799732553422,-0.432658057452022,-0.0301416751014,0.0301416751014
"55335",0.555319466487402,0.514654894381276,0.0406645721061261,0.0406645721061261
"55337",0.592239422195042,0.556113020977368,0.036126401217674,0.036126401217674
"55339",-0.232504036710817,-0.208755611032396,-0.023748425678421,0.023748425678421
"5534",0.115880787605248,0.143044176147061,-0.027163388541813,0.027163388541813
"55341",-0.178576854469072,-0.163413710438883,-0.015163144030189,0.015163144030189
"55342",-0.0676872905015765,-0.0792573982541252,0.0115701077525487,0.0115701077525487
"55343",0.224896300782019,0.225577681069029,-0.000681380287010008,0.000681380287010008
"55346",-0.435868789962055,-0.429532145446456,-0.00633664451559901,0.00633664451559901
"55347",-0.0193357161136735,0.00366381242116734,-0.0229995285348408,0.0229995285348408
"55352",-0.0160591088875581,-0.020856915471582,0.0047978065840239,0.0047978065840239
"55353",-0.474355306399674,-0.454555571914532,-0.019799734485142,0.019799734485142
"55355",-0.450511901562307,-0.412386597642837,-0.03812530391947,0.03812530391947
"55357",-0.220713421961401,-0.237885344892672,0.017171922931271,0.017171922931271
"55359",-0.0529687290692874,-0.0896620564736175,0.0366933274043301,0.0366933274043301
"55361",0.110537867910227,0.114048919478555,-0.003511051568328,0.003511051568328
"55362",0.499727746901839,0.425286836506533,0.074440910395306,0.074440910395306
"55363",0.110944099501309,0.12607507427151,-0.015130974770201,0.015130974770201
"55364",-0.0160414665777999,0.00846671806372698,-0.0245081846415269,0.0245081846415269
"55365",2.03350585688784,2.00490381654417,0.02860204034367,0.02860204034367
"55366",0.0114200859728533,0.0374697294919689,-0.0260496435191156,0.0260496435191156
"55367",-0.498259454026153,-0.471046093582171,-0.027213360443982,0.027213360443982
"5537",-0.0692060097590171,-0.0621157437336755,-0.00709026602534159,0.00709026602534159
"55374",-0.0625618222270601,-0.0476521832039927,-0.0149096390230674,0.0149096390230674
"55379",-0.123116948824962,-0.0892593808886513,-0.0338575679363107,0.0338575679363107
"5538",0.207106494775666,0.214526342755811,-0.007419847980145,0.007419847980145
"55422",0.00725374302294216,0.012838945705686,-0.00558520268274384,0.00558520268274384
"55425",0.0701506121187765,0.0953495156998925,-0.025198903581116,0.025198903581116
"55435",0.560521992268445,0.506753309835528,0.053768682432917,0.053768682432917
"5546",-0.0161700263433868,-0.00599379930081354,-0.0101762270425733,0.0101762270425733
"5547",0.413273828619352,0.422214846193786,-0.008941017574434,0.008941017574434
"55471",0.0230724128732411,0.0420769340032219,-0.0190045211299808,0.0190045211299808
"55486",0.0251320530830924,0.0385330108933408,-0.0134009578102484,0.0134009578102484
"5549",0.61105062506447,0.583340844409338,0.0277097806551321,0.0277097806551321
"5550",-0.116994811918611,-0.124879308699387,0.007884496780776,0.007884496780776
"55500",-0.288755217506914,-0.269465774546278,-0.019289442960636,0.019289442960636
"55501",-0.494654046231393,-0.455862678631454,-0.038791367599939,0.038791367599939
"55503",0.0105112884250591,0.0219888745555058,-0.0114775861304467,0.0114775861304467
"55505",0.0209874081637359,0.0254245605122368,-0.0044371523485009,0.0044371523485009
"55508",-0.0915597533572164,-0.0638850182755254,-0.027674735081691,0.027674735081691
"55509",0.432855811031339,0.42263649318255,0.010219317848789,0.010219317848789
"55510",0.453479800370444,0.473740755372808,-0.020260955002364,0.020260955002364
"5552",1.86712873215779,1.81304931859201,0.0540794135657801,0.0540794135657801
"55520",0.105425766544058,0.118422871188905,-0.012997104644847,0.012997104644847
"55526",-0.280786688907051,-0.297578099116415,0.016791410209364,0.016791410209364
"55529",0.401875209882893,0.396188877372093,0.00568633251079997,0.00568633251079997
"5553",0.883340986695834,0.888938482755197,-0.00559749605936299,0.00559749605936299
"55544",-0.0294411997445926,0.00342752990078465,-0.0328687296453773,0.0328687296453773
"55556",-0.314659042297705,-0.310298314815886,-0.00436072748181904,0.00436072748181904
"55559",0.0811834532697238,0.114667228095943,-0.0334837748262192,0.0334837748262192
"5557",-0.257811948385932,-0.238496817856716,-0.019315130529216,0.019315130529216
"55571",-0.0964781754434435,-0.0919735995503413,-0.0045045758931022,0.0045045758931022
"55572",-0.444084993629559,-0.396115744993573,-0.047969248635986,0.047969248635986
"55573",0.233425130345512,0.236644164663657,-0.00321903431814502,0.00321903431814502
"55577",-0.0975822092247576,-0.0843284127628735,-0.0132537964618841,0.0132537964618841
"55578",-0.167726107184922,-0.154579021079122,-0.0131470861058,0.0131470861058
"55585",0.152314486214998,0.125057838120807,0.027256648094191,0.027256648094191
"55588",0.099327655379785,0.0950107615797177,0.00431689380006729,0.00431689380006729
"55589",0.504911163189688,0.481101147495121,0.023810015694567,0.023810015694567
"55591",0.0794992823801227,0.11186856801293,-0.0323692856328073,0.0323692856328073
"55593",0.0647905160035859,0.0432605333845719,0.021529982619014,0.021529982619014
"55596",-0.191160051054177,-0.169758439759471,-0.021401611294706,0.021401611294706
"55599",-0.00832717524772135,-0.0327325633119565,0.0244053880642352,0.0244053880642352
"55601",0.0581806163211719,0.083276458955756,-0.0250958426345841,0.0250958426345841
"55602",0.0567171922245615,0.0740405857668632,-0.0173233935423017,0.0173233935423017
"55603",-0.0968025395001961,-0.108241748036948,0.0114392085367519,0.0114392085367519
"55604",-0.199917369636285,-0.187655662802842,-0.012261706833443,0.012261706833443
"55605",-0.13460002040219,-0.151952999386369,0.017352978984179,0.017352978984179
"55608",0.129814466290632,0.109212210909116,0.020602255381516,0.020602255381516
"55611",-0.221692915322231,-0.201775946839903,-0.019916968482328,0.019916968482328
"55612",-0.284475755114734,-0.279034362070875,-0.00544139304385899,0.00544139304385899
"55614",-0.157992153325591,-0.170306171475487,0.012314018149896,0.012314018149896
"55615",0.150492937354638,0.137108656997044,0.013384280357594,0.013384280357594
"55616",-0.19594098382032,-0.197664446889861,0.00172346306954102,0.00172346306954102
"55617",0.405505344746188,0.396979581782832,0.008525762963356,0.008525762963356
"5562",0.225515028784533,0.212876235756684,0.012638793027849,0.012638793027849
"55620",0.0744867929070867,0.063372877465335,0.0111139154417517,0.0111139154417517
"55621",0.131566303080006,0.144370224750433,-0.012803921670427,0.012803921670427
"55622",0.021886760138566,0.0485240042842746,-0.0266372441457086,0.0266372441457086
"55623",0.0560350724990167,0.0507547297721608,0.0052803427268559,0.0052803427268559
"55624",0.157914733206904,0.147756626059117,0.010158107147787,0.010158107147787
"55625",-0.00955891083997816,-0.0195248315780166,0.00996592073803844,0.00996592073803844
"55626",0.0290517368213043,0.0398440682409228,-0.0107923314196185,0.0107923314196185
"55629",0.169929649503815,0.175776225367447,-0.00584657586363199,0.00584657586363199
"55630",0.366822532221756,0.358806533816796,0.00801599840495998,0.00801599840495998
"55631",-0.0343114496635341,-0.00995674073601818,-0.0243547089275159,0.0243547089275159
"55632",0.00249902324045384,0.00931137677046393,-0.00681235353001009,0.00681235353001009
"55633",-0.156022189064943,-0.142042413248538,-0.013979775816405,0.013979775816405
"55634",0.111485795176877,0.11745236995971,-0.00596657478283301,0.00596657478283301
"55638",0.845106755322371,0.854358456262036,-0.00925170093966499,0.00925170093966499
"5564",0.0143560481325683,0.0201869359292712,-0.0058308877967029,0.0058308877967029
"55640",-0.400637915326442,-0.39609010830189,-0.00454780702455199,0.00454780702455199
"55643",0.311557134282203,0.298084149480351,0.013472984801852,0.013472984801852
"55644",-0.146107581810642,-0.124972543142236,-0.021135038668406,0.021135038668406
"55646",-0.228386817458048,-0.21184638348894,-0.016540433969108,0.016540433969108
"55647",0.169535803596608,0.215636438286107,-0.046100634689499,0.046100634689499
"5565",-0.246116082974311,-0.251774821066351,0.00565873809204001,0.00565873809204001
"55650",-0.0629143393231473,-0.0412205467043235,-0.0216937926188238,0.0216937926188238
"55651",-0.32043981728514,-0.28914391804542,-0.03129589923972,0.03129589923972
"55652",0.11197861760959,0.111933815102188,4.48025074020059e-05,4.48025074020059e-05
"55653",-0.222846971906824,-0.20694449702041,-0.015902474886414,0.015902474886414
"55654",0.0820428667755579,0.0841505744542443,-0.0021077076786864,0.0021077076786864
"55655",-1.14755419437765,-1.16418084673472,0.0166266523570702,0.0166266523570702
"55656",-0.0482749909370946,-0.0605053382698677,0.0122303473327731,0.0122303473327731
"55657",-0.442742991254778,-0.428529929756906,-0.014213061497872,0.014213061497872
"55658",-0.121304333957582,-0.114708243926457,-0.006596090031125,0.006596090031125
"55659",0.201892601651571,0.195989354382238,0.005903247269333,0.005903247269333
"55661",-0.294958497637754,-0.286927762532605,-0.00803073510514901,0.00803073510514901
"55662",-0.231016755478625,-0.240619770530497,0.009603015051872,0.009603015051872
"55665",-0.104712762104356,-0.0875904069741683,-0.0171223551301877,0.0171223551301877
"55666",-0.0045207422236968,-0.0204143662337371,0.0158936240100403,0.0158936240100403
"55667",0.028555848850064,0.0377398135933152,-0.0091839647432512,0.0091839647432512
"55669",-0.091226067254736,-0.0710074113539839,-0.0202186559007521,0.0202186559007521
"5567",0.137151335932686,0.138058354622965,-0.00090701869027901,0.00090701869027901
"55670",-0.25220970996417,-0.245188593915132,-0.00702111604903802,0.00702111604903802
"55676",-0.467230050380363,-0.418807693083437,-0.048422357296926,0.048422357296926
"55677",-0.156014954410837,-0.1326114438875,-0.023403510523337,0.023403510523337
"55679",0.425875291848617,0.379835943463998,0.046039348384619,0.046039348384619
"55680",-0.132482401339132,-0.106685632801321,-0.025796768537811,0.025796768537811
"55681",-0.12614316905204,-0.117842910197116,-0.00830025885492401,0.00830025885492401
"55684",-0.271979825429444,-0.261072094695616,-0.010907730733828,0.010907730733828
"55686",-0.136279538823032,-0.126891938283327,-0.009387600539705,0.009387600539705
"55689",-0.0808021946569667,-0.104643541419817,0.0238413467628503,0.0238413467628503
"5569",-0.806917298972105,-0.766490198688803,-0.040427100283302,0.040427100283302
"55691",0.194864340247037,0.177461422145979,0.017402918101058,0.017402918101058
"55692",-0.0952587714964203,-0.095249890711917,-8.88078450329843e-06,8.88078450329843e-06
"55695",-0.354924633108389,-0.334277206614551,-0.020647426493838,0.020647426493838
"55696",-0.117452079106086,-0.0922100618483772,-0.0252420172577088,0.0252420172577088
"55697",-0.0485125146282724,-0.0161718044071489,-0.0323407102211235,0.0323407102211235
"55699",0.0572496134220771,0.0578704155411681,-0.000620802119090998,0.000620802119090998
"5570",0.0207741670560813,0.0258064324898382,-0.0050322654337569,0.0050322654337569
"55700",0.208106923123719,0.186676625749887,0.021430297373832,0.021430297373832
"55701",0.148861261131158,0.143924412358212,0.00493684877294601,0.00493684877294601
"55702",-0.140786537846351,-0.104802762342707,-0.035983775503644,0.035983775503644
"55703",-0.197152191291914,-0.204522603388801,0.00737041209688699,0.00737041209688699
"55704",0.297848334580238,0.275183880498895,0.022664454081343,0.022664454081343
"55706",-0.400599430174273,-0.357545421325549,-0.043054008848724,0.043054008848724
"55707",0.26441353181717,0.281018894899963,-0.016605363082793,0.016605363082793
"55709",0.0289152807427595,0.0418546540370039,-0.0129393732942444,0.0129393732942444
"5571",0.0667128891906454,0.0789723881539886,-0.0122594989633432,0.0122594989633432
"55711",-0.21577035979382,-0.186605050788688,-0.029165309005132,0.029165309005132
"55715",0.215509201370338,0.194378203205018,0.02113099816532,0.02113099816532
"55716",-0.0396134232580647,-0.0391234780056734,-0.000489945252391301,0.000489945252391301
"55717",0.068824857846252,0.0763870404527487,-0.0075621826064967,0.0075621826064967
"55718",-0.200036571966623,-0.16769153534944,-0.032345036617183,0.032345036617183
"55719",0.322965690685193,0.301535410559093,0.0214302801261,0.0214302801261
"55720",-0.190620579035437,-0.161527705038128,-0.029092873997309,0.029092873997309
"55722",-0.290656916843679,-0.265898434662844,-0.024758482180835,0.024758482180835
"55723",-0.110600226836019,-0.102692131860187,-0.007908094975832,0.007908094975832
"55726",-0.17429270911949,-0.163080194527445,-0.011212514592045,0.011212514592045
"55727",-0.222284110031484,-0.229099006089524,0.00681489605804,0.00681489605804
"55728",0.132341216879361,0.0783108606543505,0.0540303562250105,0.0540303562250105
"55729",-0.025998121245228,-0.0256688606491946,-0.000329260596033401,0.000329260596033401
"5573",0.479292043356331,0.470572301982745,0.008719741373586,0.008719741373586
"55731",-0.078332032766691,-0.0834770798832552,0.0051450471165642,0.0051450471165642
"55732",-0.248236970722588,-0.220675042141391,-0.027561928581197,0.027561928581197
"55737",0.0633202170382446,0.0526213267961722,0.0106988902420724,0.0106988902420724
"55738",-0.254054493676499,-0.258999056391131,0.00494456271463201,0.00494456271463201
"55739",-0.0577244274299426,-0.0507704708803626,-0.00695395654958,0.00695395654958
"55740",0.145173449898999,0.126617254064243,0.018556195834756,0.018556195834756
"55742",0.169992191505288,0.153663925573547,0.016328265931741,0.016328265931741
"55743",0.157458799051227,0.144852244944104,0.012606554107123,0.012606554107123
"55744",-0.0175008062690335,0.00770879223414659,-0.0252095985031801,0.0252095985031801
"55745",-0.0168859190844459,0.00110552351288379,-0.0179914425973297,0.0179914425973297
"55746",-0.041338521953555,-0.0323364765717618,-0.0090020453817932,0.0090020453817932
"55748",-0.116137850134702,-0.131587836176254,0.015449986041552,0.015449986041552
"55749",-0.107710552131069,-0.106328206817169,-0.00138234531390001,0.00138234531390001
"55750",-0.0452282246230943,-0.0544771008234083,0.009248876200314,0.009248876200314
"55751",0.0541122664258977,0.0725937308634328,-0.0184814644375351,0.0184814644375351
"55752",0.0805718072585186,0.0488703333173317,0.0317014739411869,0.0317014739411869
"55754",0.066951822942243,0.0651762935455138,0.0017755293967292,0.0017755293967292
"55755",0.0493874177248936,0.0418443289752375,0.0075430887496561,0.0075430887496561
"55756",0.0554780948342037,0.0601900535306742,-0.0047119586964705,0.0047119586964705
"55757",-0.213461298790225,-0.194201070452656,-0.019260228337569,0.019260228337569
"55758",0.292572804302423,0.274757023102439,0.017815781199984,0.017815781199984
"55759",-0.303552863744953,-0.264358779584344,-0.039194084160609,0.039194084160609
"5576",-0.284122713874894,-0.249984510144031,-0.034138203730863,0.034138203730863
"55760",-0.44270099745931,-0.427341227083843,-0.015359770375467,0.015359770375467
"55761",-0.082701568417743,-0.0660073160900451,-0.0166942523276979,0.0166942523276979
"55762",-0.0387568182547436,-0.0537493514789548,0.0149925332242112,0.0149925332242112
"55763",0.182533237400194,0.183475251989752,-0.000942014589558005,0.000942014589558005
"55764",0.296274018629456,0.263260295445137,0.033013723184319,0.033013723184319
"55768",-0.0728585691165305,-0.0657357919704525,-0.00712277714607801,0.00712277714607801
"55769",0.0592825501750824,0.0397410011922459,0.0195415489828365,0.0195415489828365
"55770",0.398453734003173,0.405782279852623,-0.00732854584944997,0.00732854584944997
"55771",-0.423788633907621,-0.416579833119569,-0.00720880078805203,0.00720880078805203
"55773",-0.326750107688381,-0.282851247048496,-0.043898860639885,0.043898860639885
"55775",-0.0104804106848437,0.00445301648124414,-0.0149334271660878,0.0149334271660878
"55776",-0.0392939671284505,-0.0556879302230023,0.0163939630945518,0.0163939630945518
"55778",-0.10600633889701,-0.0994402371051436,-0.0065661017918664,0.0065661017918664
"5578",0.587847548761571,0.5171330143801,0.070714534381471,0.070714534381471
"55783",0.0874556732973072,0.101292865768025,-0.0138371924707178,0.0138371924707178
"55784",0.303183400997992,0.310542604530405,-0.00735920353241298,0.00735920353241298
"55785",-0.421922012231765,-0.351495690937581,-0.070426321294184,0.070426321294184
"55786",-0.0633658495066062,-0.0657342844049673,0.0023684348983611,0.0023684348983611
"55787",-0.163098629194306,-0.14196771546853,-0.021130913725776,0.021130913725776
"55788",0.0313170280308868,0.0390405956240758,-0.00772356759318901,0.00772356759318901
"55789",-0.065196435284976,-0.0738852761865919,0.0086888409016159,0.0086888409016159
"55790",0.482033744339638,0.488035077505639,-0.00600133316600099,0.00600133316600099
"55793",-0.198545629940812,-0.211362900170226,0.012817270229414,0.012817270229414
"55794",0.0849261648753745,0.0882970191461989,-0.00337085427082441,0.00337085427082441
"55795",-0.0526084469160936,-0.0442979848161391,-0.0083104620999545,0.0083104620999545
"55796",0.180372817476788,0.142986452888463,0.037386364588325,0.037386364588325
"55799",-0.295970160591453,-0.290353717591305,-0.00561644300014796,0.00561644300014796
"558",0.394552631333168,0.347344756642364,0.047207874690804,0.047207874690804
"5580",0.0857680537755753,0.104416350952368,-0.0186482971767927,0.0186482971767927
"55802",-0.314561061190463,-0.305903264912732,-0.008657796277731,0.008657796277731
"55803",-0.191162646640787,-0.146294487956903,-0.044868158683884,0.044868158683884
"5581",-0.151980095465456,-0.115090823450879,-0.036889272014577,0.036889272014577
"55810",0.145290858898482,0.121676306237328,0.023614552661154,0.023614552661154
"55813",-0.155322307430756,-0.139619916625024,-0.015702390805732,0.015702390805732
"55814",-0.135202722828228,-0.113140423941104,-0.022062298887124,0.022062298887124
"55818",-0.337201627125016,-0.312038884441912,-0.025162742683104,0.025162742683104
"55819",0.759129960638264,0.665382952674252,0.093747007964012,0.093747007964012
"55823",0.109816724199509,0.110090268936151,-0.000273544736641998,0.000273544736641998
"55825",-0.26150024202694,-0.269274214931183,0.00777397290424298,0.00777397290424298
"55827",0.0920150734399227,0.0868050161838117,0.005210057256111,0.005210057256111
"55829",-0.0966330493626008,-0.0932103268504579,-0.0034227225121429,0.0034227225121429
"5583",-0.148155005967387,-0.146170790790906,-0.00198421517648101,0.00198421517648101
"55830",0.0285498440639948,0.0450497773115986,-0.0164999332476038,0.0164999332476038
"55831",-0.404766309781812,-0.386881528991087,-0.017884780790725,0.017884780790725
"55832",-0.0939991137156703,-0.0767067927181335,-0.0172923209975368,0.0172923209975368
"55833",-0.552565158740426,-0.547055479248451,-0.00550967949197501,0.00550967949197501
"55835",-0.166279916401991,-0.157340831059487,-0.00893908534250398,0.00893908534250398
"55837",0.289646654856992,0.297979691382585,-0.00833303652559303,0.00833303652559303
"55839",-0.15378572117922,-0.122376680655165,-0.031409040524055,0.031409040524055
"5584",0.023069640601981,0.00127441084862919,0.0217952297533518,0.0217952297533518
"55840",0.0593260843510868,0.0667992975677403,-0.00747321321665351,0.00747321321665351
"55841",0.278574515910069,0.263530542358711,0.015043973551358,0.015043973551358
"55844",0.0252940847400447,0.0348190780877381,-0.0095249933476934,0.0095249933476934
"55845",0.326960578319375,0.305377277275879,0.021583301043496,0.021583301043496
"55846",0.360005327612773,0.334373643455415,0.025631684157358,0.025631684157358
"55847",0.117029431434834,0.105624579170792,0.011404852264042,0.011404852264042
"55848",0.111963202222575,0.105200115100805,0.00676308712177,0.00676308712177
"5585",0.52371308956775,0.512226951963227,0.011486137604523,0.011486137604523
"55851",-0.149392247042001,-0.147239712303264,-0.002152534738737,0.002152534738737
"55852",0.324921899581707,0.307599160550765,0.0173227390309419,0.0173227390309419
"55854",-0.133697961926461,-0.121497580823426,-0.012200381103035,0.012200381103035
"55856",-0.058432072324124,-0.0556580731003909,-0.0027739992237331,0.0027739992237331
"55857",-0.1350882605625,-0.143734727104411,0.00864646654191098,0.00864646654191098
"55858",0.116936470343538,0.129042037391988,-0.01210556704845,0.01210556704845
"55859",-0.323610749254085,-0.328108357995903,0.00449760874181798,0.00449760874181798
"5586",-0.0635116666132575,-0.0267061739214822,-0.0368054926917753,0.0368054926917753
"55860",0.0758698941148096,0.0868637180881284,-0.0109938239733188,0.0109938239733188
"55862",0.254177580804592,0.261363076122423,-0.00718549531783097,0.00718549531783097
"55863",0.161592163146967,0.149940179558209,0.011651983588758,0.011651983588758
"55867",-0.216783781025344,-0.223474648356847,0.00669086733150298,0.00669086733150298
"55869",-0.00513076608405788,0.0130559241890359,-0.0181866902730938,0.0181866902730938
"55872",-0.0154878584334134,0.0002289833737264,-0.0157168418071398,0.0157168418071398
"55876",-0.0150542368093915,-0.0141764203682605,-0.000877816441131,0.000877816441131
"55884",0.176485057584282,0.13415889689691,0.042326160687372,0.042326160687372
"5589",-0.205970956894088,-0.214738714577095,0.008767757683007,0.008767757683007
"55890",-0.630099752614591,-0.524491167528584,-0.105608585086007,0.105608585086007
"55892",-0.0255921417499644,-0.0165305383404606,-0.0090616034095038,0.0090616034095038
"55893",0.0291972349586896,0.0103802134949687,0.0188170214637209,0.0188170214637209
"55898",0.118447429487023,0.0985733292022153,0.0198741002848077,0.0198741002848077
"5590",-0.126729569431069,-0.129987853081035,0.003258283649966,0.003258283649966
"55900",0.283340652364291,0.268636134429517,0.014704517934774,0.014704517934774
"55902",0.251162366816534,0.230806094565896,0.020356272250638,0.020356272250638
"55904",0.0190465643126862,0.0205460483105244,-0.0014994839978382,0.0014994839978382
"55905",0.198921867429218,0.194682329086214,0.004239538343004,0.004239538343004
"55907",-0.238711330410767,-0.240459791956026,0.00174846154525898,0.00174846154525898
"55909",0.00692079097751716,0.00525259102207438,0.00166819995544278,0.00166819995544278
"5591",-0.135015501947478,-0.14686590046848,0.011850398521002,0.011850398521002
"55914",0.160616474010209,0.151807662031747,0.00880881197846201,0.00880881197846201
"55915",0.245367577039509,0.214983418034183,0.030384159005326,0.030384159005326
"55917",0.182473866330027,0.194510643181883,-0.012036776851856,0.012036776851856
"55920",-0.112462868464876,-0.107557557433126,-0.00490531103175,0.00490531103175
"55922",-0.211672672090827,-0.208503931979238,-0.00316874011158899,0.00316874011158899
"55924",1.16245954139636,1.0602003373142,0.10225920408216,0.10225920408216
"55929",0.249224678482654,0.233662967109886,0.015561711372768,0.015561711372768
"5594",-0.0168234278556297,0.000882306243268158,-0.0177057340988979,0.0177057340988979
"5595",0.109539246359916,0.0966285671891573,0.0129106791707587,0.0129106791707587
"55954",0.158012354510796,0.131183416646358,0.026828937864438,0.026828937864438
"55957",-0.281893877008219,-0.301028444280076,0.019134567271857,0.019134567271857
"55958",0.274290154630586,0.290491877150919,-0.016201722520333,0.016201722520333
"55959",0.126655775487468,0.126429463437464,0.000226312050004007,0.000226312050004007
"5596",0.552567520236973,0.486248568280363,0.06631895195661,0.06631895195661
"55967",0.202407871055256,0.186381391677603,0.016026479377653,0.016026479377653
"55968",0.0992258446087815,0.084765729921011,0.0144601146877705,0.0144601146877705
"5597",-0.35933907543853,-0.368189873884475,0.008850798445945,0.008850798445945
"55971",-0.602963714404828,-0.598861318735692,-0.00410239566913595,0.00410239566913595
"55972",-0.262918186408223,-0.249871744201142,-0.013046442207081,0.013046442207081
"55974",-0.0838432846967867,-0.0796180997633747,-0.00422518493341201,0.00422518493341201
"55975",0.375664508258683,0.334344640050324,0.041319868208359,0.041319868208359
"5598",0.266746027749119,0.252103959603541,0.014642068145578,0.014642068145578
"5600",0.0567960059563696,0.0555051170443124,0.0012908889120572,0.0012908889120572
"56006",0.255470490596653,0.233604605124354,0.021865885472299,0.021865885472299
"5601",-0.351350571242103,-0.32449439383442,-0.026856177407683,0.026856177407683
"5603",-0.269257458140087,-0.260689667544804,-0.00856779059528301,0.00856779059528301
"5604",-0.203079452129895,-0.194884753431431,-0.00819469869846401,0.00819469869846401
"5605",-0.06568132976908,-0.0723563123925157,0.0066749826234357,0.0066749826234357
"56052",-0.14331885561706,-0.114778630791956,-0.028540224825104,0.028540224825104
"5606",0.0799045848401064,0.0667367796671246,0.0131678051729818,0.0131678051729818
"56061",-0.768103462786437,-0.693491204526687,-0.07461225825975,0.07461225825975
"56063",0.0150895815558436,0.00484043979904617,0.0102491417567974,0.0102491417567974
"5607",0.426485987918829,0.413679118032062,0.012806869886767,0.012806869886767
"5610",-0.163013469810151,-0.148058699359547,-0.014954770450604,0.014954770450604
"5611",-1.4543958259334,-1.38239050388235,-0.0720053220510499,0.0720053220510499
"5613",-0.616692756451746,-0.625871301347305,0.00917854489555892,0.00917854489555892
"56160",0.179387223466293,0.185928970158629,-0.00654174669233601,0.00654174669233601
"5618",-0.187799824618766,-0.153728626915412,-0.034071197703354,0.034071197703354
"56180",0.00496103845685528,0.0486240660261232,-0.0436630275692679,0.0436630275692679
"56181",0.120328614681052,0.137037188270991,-0.016708573589939,0.016708573589939
"56204",-0.0499829345887624,-0.0405881012518398,-0.0093948333369226,0.0093948333369226
"5621",0.569323430685465,0.558615993388468,0.010707437296997,0.010707437296997
"56241",-0.341242318548806,-0.317070730480948,-0.024171588067858,0.024171588067858
"56242",0.00252870249933207,-0.00946134355300747,0.0119900460523395,0.0119900460523395
"56254",0.198492547674576,0.204265296135663,-0.005772748461087,0.005772748461087
"56255",0.408953017095133,0.368516055141572,0.040436961953561,0.040436961953561
"56257",-0.0122777404060078,-0.014240748207632,0.0019630078016242,0.0019630078016242
"56259",0.153262264226207,0.158883508467513,-0.005621244241306,0.005621244241306
"56261",-0.112623810167752,-0.11332456601282,0.000700755845067999,0.000700755845067999
"56262",0.0856972113137858,0.082441478355882,0.0032557329579038,0.0032557329579038
"56265",0.358740615810877,0.361277850942494,-0.00253723513161697,0.00253723513161697
"56267",-0.197895512704037,-0.207884490828491,0.00998897812445401,0.00998897812445401
"56270",-0.205262578208462,-0.202282239204639,-0.002980339003823,0.002980339003823
"5631",0.202457441901284,0.19620105490489,0.006256386996394,0.006256386996394
"56339",-0.0857504319321896,-0.0772095797132342,-0.00854085221895541,0.00854085221895541
"5635",0.0214130387987136,0.029701172445295,-0.0082881336465814,0.0082881336465814
"5636",0.0833828274483732,0.0959282992953283,-0.0125454718469551,0.0125454718469551
"5638",-0.424047860565144,-0.394633257715737,-0.029414602849407,0.029414602849407
"5641",0.461361128086066,0.477704446347648,-0.016343318261582,0.016343318261582
"56477",-0.407369367223597,-0.357586585041313,-0.049782782182284,0.049782782182284
"56478",0.202811447169506,0.187922329046474,0.014889118123032,0.014889118123032
"5652",-0.750597156999376,-0.746333134671446,-0.00426402232792999,0.00426402232792999
"5654",0.0885974216483637,0.0145874977178906,0.0740099239304731,0.0740099239304731
"56548",0.239774999792875,0.236926811478128,0.00284818831474701,0.00284818831474701
"5660",0.152686122533884,0.150433648517191,0.00225247401669301,0.00225247401669301
"56603",0.886422591331031,0.852249589954571,0.03417300137646,0.03417300137646
"56616",0.0620562514259925,0.0610677924651317,0.000988458960860798,0.000988458960860798
"56623",0.241825207921493,0.222535255016942,0.019289952904551,0.019289952904551
"5663",-0.0758632357307618,-0.0416811586712083,-0.0341820770595535,0.0341820770595535
"5664",0.277182449675753,0.263442836777147,0.013739612898606,0.013739612898606
"56647",-0.304917916432881,-0.27351121873902,-0.031406697693861,0.031406697693861
"56650",0.0878939654188432,0.0952623931311446,-0.0073684277123014,0.0073684277123014
"56652",-0.166699387594244,-0.144421147200475,-0.022278240393769,0.022278240393769
"56654",0.8506160300069,0.835694768808367,0.014921261198533,0.014921261198533
"56655",-0.0207874290084377,-0.027535452336686,0.0067480233282483,0.0067480233282483
"56658",-0.174302506296646,-0.169778128125149,-0.00452437817149701,0.00452437817149701
"56660",-0.318672227462448,-0.286856008618601,-0.031816218843847,0.031816218843847
"56672",0.0841883034445787,0.107557486701178,-0.0233691832565993,0.0233691832565993
"56674",0.050826240762177,0.0531518446162646,-0.0023256038540876,0.0023256038540876
"56681",0.0707026192724189,0.123072615690014,-0.0523699964175951,0.0523699964175951
"56683",-0.868874351126169,-0.781198620314573,-0.087675730811596,0.087675730811596
"5669",-0.192609193201995,-0.201386252319863,0.00877705911786802,0.00877705911786802
"567",0.272242636592842,0.269779666652445,0.00246296994039696,0.00246296994039696
"5670",0.0158707879480304,-0.00787206288276392,0.0237428508307943,0.0237428508307943
"5671",-0.0864826298589434,-0.137825100268634,0.0513424704096906,0.0513424704096906
"5672",0.0365981744483437,-0.00469793451731022,0.0412961089656539,0.0412961089656539
"56731",-0.0180629545037851,-0.0394100596962763,0.0213471051924912,0.0213471051924912
"5678",-0.0871629634791767,-0.115305657917498,0.0281426944383213,0.0281426944383213
"5680",-0.202768496594778,-0.195507064290884,-0.00726143230389401,0.00726143230389401
"5682",0.0941311626169755,0.093476627685066,0.000654534931909506,0.000654534931909506
"56829",-0.0466414353523489,-0.0666883636788792,0.0200469283265303,0.0200469283265303
"5683",0.210034559642365,0.212513796278993,-0.002479236636628,0.002479236636628
"5684",-0.0121774407072718,-0.0102469547987028,-0.001930485908569,0.001930485908569
"5685",0.0643489292174499,0.0545797695279315,0.00976915968951841,0.00976915968951841
"56850",-0.0225080224617063,-0.0189383925793811,-0.0035696298823252,0.0035696298823252
"56851",-0.181980079800883,-0.166424734013858,-0.015555345787025,0.015555345787025
"5686",0.103871916656223,0.102986278878133,0.000885637778090004,0.000885637778090004
"5687",-0.0400169678036583,-0.0381402163131275,-0.0018767514905308,0.0018767514905308
"56882",-0.133577740791567,-0.116365890403642,-0.017211850387925,0.017211850387925
"56886",-0.6056305745456,-0.561918806841014,-0.043711767704586,0.043711767704586
"56888",-0.0538670024377373,-0.0424742373557838,-0.0113927650819535,0.0113927650819535
"56889",-0.0229658450270558,-0.00588233619431885,-0.0170835088327369,0.0170835088327369
"5689",-0.0974786162652039,-0.0885439671188931,-0.0089346491463108,0.0089346491463108
"56890",0.0434847764204001,0.0483077042007474,-0.0048229277803473,0.0048229277803473
"56891",-0.095328912562069,-0.0975953562270429,0.0022664436649739,0.0022664436649739
"56895",0.316109415717677,0.324739244417377,-0.00862982869970003,0.00862982869970003
"56897",0.132635697195268,0.126981474381619,0.005654222813649,0.005654222813649
"5690",-0.0945951288903068,-0.0884614438213427,-0.0061336850689641,0.0061336850689641
"56900",0.153017452510228,0.161641032367172,-0.00862357985694401,0.00862357985694401
"56901",1.31107310928191,1.29481556221816,0.0162575470637498,0.0162575470637498
"56902",-0.105326158994963,-0.0794986053754062,-0.0258275536195568,0.0258275536195568
"56904",-0.667617003729965,-0.599697563710785,-0.06791944001918,0.06791944001918
"56905",0.0403168853735907,0.0277645514485881,0.0125523339250026,0.0125523339250026
"5691",0.0495472966488782,0.053586365435868,-0.0040390687869898,0.0040390687869898
"56910",0.0607242124046127,0.0521744806371083,0.0085497317675044,0.0085497317675044
"56912",0.147463426169111,0.115986513879771,0.03147691228934,0.03147691228934
"56913",-0.00156873999162308,0.0138762484141094,-0.0154449884057325,0.0154449884057325
"56915",-0.875650369788575,-0.783186898211681,-0.0924634715768941,0.0924634715768941
"56916",0.00813103125669119,0.0102617770638954,-0.00213074580720421,0.00213074580720421
"5692",-0.00582985242342424,-0.0164598126119159,0.0106299601884917,0.0106299601884917
"56920",1.07245541158514,1.08197899588443,-0.00952358429929001,0.00952358429929001
"56922",-0.0168828368061586,-0.0411739344151348,0.0242910976089762,0.0242910976089762
"56925",0.0377889242122359,0.0762542030760968,-0.0384652788638609,0.0384652788638609
"56926",-0.23410954764171,-0.215364344209566,-0.018745203432144,0.018745203432144
"56928",0.159648200043146,0.133375131427712,0.026273068615434,0.026273068615434
"5693",-0.150880230649646,-0.139025981120761,-0.011854249528885,0.011854249528885
"56931",-0.466972823221726,-0.404481545051272,-0.062491278170454,0.062491278170454
"56934",0.551086174008631,0.484210228062001,0.06687594594663,0.06687594594663
"56935",0.670220725556285,0.670105972483068,0.000114753073216955,0.000114753073216955
"56937",0.31085591349489,0.285267656367964,0.025588257126926,0.025588257126926
"5694",0.0104176071449609,0.0154727681153994,-0.0050551609704385,0.0050551609704385
"56941",-0.133914537648094,-0.112669821047072,-0.021244716601022,0.021244716601022
"56942",0.0065602472053135,0.0144717297400124,-0.0079114825346989,0.0079114825346989
"56943",0.0814848550181037,0.0880684361189603,-0.00658358110085661,0.00658358110085661
"56944",1.08080660607371,1.03172301439703,0.0490835916766801,0.0490835916766801
"56945",-0.153555585090333,-0.151558769450023,-0.00199681564031001,0.00199681564031001
"56947",0.273122331616825,0.252464059222954,0.020658272393871,0.020658272393871
"56948",0.0127600247503582,0.00632088540747657,0.00643913934288163,0.00643913934288163
"56949",-0.621918743878681,-0.583386348374568,-0.0385323955041129,0.0385323955041129
"5695",-0.00628221610975507,-0.00585491457859726,-0.00042730153115781,0.00042730153115781
"56950",-0.087284221803421,-0.0929996782837396,0.0057154564803186,0.0057154564803186
"56951",0.234608825908702,0.23752992621989,-0.002921100311188,0.002921100311188
"56954",-0.0689310602515144,-0.0891972013084473,0.0202661410569329,0.0202661410569329
"5696",1.02976700016198,1.00659548262326,0.0231715175387202,0.0231715175387202
"56965",-0.0973997010114473,-0.0921179408841614,-0.0052817601272859,0.0052817601272859
"56975",0.823755326643655,0.726006581917771,0.097748744725884,0.097748744725884
"56977",0.354247478220223,0.300037896622669,0.054209581597554,0.054209581597554
"5698",0.778232958904356,0.77921119761058,-0.000978238706224044,0.000978238706224044
"56980",-0.225450026996409,-0.211849772864939,-0.01360025413147,0.01360025413147
"56983",-0.213974362991924,-0.193409850863229,-0.020564512128695,0.020564512128695
"56984",0.118280483287502,0.11587442288007,0.00240606040743201,0.00240606040743201
"56985",0.173512046535175,0.188537248695413,-0.015025202160238,0.015025202160238
"56986",0.262600472229458,0.257384270210011,0.005216202019447,0.005216202019447
"56987",-0.17810103754595,-0.145143083630009,-0.032957953915941,0.032957953915941
"5699",0.0788985923342853,0.0743259944723244,0.0045725978619609,0.0045725978619609
"56990",0.0111535329228042,0.00832408811872806,0.00282944480407614,0.00282944480407614
"56992",-0.274886023887691,-0.283252052767413,0.00836602887972199,0.00836602887972199
"56993",0.0670317616387991,0.0790825890220003,-0.0120508273832012,0.0120508273832012
"56994",0.402583749868536,0.388718920501866,0.01386482936667,0.01386482936667
"56995",0.031967937652348,0.0218397793588957,0.0101281582934523,0.0101281582934523
"56996",0.0907713801957762,0.0856487782508926,0.00512260194488361,0.00512260194488361
"56997",-0.0799291638533508,-0.0684707136697284,-0.0114584501836224,0.0114584501836224
"56998",0.423628443028249,0.404492434549658,0.019136008478591,0.019136008478591
"57001",0.0541048421320487,0.0548452844798035,-0.000740442347754798,0.000740442347754798
"57002",0.0348139068517475,0.0323350519073275,0.00247885494442,0.00247885494442
"57003",-0.195072309348945,-0.18210799624771,-0.012964313101235,0.012964313101235
"57007",0.95548365643772,0.958100012187821,-0.002616355750101,0.002616355750101
"5701",0.0916653083497693,0.0904886474812359,0.00117666086853339,0.00117666086853339
"57017",-0.00011386429381673,0.00513955365269656,-0.00525341794651329,0.00525341794651329
"57018",-0.0890083285717526,-0.0750161428363001,-0.0139921857354525,0.0139921857354525
"57019",0.0858698385922177,0.0915336952186478,-0.00566385662643011,0.00566385662643011
"5702",-0.0996705788491642,-0.0903163049571344,-0.00935427389202979,0.00935427389202979
"57020",0.23761564885109,0.20965167530911,0.02796397354198,0.02796397354198
"57035",0.0174221551801325,0.0124863575777494,0.0049357976023831,0.0049357976023831
"57037",-0.102886423404526,-0.0980224673789871,-0.00486395602553891,0.00486395602553891
"57038",-0.119616252398334,-0.104415797736318,-0.015200454662016,0.015200454662016
"5704",-0.252823913667556,-0.208254678710553,-0.044569234957003,0.044569234957003
"57045",-0.0774873131879465,-0.0846271647459339,0.00713985155798741,0.00713985155798741
"5705",0.0732570601574854,0.0563082472860808,0.0169488128714046,0.0169488128714046
"57050",0.0228587366146033,0.0428654560846762,-0.0200067194700729,0.0200067194700729
"57060",0.292585666647185,0.27133249955362,0.021253167093565,0.021253167093565
"57062",-0.565169903441472,-0.543560777367303,-0.021609126074169,0.021609126074169
"5707",-0.0915319440751186,-0.0716257539340688,-0.0199061901410498,0.0199061901410498
"57085",0.322866774993144,0.322835027131011,3.17478621330025e-05,3.17478621330025e-05
"5709",-0.120817927223569,-0.128081902769798,0.007263975546229,0.007263975546229
"57092",0.0433455518060356,0.0477162172242089,-0.0043706654181733,0.0043706654181733
"57095",0.0808031753069256,0.0912550149418695,-0.0104518396349439,0.0104518396349439
"57099",0.104933953788038,0.086767058794386,0.018166894993652,0.018166894993652
"5710",-0.212517869634284,-0.204546657502597,-0.007971212131687,0.007971212131687
"57102",0.590024905277724,0.60870541393891,-0.018680508661186,0.018680508661186
"57103",-0.124879560726092,-0.10483315732705,-0.020046403399042,0.020046403399042
"57104",-0.0779441551212726,-0.0957929507602583,0.0178487956389857,0.0178487956389857
"57106",0.297961127504605,0.289676553545029,0.00828457395957599,0.00828457395957599
"57107",-0.836838399220907,-0.75441791517628,-0.082420484044627,0.082420484044627
"57109",-0.0874642990626221,-0.0647967052521933,-0.0226675938104288,0.0226675938104288
"5711",-0.31375490160229,-0.316807860968604,0.003052959366314,0.003052959366314
"57111",-0.56606745188447,-0.568330506248099,0.00226305436362895,0.00226305436362895
"57117",0.0488977651581959,0.0569524219260772,-0.0080546567678813,0.0080546567678813
"57120",0.126830896856472,0.117266848976844,0.009564047879628,0.009564047879628
"57122",-0.203240318989338,-0.195367132675377,-0.007873186313961,0.007873186313961
"57124",0.863459826423112,0.812438149852829,0.051021676570283,0.051021676570283
"57128",-0.591465118814417,-0.526533143717826,-0.064931975096591,0.064931975096591
"57129",0.0250247598990748,0.0178567991928534,0.0071679607062214,0.0071679607062214
"5713",-0.0141614492270376,-0.0132654542119095,-0.0008959950151281,0.0008959950151281
"57130",-0.311742595477426,-0.292280850209942,-0.019461745267484,0.019461745267484
"57132",-0.0546900051219724,-0.0393891512175955,-0.0153008539043769,0.0153008539043769
"57134",-0.122157178542972,-0.0911811168890851,-0.0309760616538869,0.0309760616538869
"57136",0.0767729344626867,0.0722903810492297,0.00448255341345699,0.00448255341345699
"5714",-0.0323642648884321,-0.027333312629811,-0.0050309522586211,0.0050309522586211
"57140",0.286706942882142,0.250098210319743,0.036608732562399,0.036608732562399
"57142",-0.236485506261955,-0.215977705656793,-0.020507800605162,0.020507800605162
"57143",0.182994703965719,0.169321351823384,0.013673352142335,0.013673352142335
"57146",-0.053028959845815,-0.067251157211341,0.014222197365526,0.014222197365526
"57147",0.078285325034035,0.0889926747652778,-0.0107073497312428,0.0107073497312428
"57149",0.130327006248453,0.136403975681102,-0.00607696943264899,0.00607696943264899
"5715",0.29450116977079,0.279491099814922,0.015010069955868,0.015010069955868
"57150",0.0368430876968497,0.0310152140496865,0.0058278736471632,0.0058278736471632
"57153",0.165816511226706,0.146346434529345,0.019470076697361,0.019470076697361
"57154",-0.233219758629579,-0.241293145732176,0.008073387102597,0.008073387102597
"57157",0.101515319512648,0.0972602894151521,0.00425503009749589,0.00425503009749589
"5716",0.0631218110117875,0.0773405750290893,-0.0142187640173018,0.0142187640173018
"57162",0.224379468999972,0.25059518790615,-0.026215718906178,0.026215718906178
"57169",0.152955139549509,0.151206379350111,0.00174876019939801,0.00174876019939801
"5717",-0.0497535026277763,-0.0307010641117454,-0.0190524385160309,0.0190524385160309
"57171",-0.267183804633456,-0.24089645581892,-0.026287348814536,0.026287348814536
"57175",-0.169711717890609,-0.154075044863528,-0.015636673027081,0.015636673027081
"57176",-0.27914313256127,-0.265965775550697,-0.013177357010573,0.013177357010573
"57178",0.418893019157163,0.383026783960972,0.035866235196191,0.035866235196191
"57179",0.0332538248803691,0.0313575438853608,0.0018962809950083,0.0018962809950083
"5718",-0.170231011419067,-0.149769576549572,-0.020461434869495,0.020461434869495
"57180",-0.496925264429604,-0.47348300569578,-0.023442258733824,0.023442258733824
"57181",-0.145537897161988,-0.165729830884432,0.020191933722444,0.020191933722444
"57185",0.207778122100746,0.156726014980837,0.051052107119909,0.051052107119909
"5719",-0.0675532645531616,-0.0344496720855588,-0.0331035924676028,0.0331035924676028
"57192",0.161710931378468,0.182305387165763,-0.020594455787295,0.020594455787295
"572",0.319542412003755,0.319926926871239,-0.000384514867484032,0.000384514867484032
"5720",0.0201517545613652,0.0199596720448436,0.000192082516521599,0.000192082516521599
"57205",0.412480770380753,0.404790989944603,0.00768978043614998,0.00768978043614998
"57211",0.394072456891343,0.385999699722367,0.00807275716897604,0.00807275716897604
"57213",-0.116300391627758,-0.104922805600254,-0.011377586027504,0.011377586027504
"57215",0.248436123910532,0.253093078365924,-0.00465695445539199,0.00465695445539199
"57217",0.152696881923396,0.129134785549973,0.023562096373423,0.023562096373423
"57223",0.044945286212849,0.0555862331889953,-0.0106409469761463,0.0106409469761463
"57226",-0.0588949122449597,-0.0349175486737865,-0.0239773635711732,0.0239773635711732
"57228",0.538972057166749,0.538696707030655,0.000275350136094032,0.000275350136094032
"5723",-0.107784950873525,-0.101760843743093,-0.00602410713043201,0.00602410713043201
"57231",-0.101124985759488,-0.0969893658564319,-0.0041356199030561,0.0041356199030561
"5724",0.0502204679613537,0.0855984753681714,-0.0353780074068177,0.0353780074068177
"5725",-0.0341802765780534,-0.0272983446021504,-0.006881931975903,0.006881931975903
"5728",0.335617168655071,0.332831607299974,0.002785561355097,0.002785561355097
"5730",1.28944617923816,1.26771306235376,0.0217331168843999,0.0217331168843999
"57325",-0.191162288642558,-0.181590001803801,-0.00957228683875699,0.00957228683875699
"57326",0.343809784200119,0.332046983514773,0.011762800685346,0.011762800685346
"57333",0.419811482204951,0.401401530805484,0.018409951399467,0.018409951399467
"57337",0.488259724641982,0.469491453248888,0.0187682713930939,0.0187682713930939
"57379",-0.0664215311839953,-0.0569428045099283,-0.009478726674067,0.009478726674067
"57380",0.229725640242914,0.242020473136579,-0.012294832893665,0.012294832893665
"57396",0.224899027795804,0.21841714707071,0.00648188072509401,0.00648188072509401
"57403",0.154459727736163,0.125124152430031,0.029335575306132,0.029335575306132
"57404",-0.019093567933723,-0.0103865995657919,-0.0087069683679311,0.0087069683679311
"57405",-0.32794177745447,-0.313308513826869,-0.014633263627601,0.014633263627601
"57406",0.134584248155815,0.110484160128439,0.024100088027376,0.024100088027376
"57407",-0.108392739106758,-0.0989432297953613,-0.00944950931139669,0.00944950931139669
"57409",0.171838668414038,0.176354546767445,-0.004515878353407,0.004515878353407
"57410",0.035111527315957,0.0201743971723257,0.0149371301436313,0.0149371301436313
"57415",0.292260714237936,0.272649331327245,0.019611382910691,0.019611382910691
"57418",-0.102937046868457,-0.0848896564696159,-0.0180473903988411,0.0180473903988411
"57419",0.60237843204819,0.519955952594565,0.082422479453625,0.082422479453625
"57446",0.032973239189367,0.0491741386632797,-0.0162008994739127,0.0162008994739127
"57447",0.290239244437896,0.317314252128543,-0.027075007690647,0.027075007690647
"57448",0.135932919241656,0.110391320891178,0.025541598350478,0.025541598350478
"5745",-0.059143641710774,-0.0658074186080101,0.00666377689723609,0.00666377689723609
"57458",0.309941126683505,0.302273914926387,0.00766721175711799,0.00766721175711799
"57461",-0.055069715114124,-0.0430243841748625,-0.0120453309392615,0.0120453309392615
"57462",0.0323119671914753,0.051803804819056,-0.0194918376275807,0.0194918376275807
"57466",-0.20841715765453,-0.194350300667712,-0.014066856986818,0.014066856986818
"5747",0.208444035632614,0.212455247741866,-0.00401121210925201,0.00401121210925201
"57470",0.0998552398121639,0.0841641345116727,0.0156911053004912,0.0156911053004912
"57473",0.0793011536594658,0.0783800837695589,0.000921069889906895,0.000921069889906895
"57475",-0.692683368594938,-0.706451541493327,0.0137681728983891,0.0137681728983891
"57477",-0.275863111474279,-0.232483572807705,-0.043379538666574,0.043379538666574
"57486",0.00456205240093899,-0.0262419842571279,0.0308040366580669,0.0308040366580669
"57488",0.176751584610832,0.153497773331316,0.023253811279516,0.023253811279516
"57494",-0.411111348319187,-0.420974422961831,0.00986307464264402,0.00986307464264402
"57496",0.717271703132894,0.661511171186252,0.055760531946642,0.055760531946642
"57498",0.242757014682065,0.215670372905563,0.027086641776502,0.027086641776502
"57502",-0.266986874962987,-0.341588688475815,0.074601813512828,0.074601813512828
"57504",-0.210118975094007,-0.19353380677457,-0.016585168319437,0.016585168319437
"57505",-0.215266340053177,-0.200607086994357,-0.01465925305882,0.01465925305882
"57506",-0.0970783619802326,-0.109838039221265,0.0127596772410324,0.0127596772410324
"57509",-0.0137848261360203,0.0303865256552204,-0.0441713517912407,0.0441713517912407
"57510",-0.267863280888961,-0.237974960722227,-0.029888320166734,0.029888320166734
"57511",-0.174906198649908,-0.169873418352256,-0.005032780297652,0.005032780297652
"57515",0.13712915979018,0.159627533735286,-0.022498373945106,0.022498373945106
"57530",-0.374566248901645,-0.420915243411543,0.046348994509898,0.046348994509898
"57531",0.214067976657133,0.237251783435986,-0.023183806778853,0.023183806778853
"57532",0.153289355060087,0.162744972502898,-0.00945561744281098,0.00945561744281098
"57533",0.292820430162851,0.28420453295438,0.008615897208471,0.008615897208471
"57536",0.133344911739698,0.11008057158885,0.023264340150848,0.023264340150848
"5754",0.473351227379367,0.417801837289338,0.055549390090029,0.055549390090029
"57541",0.0825478335059106,0.072184819406187,0.0103630140997236,0.0103630140997236
"57542",0.153751688845499,0.143253068463123,0.010498620382376,0.010498620382376
"57546",0.0664151618977474,0.0964711549671157,-0.0300559930693683,0.0300559930693683
"57551",-0.273997749774792,-0.241585622766512,-0.03241212700828,0.03241212700828
"57552",-0.0708623856922461,-0.0599507809240412,-0.0109116047682049,0.0109116047682049
"57556",-0.148316443414104,-0.155836458617568,0.00752001520346401,0.00752001520346401
"57561",-0.250676171914262,-0.233646813920721,-0.017029357993541,0.017029357993541
"57563",-0.444976877019782,-0.438347815180848,-0.00662906183893403,0.00662906183893403
"57568",-0.236136068418221,-0.225665363308513,-0.010470705109708,0.010470705109708
"57570",0.00537494503754177,0.0015284052915247,0.00384653974601707,0.00384653974601707
"57572",0.433391478932664,0.408948200279033,0.024443278653631,0.024443278653631
"57575",0.526207777740855,0.528106539430233,-0.00189876168937797,0.00189876168937797
"57579",-0.079375167272378,-0.0464784270048857,-0.0328967402674923,0.0328967402674923
"57580",0.248968507908211,0.269840947463958,-0.020872439555747,0.020872439555747
"57584",0.192163173391834,0.170333708787317,0.021829464604517,0.021829464604517
"57590",0.0333510520967329,0.0291225926231617,0.0042284594735712,0.0042284594735712
"57599",-0.16031374909911,-0.121296503875696,-0.039017245223414,0.039017245223414
"57609",-0.0398053944262304,-0.0411634563665136,0.0013580619402832,0.0013580619402832
"57614",0.000642620266239895,0.0174311375314557,-0.0167885172652158,0.0167885172652158
"57617",-0.109448194355238,-0.0859756785976745,-0.0234725157575635,0.0234725157575635
"57621",0.0490129107474498,0.0259602276379268,0.023052683109523,0.023052683109523
"57623",-0.0492290438176082,-0.0366327300378915,-0.0125963137797167,0.0125963137797167
"5763",0.561966438184913,0.526797468004812,0.035168970180101,0.035168970180101
"57630",-0.0294759877350884,-0.0338211729439295,0.0043451852088411,0.0043451852088411
"57634",0.00756869860198568,-0.011505404429738,0.0190741030317237,0.0190741030317237
"5764",-0.207652492394357,-0.20605018959155,-0.00160230280280702,0.00160230280280702
"57645",0.154589936837184,0.140714361002779,0.013875575834405,0.013875575834405
"57647",-0.119213547345376,-0.101139369201917,-0.018074178143459,0.018074178143459
"57654",-0.0583943362420331,-0.0780800440995218,0.0196857078574887,0.0196857078574887
"57655",0.17721432110478,0.19123603789819,-0.01402171679341,0.01402171679341
"57658",0.379931159132472,0.366708823517739,0.013222335614733,0.013222335614733
"57659",0.574062310632523,0.522907949525564,0.051154361106959,0.051154361106959
"57661",0.105289224539898,0.0937928332611381,0.0114963912787599,0.0114963912787599
"57664",0.26340321468006,0.231465200458353,0.031938014221707,0.031938014221707
"57679",0.203380295971273,0.181954085795823,0.02142621017545,0.02142621017545
"5768",-0.162755784890974,-0.167178234574995,0.004422449684021,0.004422449684021
"57680",-0.384250518305165,-0.380935556753521,-0.00331496155164401,0.00331496155164401
"57685",0.618990475035535,0.631328262835776,-0.0123377878002411,0.0123377878002411
"57691",0.114464736396093,0.13692670736707,-0.022461970970977,0.022461970970977
"57695",-0.115185980837022,-0.11700274720858,0.001816766371558,0.001816766371558
"57698",-0.373128240401265,-0.363935169678141,-0.00919307072312403,0.00919307072312403
"5770",-0.0458737249437049,-0.0528462892324106,0.00697256428870571,0.00697256428870571
"57703",0.136893629888375,0.132953403225522,0.00394022666285301,0.00394022666285301
"57704",-0.184477738925285,-0.165164148343109,-0.019313590582176,0.019313590582176
"57706",-0.452760536079208,-0.409333317108705,-0.043427218970503,0.043427218970503
"57707",-0.011179992928934,0.0110935342397186,-0.0222735271686526,0.0222735271686526
"57708",0.253125843389826,0.230746916981036,0.02237892640879,0.02237892640879
"5771",-0.0672013461831248,-0.0357397055815481,-0.0314616406015767,0.0314616406015767
"57715",-0.287569029446498,-0.288015436792497,0.000446407345999045,0.000446407345999045
"57720",-0.346674074794315,-0.307461496795319,-0.039212577998996,0.039212577998996
"57721",-0.331666570090995,-0.283227351005655,-0.04843921908534,0.04843921908534
"57722",0.235644198203225,0.245775561045552,-0.010131362842327,0.010131362842327
"5774",0.00542912637983818,-0.0278261475621724,0.0332552739420106,0.0332552739420106
"57761",0.324237912115751,0.343209771481595,-0.018971859365844,0.018971859365844
"57763",0.119852141627499,0.120456028176498,-0.000603886548998997,0.000603886548998997
"5777",0.508603257261732,0.467109931310174,0.041493325951558,0.041493325951558
"57798",-0.060720215996169,-0.0435524269951107,-0.0171677890010583,0.0171677890010583
"57801",0.635629577661059,0.602735382852328,0.032894194808731,0.032894194808731
"57804",0.166430136533647,0.166719666636403,-0.000289530102756008,0.000289530102756008
"57805",-0.0378899626356514,-0.0190004949916412,-0.0188894676440102,0.0188894676440102
"5781",0.130071477724077,0.106391407176599,0.023680070547478,0.023680070547478
"57817",0.266323718942299,0.196347669966317,0.069976048975982,0.069976048975982
"57819",-0.0653259945219667,-0.0809806195512377,0.015654625029271,0.015654625029271
"5782",0.17939578155394,0.201297218010523,-0.021901436456583,0.021901436456583
"57822",-0.444241634632845,-0.461314815898728,0.017073181265883,0.017073181265883
"57826",-0.0029098263799587,-0.00528385052415262,0.00237402414419392,0.00237402414419392
"57827",-0.171015527865898,-0.147820897103767,-0.023194630762131,0.023194630762131
"5783",0.0201135532103074,-0.000609596071525727,0.0207231492818331,0.0207231492818331
"5784",-0.292937982651023,-0.302238114165784,0.009300131514761,0.009300131514761
"5786",0.299388323645749,0.290140808277674,0.009247515368075,0.009247515368075
"57862",-0.153487511284348,-0.140865554335259,-0.012621956949089,0.012621956949089
"57863",1.68967255620829,1.68072905077958,0.00894350542870992,0.00894350542870992
"5791",0.0255997961207373,0.0140246680647372,0.0115751280560001,0.0115751280560001
"5792",-0.129077826109146,-0.140952617849778,0.011874791740632,0.011874791740632
"5793",0.595290798531081,0.535644400308405,0.059646398222676,0.059646398222676
"5796",0.424420016647447,0.386479428384345,0.037940588263102,0.037940588263102
"5797",-0.117823248532293,-0.0775412329387734,-0.0402820155935196,0.0402820155935196
"580",-0.226515323309038,-0.231284345788304,0.004769022479266,0.004769022479266
"5805",0.135894864001591,0.121202245122078,0.014692618879513,0.014692618879513
"581",0.274968500867098,0.28839278934767,-0.013424288480572,0.013424288480572
"5813",0.0524216210234204,0.0663892323887286,-0.0139676113653082,0.0139676113653082
"58155",0.0806361707177534,0.0910587577539807,-0.0104225870362273,0.0104225870362273
"58189",1.38550871232845,1.32227148736684,0.06323722496161,0.06323722496161
"5819",0.134275897634189,0.139515869541104,-0.005239971906915,0.005239971906915
"58190",-0.0131674381626353,-0.0272166307562839,0.0140491925936486,0.0140491925936486
"58191",1.80964974637971,1.67986793540409,0.12978181097562,0.12978181097562
"582",0.323930884737638,0.29554328437981,0.028387600357828,0.028387600357828
"5824",0.118121359754235,0.11265619197025,0.00546516778398501,0.00546516778398501
"5825",0.0390491025105741,0.0560663302051103,-0.0170172276945362,0.0170172276945362
"5827",0.27354029293687,0.266991151101055,0.00654914183581501,0.00654914183581501
"5828",-0.00778839264377074,0.00767845046895544,-0.0154668431127262,0.0154668431127262
"5829",-0.0116014260772947,-0.0237761716426621,0.0121747455653674,0.0121747455653674
"583",0.245310331952678,0.232111187694964,0.013199144257714,0.013199144257714
"5830",0.181211776517171,0.168071163487988,0.013140613029183,0.013140613029183
"5831",-0.304220567920571,-0.288416313626829,-0.015804254293742,0.015804254293742
"5832",-0.452508788126492,-0.448340332751902,-0.00416845537458999,0.00416845537458999
"5833",-0.0823749314298087,-0.0920050375314446,0.00963010610163589,0.00963010610163589
"5834",0.0105541238989756,-0.00633266559429531,0.0168867894932709,0.0168867894932709
"5836",0.106792650714274,0.125177652667443,-0.018385001953169,0.018385001953169
"58476",0.113241180812125,0.0856455732806093,0.0275956075315157,0.0275956075315157
"58477",-0.598257558095311,-0.572256392395026,-0.026001165700285,0.026001165700285
"58478",0.00983058897333143,0.031667161354421,-0.0218365723810896,0.0218365723810896
"58480",0.311111122460517,0.303735104998645,0.007376017461872,0.007376017461872
"58485",0.197382679681164,0.191660016299094,0.00572266338207,0.00572266338207
"58486",0.176784818785963,0.170805813335011,0.00597900545095201,0.00597900545095201
"58488",0.0296607824153992,0.0398065441085764,-0.0101457616931772,0.0101457616931772
"58490",-0.0577327623288411,-0.0329609072760957,-0.0247718550527454,0.0247718550527454
"58492",-0.285083081578244,-0.262630325627257,-0.022452755950987,0.022452755950987
"58493",0.0607068526537888,0.041772441542696,0.0189344111110928,0.0189344111110928
"58494",1.30730211203032,1.34982965820743,-0.04252754617711,0.04252754617711
"58495",-0.201430553912606,-0.225247910492995,0.023817356580389,0.023817356580389
"58499",0.250441730542569,0.216377202597994,0.034064527944575,0.034064527944575
"585",0.103084259657688,0.0907410127009671,0.0123432469567209,0.0123432469567209
"58500",0.138901754005472,0.126266100807328,0.012635653198144,0.012635653198144
"58504",-0.23524938195673,-0.20850205682044,-0.02674732513629,0.02674732513629
"58505",-0.215074304368167,-0.20527258333275,-0.00980172103541699,0.00980172103541699
"58513",-0.0726180772641449,-0.0684331706345578,-0.00418490662958711,0.00418490662958711
"58515",0.0520631265192628,0.0447209097250389,0.0073422167942239,0.0073422167942239
"58517",0.0349653457987415,0.0286292689582974,0.0063360768404441,0.0063360768404441
"58528",0.201869154665613,0.251168931792105,-0.049299777126492,0.049299777126492
"58533",0.192297257214676,0.207540387316361,-0.015243130101685,0.015243130101685
"5859",0.00630514820585244,-0.00377781293230477,0.0100829611381572,0.0100829611381572
"5860",-0.0727920552379344,-0.0572681382551811,-0.0155239169827533,0.0155239169827533
"5861",-0.0403330065042072,-0.0284445262247319,-0.0118884802794753,0.0118884802794753
"5862",-0.48682568520475,-0.478188546890923,-0.00863713831382701,0.00863713831382701
"5863",-0.135099090982012,-0.132831404002023,-0.002267686979989,0.002267686979989
"5865",0.223160680771572,0.19846677316362,0.024693907607952,0.024693907607952
"5867",0.136528903277156,0.129675191677017,0.00685371160013901,0.00685371160013901
"5868",-0.0679314428127402,-0.0509978476913661,-0.0169335951213741,0.0169335951213741
"587",-0.423885927037262,-0.39150551283011,-0.032380414207152,0.032380414207152
"5870",-0.101044473997342,-0.0905232087468454,-0.0105212652504966,0.0105212652504966
"5871",0.454623312699613,0.439647426739641,0.014975885959972,0.014975885959972
"5873",0.0155585999378553,0.0143742857660656,0.0011843141717897,0.0011843141717897
"5875",-0.279243927263248,-0.261394295430961,-0.017849631832287,0.017849631832287
"5876",0.0331605618345923,0.0474170323856653,-0.014256470551073,0.014256470551073
"5877",0.0935656798668633,0.0996450816154255,-0.0060794017485622,0.0060794017485622
"5878",0.314563823250226,0.304252829596699,0.010310993653527,0.010310993653527
"5879",0.255579446615342,0.255896179540727,-0.000316732925385033,0.000316732925385033
"5880",0.482421973982382,0.469497694041637,0.012924279940745,0.012924279940745
"5881",-0.275960966140661,-0.237237947879087,-0.038723018261574,0.038723018261574
"5883",-0.280294415032699,-0.267487007084576,-0.012807407948123,0.012807407948123
"5884",-0.146467242782869,-0.123997524212842,-0.022469718570027,0.022469718570027
"5885",0.217080710535542,0.231448661761608,-0.014367951226066,0.014367951226066
"5886",0.0299334048544739,0.0257825956506555,0.0041508092038184,0.0041508092038184
"5887",0.1490454868335,0.131501988541013,0.017543498292487,0.017543498292487
"5888",-0.0151486672771057,-0.0257365199548957,0.01058785267779,0.01058785267779
"5889",-0.495531448303281,-0.449682888327048,-0.045848559976233,0.045848559976233
"5890",0.00287927405733783,-0.0134663133949453,0.0163455874522831,0.0163455874522831
"5892",-0.074427944412758,-0.0279013745250252,-0.0465265698877328,0.0465265698877328
"5894",0.00231071670962204,0.0154715466942053,-0.0131608299845833,0.0131608299845833
"5898",0.0427073143572958,0.0350426429151377,0.0076646714421581,0.0076646714421581
"58986",-0.0490808465740131,-0.0233333376807796,-0.0257475088932335,0.0257475088932335
"5899",-0.18923540292448,-0.176637451125941,-0.012597951798539,0.012597951798539
"59",0.580615310590699,0.570381247486438,0.010234063104261,0.010234063104261
"5901",-0.240812019773939,-0.183319208464401,-0.057492811309538,0.057492811309538
"5902",-0.11731827695852,-0.0935048105631574,-0.0238134663953626,0.0238134663953626
"5903",-0.26108163479246,-0.243462784663201,-0.017618850129259,0.017618850129259
"5905",-0.231576032651453,-0.220133747745687,-0.011442284905766,0.011442284905766
"5906",0.0301909664458882,0.0530092248890838,-0.0228182584431956,0.0228182584431956
"5909",-0.620182708837068,-0.639965459092803,0.0197827502557349,0.0197827502557349
"5910",-0.0234328360448735,-0.00996983290917513,-0.0134630031356984,0.0134630031356984
"5911",0.478419692045692,0.464490487569101,0.013929204476591,0.013929204476591
"5914",0.640040982435423,0.596251983755989,0.043788998679434,0.043788998679434
"5917",-0.0783915146504372,-0.0716553368436569,-0.00673617780678031,0.00673617780678031
"5919",1.60296125053036,1.52543477697593,0.0775264735544301,0.0775264735544301
"5920",0.700559949386066,0.66230542656171,0.038254522824356,0.038254522824356
"5921",0.0293182008266734,0.030487408641376,-0.0011692078147026,0.0011692078147026
"5922",-0.197638616018363,-0.211043736374629,0.013405120356266,0.013405120356266
"5925",0.48055642819308,0.496734408874686,-0.016177980681606,0.016177980681606
"59269",0.269051294309491,0.24068437978556,0.028366914523931,0.028366914523931
"59271",0.386609750672722,0.381984874016068,0.00462487665665401,0.00462487665665401
"59272",-0.39551268676719,-0.394435701690947,-0.00107698507624299,0.00107698507624299
"59274",0.150470907033982,0.1493759422908,0.00109496474318199,0.00109496474318199
"5928",-0.0403548244365877,-0.0408994241031252,0.000544599666537499,0.000544599666537499
"593",-0.159812403565828,-0.147143303152632,-0.012669100413196,0.012669100413196
"5930",-0.0905563584430182,-0.0970997183820778,0.00654335993905961,0.00654335993905961
"5931",0.130840157896815,0.127926075477141,0.002914082419674,0.002914082419674
"5932",-0.133682183982929,-0.13966526228924,0.00598307830631101,0.00598307830631101
"59338",0.120777911355385,0.0934313020717392,0.0273466092836458,0.0273466092836458
"5934",0.0288928759176643,0.0189213190318282,0.0099715568858361,0.0099715568858361
"59341",0.201577059803651,0.184063027238483,0.017514032565168,0.017514032565168
"59342",-0.123187903383477,-0.096984680808604,-0.026203222574873,0.026203222574873
"59343",-0.186458350003527,-0.169448768762531,-0.017009581240996,0.017009581240996
"59344",-0.0168632125882557,-0.00995547852055923,-0.00690773406769647,0.00690773406769647
"59345",0.161481799465337,0.20086706247795,-0.039385263012613,0.039385263012613
"59348",0.19801836890165,0.205224270105894,-0.007205901204244,0.007205901204244
"59349",0.266331212610271,0.267363827466577,-0.00103261485630601,0.00103261485630601
"5935",-0.124705903000007,-0.103623192734217,-0.02108271026579,0.02108271026579
"5936",-0.0719955049570725,-0.084318099895062,0.0123225949379895,0.0123225949379895
"5937",-0.312925038160371,-0.285142656328013,-0.027782381832358,0.027782381832358
"5939",-0.316309829610212,-0.268834039183534,-0.047475790426678,0.047475790426678
"594",-0.232612117156661,-0.243479281041151,0.01086716388449,0.01086716388449
"5947",0.522733704453797,0.519947443407575,0.00278626104622193,0.00278626104622193
"595",0.840046528649745,0.812417102940183,0.0276294257095621,0.0276294257095621
"5955",-0.112412715763853,-0.102801351650673,-0.00961136411318,0.00961136411318
"596",0.479871907937163,0.424150225803268,0.055721682133895,0.055721682133895
"5962",-0.156057711714491,-0.133881302902782,-0.022176408811709,0.022176408811709
"5965",0.0512567717033127,0.0606782373967506,-0.0094214656934379,0.0094214656934379
"5966",-0.200539952278956,-0.151865049168859,-0.048674903110097,0.048674903110097
"597",0.742187870425981,0.781682472130995,-0.039494601705014,0.039494601705014
"5970",-0.11430400042004,-0.0912629245210935,-0.0230410758989465,0.0230410758989465
"5972",-0.439362092729819,-0.481396936308404,0.042034843578585,0.042034843578585
"5973",0.972614918476896,0.889752518195365,0.0828624002815309,0.0828624002815309
"5976",0.00117826740569252,-0.00367182206027893,0.00485008946597145,0.00485008946597145
"5977",0.134928747171819,0.128041759365604,0.00688698780621499,0.00688698780621499
"5978",-0.258294899255568,-0.262267719287142,0.00397282003157401,0.00397282003157401
"598",0.330304975092757,0.331825534792195,-0.00152055969943798,0.00152055969943798
"5980",-0.0963429437997632,-0.0948445379156039,-0.0014984058841593,0.0014984058841593
"5982",0.0695143410527412,0.0972868776301394,-0.0277725365773982,0.0277725365773982
"5983",-0.403807306632381,-0.377872317614474,-0.025934989017907,0.025934989017907
"5985",-0.33904998012726,-0.315496057282427,-0.023553922844833,0.023553922844833
"5987",-0.277980528217101,-0.230255290370084,-0.047725237847017,0.047725237847017
"5989",0.268132447667794,0.238083167738528,0.030049279929266,0.030049279929266
"599",0.229688428545592,0.21570125092003,0.013987177625562,0.013987177625562
"5993",0.273250996381131,0.25170309745653,0.021547898924601,0.021547898924601
"5994",0.123250720372048,0.116834347910583,0.00641637246146499,0.00641637246146499
"5997",0.610730941086078,0.599478655726348,0.01125228535973,0.01125228535973
"5998",0.0976694621997765,0.112834263155839,-0.0151648009560625,0.0151648009560625
"6001",0.638648484943168,0.628555640688211,0.0100928442549569,0.0100928442549569
"6004",-0.961644275148578,-0.865173569382702,-0.096470705765876,0.096470705765876
"6009",0.0135405421046958,0.0236709580962246,-0.0101304159915288,0.0101304159915288
"6015",0.0546412370344752,0.0451911276535298,0.00945010938094541,0.00945010938094541
"6016",-0.180630234480023,-0.143882795614116,-0.036747438865907,0.036747438865907
"6018",-0.100448567401519,-0.100339453742453,-0.000109113659066004,0.000109113659066004
"60313",0.190650020903452,0.165049436732284,0.025600584171168,0.025600584171168
"60314",0.00181260687869336,-0.00303041701064632,0.00484302388933968,0.00484302388933968
"60343",-0.166937309946706,-0.154105451011777,-0.012831858934929,0.012831858934929
"6035",2.29743413600937,2.15607547052488,0.14135866548449,0.14135866548449
"60370",-0.261392249730301,-0.236471476491453,-0.024920773238848,0.024920773238848
"6038",-1.41854889990316,-1.40758728274296,-0.0109616171601998,0.0109616171601998
"60386",-0.275387044635732,-0.275392333216351,5.28858061898951e-06,5.28858061898951e-06
"604",-0.451647767195124,-0.402606313747005,-0.049041453448119,0.049041453448119
"6041",0.361771562462545,0.340346914114514,0.021424648348031,0.021424648348031
"60412",-0.0252029437765448,-0.016712127019262,-0.0084908167572828,0.0084908167572828
"6046",-0.0244876615870766,-0.0361161994108661,0.0116285378237895,0.0116285378237895
"6047",-0.000219454316466612,0.00639901680687571,-0.00661847112334232,0.00661847112334232
"60481",-0.0846219883591821,-0.0779792698318879,-0.0066427185272942,0.0066427185272942
"60485",0.128696569717521,0.0976706491145452,0.0310259206029758,0.0310259206029758
"60488",-0.0842282196938769,-0.079929213700902,-0.00429900599297489,0.00429900599297489
"60489",0.246454522971251,0.216834120090679,0.029620402880572,0.029620402880572
"6049",-0.219757465393186,-0.152154923808345,-0.067602541584841,0.067602541584841
"60491",-0.0679845384984795,-0.0683743072068128,0.000389768708333293,0.000389768708333293
"60492",0.16201876697512,0.166063352092153,-0.00404458511703301,0.00404458511703301
"60493",-0.181998584746694,-0.161325119454135,-0.020673465292559,0.020673465292559
"60496",0.245614535906728,0.242272087382434,0.00334244852429399,0.00334244852429399
"6050",0.205461508366579,0.204324404637738,0.00113710372884102,0.00113710372884102
"60509",0.0684844366080614,0.0626435807061869,0.0058408559018745,0.0058408559018745
"6051",-0.305257527846702,-0.285642907304465,-0.019614620542237,0.019614620542237
"60526",-0.122188946811895,-0.0978559057562276,-0.0243330410556674,0.0243330410556674
"60528",-0.118955480512109,-0.0880879049385676,-0.0308675755735414,0.0308675755735414
"60558",-0.332799745813061,-0.29725512713107,-0.035544618681991,0.035544618681991
"60559",-0.9005550854162,-0.846134970124002,-0.054420115292198,0.054420115292198
"60560",-0.302404589289742,-0.27641775146341,-0.025986837826332,0.025986837826332
"60561",-0.18728439708703,-0.167695945924671,-0.019588451162359,0.019588451162359
"60592",0.289234273527345,0.290757811092076,-0.001523537564731,0.001523537564731
"60625",-0.0291536775178383,-0.00526741045098873,-0.0238862670668496,0.0238862670668496
"60626",-0.0156748852237028,-0.00723225471705878,-0.00844263050664402,0.00844263050664402
"60672",-0.1162417676677,-0.119154864450092,0.002913096782392,0.002913096782392
"60673",0.0853187547165451,0.0891798843831535,-0.0038611296666084,0.0038611296666084
"60676",-1.0616794170046,-0.966915330411679,-0.094764086592921,0.094764086592921
"60681",0.194448720628064,0.16524246795207,0.029206252675994,0.029206252675994
"60682",0.126809393533574,0.12710679938159,-0.000297405848015991,0.000297405848015991
"60684",0.207997121277187,0.193057434556723,0.014939686720464,0.014939686720464
"60685",-0.0239513555492508,-0.00151908212145036,-0.0224322734278004,0.0224322734278004
"60686",-0.134976749293953,-0.113218286437605,-0.021758462856348,0.021758462856348
"6091",-0.0836403078757196,-0.0956714299216496,0.01203112204593,0.01203112204593
"6093",0.304271741911243,0.262040915018897,0.042230826892346,0.042230826892346
"6095",0.570173585575438,0.508376923958276,0.0617966616171619,0.0617966616171619
"6100",-0.0725536333010291,-0.0632933413112024,-0.0092602919898267,0.0092602919898267
"6102",0.229774690935306,0.236816586873865,-0.007041895938559,0.007041895938559
"6103",0.15887212973579,0.129073208207687,0.029798921528103,0.029798921528103
"6117",-0.108081860829203,-0.116247691214845,0.008165830385642,0.008165830385642
"6118",-0.256818304651229,-0.250055258309376,-0.00676304634185299,0.00676304634185299
"6119",-0.222916244837558,-0.221032327011124,-0.00188391782643402,0.00188391782643402
"6120",0.108234893188765,0.122258962891865,-0.0140240697031,0.0140240697031
"6122",-0.149543071550462,-0.152033710955328,0.00249063940486599,0.00249063940486599
"6124",-0.27612611936099,-0.283609728148414,0.00748360878742399,0.00748360878742399
"6125",-0.101630357563994,-0.0999824274324039,-0.00164793013159009,0.00164793013159009
"613",-0.139051771436674,-0.144207088662013,0.00515531722533902,0.00515531722533902
"6132",-0.122550411034512,-0.110219922889674,-0.012330488144838,0.012330488144838
"6135",-0.185988871959029,-0.174017750854755,-0.011971121104274,0.011971121104274
"6137",-0.0642890921601553,-0.0640672512550164,-0.000221840905138895,0.000221840905138895
"6138",0.113107678857546,0.0871350575227282,0.0259726213348178,0.0259726213348178
"6146",-0.0787995184355588,-0.0978086432958012,0.0190091248602424,0.0190091248602424
"6150",-0.264012765449829,-0.257102362099595,-0.00691040335023396,0.00691040335023396
"6156",-0.0274082400700809,-0.023422020595568,-0.0039862194745129,0.0039862194745129
"6157",0.0333764213153803,0.020140916554546,0.0132355047608343,0.0132355047608343
"6158",-0.0341077362874782,-0.0572766387033682,0.02316890241589,0.02316890241589
"6160",-0.0375520458353301,-0.0194606920714501,-0.01809135376388,0.01809135376388
"6165",-0.101549515296859,-0.110885530405595,0.009336015108736,0.009336015108736
"6167",-0.19960163898355,-0.219901316140585,0.020299677157035,0.020299677157035
"6168",0.0216972347878846,0.0146536330347301,0.0070436017531545,0.0070436017531545
"6169",-0.0770657032332485,-0.079189382956229,0.0021236797229805,0.0021236797229805
"617",-0.480523017738267,-0.430991288288933,-0.049531729449334,0.049531729449334
"6181",-0.0377556612089019,-0.037351807492355,-0.000403853716546901,0.000403853716546901
"6182",0.0918669170335083,0.0586574980974974,0.0332094189360109,0.0332094189360109
"6183",-0.27431961430596,-0.240228344594542,-0.034091269711418,0.034091269711418
"6184",-0.293896536437551,-0.28789953478935,-0.00599700164820099,0.00599700164820099
"6185",-0.227643951038982,-0.200938865087835,-0.026705085951147,0.026705085951147
"6194",-0.0970860686651278,-0.108782892729912,0.0116968240647842,0.0116968240647842
"6196",0.806229975608088,0.773414912993411,0.0328150626146769,0.0328150626146769
"6197",0.17939056732321,0.199783753153363,-0.020393185830153,0.020393185830153
"6198",0.247763515237448,0.236766265539167,0.010997249698281,0.010997249698281
"6199",-0.0660332056497707,-0.0556497696250881,-0.0103834360246826,0.0103834360246826
"6205",-0.0281877391547078,-0.0311473769354835,0.0029596377807757,0.0029596377807757
"6208",0.00976182010458978,0.00541486159303994,0.00434695851154984,0.00434695851154984
"6217",-0.0442746972581522,-0.0439592404270892,-0.000315456831063002,0.000315456831063002
"6218",-0.175053156672221,-0.181149148369933,0.00609599169771202,0.00609599169771202
"6223",-0.0884878864441129,-0.092578640508039,0.0040907540639261,0.0040907540639261
"6224",0.0554945637218456,0.03685373240266,0.0186408313191856,0.0186408313191856
"6227",-0.13853720386492,-0.114408525742541,-0.024128678122379,0.024128678122379
"6228",0.731754489686611,0.668593314157997,0.063161175528614,0.063161175528614
"6229",-0.0972940187841725,-0.106907732471847,0.0096137136876745,0.0096137136876745
"6233",0.0268398576095525,0.00589354007507211,0.0209463175344804,0.0209463175344804
"6234",0.0131370608961864,-0.00357975453768446,0.0167168154338709,0.0167168154338709
"6235",-0.0598344244038253,-0.0816632096425664,0.0218287852387411,0.0218287852387411
"6236",-0.168051796323689,-0.123788851347232,-0.044262944976457,0.044262944976457
"6237",0.619987793065912,0.602659726072042,0.01732806699387,0.01732806699387
"6238",0.0235427461834192,0.0121977545280884,0.0113449916553308,0.0113449916553308
"6239",-0.275378990231272,-0.271828713138208,-0.00355027709306399,0.00355027709306399
"6240",-0.177428143930283,-0.176591191893688,-0.000836952036595007,0.000836952036595007
"6241",-0.746219247804652,-0.734383284340255,-0.011835963464397,0.011835963464397
"6242",-0.0678423234947689,-0.0878961269867075,0.0200538034919386,0.0200538034919386
"6249",0.11844462688762,0.110813480058827,0.007631146828793,0.007631146828793
"6251",0.116479970282988,0.0994746717252175,0.0170052985577705,0.0170052985577705
"6253",-0.00186420172150832,0.00440870865581289,-0.00627291037732121,0.00627291037732121
"6256",-0.0869561562678527,-0.10288386687137,0.0159277106035173,0.0159277106035173
"6257",0.172301239514493,0.182076976214593,-0.00977573670010001,0.00977573670010001
"6272",-0.0711544985764569,-0.0539211144262538,-0.0172333841502031,0.0172333841502031
"6275",0.71571089982831,0.658083258096935,0.057627641731375,0.057627641731375
"6277",-0.193182589107599,-0.198219041583238,0.005036452475639,0.005036452475639
"6279",0.996178326334723,1.05007384089905,-0.053895514564327,0.053895514564327
"6280",0.644658637355734,0.678019041300301,-0.033360403944567,0.033360403944567
"6281",0.0934549595217259,0.101649881741308,-0.0081949222195821,0.0081949222195821
"6282",-0.105216059239254,-0.114407926765631,0.00919186752637699,0.00919186752637699
"6286",-0.044402039340696,-0.0557057915713631,0.0113037522306671,0.0113037522306671
"629",1.19716804127148,1.20421101618253,-0.00704297491104988,0.00704297491104988
"6293",-0.121061486217906,-0.106616622618887,-0.014444863599019,0.014444863599019
"6294",-0.109241790667667,-0.0945621713105543,-0.0146796193571127,0.0146796193571127
"6301",-0.0644108910110588,-0.0559581726078987,-0.00845271840316011,0.00845271840316011
"6302",0.0493143294033129,0.0704627696560934,-0.0211484402527805,0.0211484402527805
"6303",0.162793213060246,0.176703715589363,-0.013910502529117,0.013910502529117
"63035",0.0452797682921626,0.0366163602894746,0.008663408002688,0.008663408002688
"6305",-0.0192397818037859,-0.0439396406135336,0.0246998588097477,0.0246998588097477
"6307",0.304791577998978,0.27433443502737,0.030457142971608,0.030457142971608
"6309",0.0755841756854942,0.0655317820826295,0.0100523936028647,0.0100523936028647
"6311",-0.0137642343277104,-0.0133192922838831,-0.000444942043827301,0.000444942043827301
"6319",-0.0267145718623114,-0.0391721441809425,0.0124575723186311,0.0124575723186311
"6320",-0.129541811829865,-0.108276945092112,-0.021264866737753,0.021264866737753
"6322",0.782644245228866,0.747109320903466,0.0355349243254,0.0355349243254
"633",0.749372670508871,0.742623190116417,0.00674948039245404,0.00674948039245404
"6338",-0.490634707575701,-0.433893958048623,-0.056740749527078,0.056740749527078
"634",0.0946446232139817,0.0484464507808966,0.0461981724330851,0.0461981724330851
"6341",-0.129010790648272,-0.125160581227968,-0.00385020942030401,0.00385020942030401
"6342",-0.0101293892654451,0.0105685588527194,-0.0206979481181645,0.0206979481181645
"6347",2.09979867290869,2.12365954752076,-0.0238608746120699,0.0238608746120699
"6352",-0.709949829418275,-0.704513610182237,-0.00543621923603799,0.00543621923603799
"637",0.742226238456281,0.726406289944721,0.01581994851156,0.01581994851156
"6376",0.0295095605515025,0.0113272013925973,0.0181823591589052,0.0181823591589052
"6382",-0.234911730257123,-0.242700209203392,0.007788478946269,0.007788478946269
"63826",0.495548765998783,0.482832201043433,0.01271656495535,0.01271656495535
"6383",0.729300318468941,0.748790941863983,-0.019490623395042,0.019490623395042
"6385",-0.397158031919373,-0.402876532244611,0.00571850032523802,0.00571850032523802
"6386",0.174017489358105,0.195913883360128,-0.021896394002023,0.021896394002023
"63874",-0.124308906828908,-0.0992541887852617,-0.0250547180436463,0.0250547180436463
"63875",0.00243391421649514,0.0224864957971633,-0.0200525815806682,0.0200525815806682
"63877",0.133776672435715,0.125066560220678,0.00871011221503701,0.00871011221503701
"6388",-0.301173444106601,-0.293198155481962,-0.00797528862463903,0.00797528862463903
"63891",-0.101595011460915,-0.0927526749209725,-0.0088423365399425,0.0088423365399425
"63892",-0.0320413694346515,-0.0457081746052436,0.0136668051705921,0.0136668051705921
"63893",-0.346000660811921,-0.347654073616452,0.00165341280453102,0.00165341280453102
"63894",-0.0535517092101116,-0.025265874846867,-0.0282858343632446,0.0282858343632446
"63897",-0.234004119920909,-0.209279431147399,-0.02472468877351,0.02472468877351
"63898",-0.579847762056675,-0.536598988729712,-0.043248773326963,0.043248773326963
"63899",0.0364002812654851,0.0480607427890527,-0.0116604615235676,0.0116604615235676
"6390",0.152639814084405,0.153678678207267,-0.001038864122862,0.001038864122862
"63901",0.840345956061311,0.76058728626798,0.079758669793331,0.079758669793331
"63905",0.0202264515355675,0.0227811770838746,-0.0025547255483071,0.0025547255483071
"63906",0.135378001516695,0.145634944439188,-0.010256942922493,0.010256942922493
"6391",-0.20521534839175,-0.192375255328787,-0.012840093062963,0.012840093062963
"63916",0.141621816158286,0.146765074609414,-0.00514325845112798,0.00514325845112798
"6392",0.108295687051152,0.113745934043045,-0.005450246991893,0.005450246991893
"63922",-0.431110264369193,-0.415911419082861,-0.015198845286332,0.015198845286332
"63925",0.0064336185232698,-0.0257330988527859,0.0321667173760557,0.0321667173760557
"63929",-0.0447849431825792,-0.0523022339861038,0.0075172908035246,0.0075172908035246
"63931",0.120820010732427,0.136342060033912,-0.015522049301485,0.015522049301485
"63932",-0.041000891876895,-0.0248587809515956,-0.0161421109252994,0.0161421109252994
"63935",0.0939880001468786,0.0906083637054693,0.00337963644140929,0.00337963644140929
"63940",0.823943160466606,0.768849652833381,0.055093507633225,0.055093507633225
"63943",-0.333711220040873,-0.351860249907395,0.018149029866522,0.018149029866522
"6396",-0.193025624810177,-0.175013539777109,-0.018012085033068,0.018012085033068
"6397",0.307145927929263,0.321538975875745,-0.014393047946482,0.014393047946482
"63979",-0.358321793951024,-0.329363843733799,-0.028957950217225,0.028957950217225
"6398",0.0617665368618376,0.0853723467149961,-0.0236058098531585,0.0236058098531585
"6399",-0.0898740375602895,-0.0875897651392487,-0.0022842724210408,0.0022842724210408
"6400",0.0366038253697766,0.0505986136919592,-0.0139947883221826,0.0139947883221826
"6405",0.673035451771904,0.602050975566875,0.070984476205029,0.070984476205029
"64062",-0.0343806821585217,-0.0332282590653251,-0.0011524230931966,0.0011524230931966
"64063",-0.552618639155574,-0.505920042637592,-0.0466985965179819,0.0466985965179819
"64065",-0.0588541911778139,-0.0994119755601128,0.0405577843822989,0.0405577843822989
"64073",0.143484770065205,0.138959629499409,0.004525140565796,0.004525140565796
"64077",0.0834786532335356,0.0598737426355216,0.023604910598014,0.023604910598014
"64081",0.000685476832962121,0.0022450404776532,-0.00155956364469108,0.00155956364469108
"64083",-0.0845211937082678,-0.0720440745519391,-0.0124771191563287,0.0124771191563287
"64087",-0.529990128886139,-0.514670217190358,-0.015319911695781,0.015319911695781
"64089",0.340664767101795,0.296825768154277,0.043838998947518,0.043838998947518
"64091",0.150754790145726,0.176908671609256,-0.02615388146353,0.02615388146353
"64093",0.540062424750515,0.510693214489972,0.0293692102605431,0.0293692102605431
"64094",0.409442649933994,0.400875066945675,0.008567582988319,0.008567582988319
"64097",-0.0365377675951199,-0.00634186720509628,-0.0301959003900236,0.0301959003900236
"64105",-0.0888505127504722,-0.0824419323172097,-0.00640858043326251,0.00640858043326251
"64110",-0.110463438636655,-0.0938573525766343,-0.0166060860600207,0.0166060860600207
"64112",0.175242059612772,0.178214988780639,-0.00297292916786698,0.00297292916786698
"64114",-0.111875614464355,-0.104285840504238,-0.00758977396011699,0.00758977396011699
"64116",-0.415186094667889,-0.418676664786611,0.00349057011872195,0.00349057011872195
"64118",-0.220230575367778,-0.217706852104402,-0.00252372326337599,0.00252372326337599
"64121",-0.102353669061394,-0.0841195317580112,-0.0182341373033828,0.0182341373033828
"64129",0.597262584376545,0.583902413988417,0.013360170388128,0.013360170388128
"64132",0.284358067553581,0.264171630414013,0.020186437139568,0.020186437139568
"64135",0.0504343597040587,0.072796632822038,-0.0223622731179793,0.0223622731179793
"6414",1.39312308677477,1.30451693545936,0.0886061513154099,0.0886061513154099
"64145",0.0764740054428446,0.0679434855614827,0.0085305198813619,0.0085305198813619
"64149",0.64747084864285,0.612376909950558,0.0350939386922919,0.0350939386922919
"6415",-0.247029555537265,-0.207889033577005,-0.03914052196026,0.03914052196026
"64151",-0.4827328015267,-0.491885616293717,0.00915281476701701,0.00915281476701701
"6416",0.194241553371612,0.19776229661469,-0.003520743243078,0.003520743243078
"64167",0.0416137355307998,0.0667946350265521,-0.0251808994957523,0.0251808994957523
"64172",-0.12560551837301,-0.105749772751739,-0.019855745621271,0.019855745621271
"64174",0.383164618980242,0.409899474262356,-0.026734855282114,0.026734855282114
"64175",0.0674510523773759,0.0624623075510879,0.00498874482628801,0.00498874482628801
"6418",0.00894740479332303,0.0101008857842009,-0.00115348099087787,0.00115348099087787
"6419",0.00886512877524155,0.00568866984362665,0.0031764589316149,0.0031764589316149
"642",-0.0686456241547185,-0.0564749596722844,-0.0121706644824341,0.0121706644824341
"64207",0.339771699260022,0.326724375470385,0.013047323789637,0.013047323789637
"6421",-0.121893035237417,-0.111015608418645,-0.010877426818772,0.010877426818772
"64210",-0.0585600992443412,-0.0596736941629249,0.0011135949185837,0.0011135949185837
"64215",0.0492413014843753,0.0411292740627124,0.0081120274216629,0.0081120274216629
"64216",-0.128490483209788,-0.119082253523041,-0.00940822968674701,0.00940822968674701
"64219",0.00719127466797528,0.0338919428092617,-0.0267006681412864,0.0267006681412864
"6422",0.320450019774151,0.311321486892997,0.00912853288115401,0.00912853288115401
"64220",-0.0769338374382342,-0.0755601480371456,-0.0013736894010886,0.0013736894010886
"64221",0.108564837828887,0.0912492703211694,0.0173155675077176,0.0173155675077176
"64222",0.470422815959467,0.469004647584766,0.00141816837470099,0.00141816837470099
"64223",0.0385437427199708,0.04647859056388,-0.0079348478439092,0.0079348478439092
"64224",0.0696385603550309,0.0749964620279773,-0.00535790167294641,0.00535790167294641
"64225",-0.461415851249414,-0.433202259409405,-0.028213591840009,0.028213591840009
"6426",-0.0453154588858782,-0.0428534714047927,-0.0024619874810855,0.0024619874810855
"6427",-0.0552980337538844,-0.0584310792357421,0.0031330454818577,0.0031330454818577
"6428",-0.102849303579336,-0.0783044739778713,-0.0245448296014647,0.0245448296014647
"64284",-0.329766577685369,-0.275822424011092,-0.053944153674277,0.053944153674277
"64285",0.193122779995171,0.221783130988086,-0.028660350992915,0.028660350992915
"6429",-0.00720400263008288,0.00331245592661436,-0.0105164585566972,0.0105164585566972
"6430",-0.305162165004802,-0.296289364422037,-0.00887280058276496,0.00887280058276496
"6431",-0.00320717866451368,-0.012621009613517,0.00941383094900332,0.00941383094900332
"64318",0.0234979441459751,0.0373149649890509,-0.0138170208430758,0.0138170208430758
"64320",-0.121914758955687,-0.105141576401538,-0.016773182554149,0.016773182554149
"64321",0.578739263292662,0.584069677798001,-0.005330414505339,0.005330414505339
"64324",-0.0510206325765737,-0.0533183381578878,0.0022977055813141,0.0022977055813141
"64326",0.0890930398688393,0.089991959209713,-0.000898919340873688,0.000898919340873688
"64327",-0.141043953468371,-0.125175837705083,-0.015868115763288,0.015868115763288
"64328",-0.0386847500516458,-0.0508419340986664,0.0121571840470206,0.0121571840470206
"6433",-0.172780741652365,-0.175096327376641,0.00231558572427598,0.00231558572427598
"6434",0.0954923291301325,0.106559201274472,-0.0110668721443395,0.0110668721443395
"64343",-0.0053648690665991,0.0145150707230868,-0.0198799397896859,0.0198799397896859
"64344",0.682042167693344,0.647379967884429,0.0346621998089151,0.0346621998089151
"64359",0.228229855430397,0.181859364810883,0.046370490619514,0.046370490619514
"64374",-0.252259500851859,-0.22503203928534,-0.027227461566519,0.027227461566519
"64376",0.057156647569229,0.073948197674347,-0.016791550105118,0.016791550105118
"64388",-0.70216066526854,-0.629989933654753,-0.0721707316137871,0.0721707316137871
"64395",-0.314389114539595,-0.2767749242703,-0.037614190269295,0.037614190269295
"64397",0.0808105119456736,0.0695603483481251,0.0112501635975485,0.0112501635975485
"64398",0.174793489192131,0.188034716544224,-0.013241227352093,0.013241227352093
"644",1.07730508698196,0.971194240337595,0.106110846644365,0.106110846644365
"64400",0.25773474654333,0.257470342943778,0.000264403599551988,0.000264403599551988
"64403",-0.0699619755361411,-0.0839202354654305,0.0139582599292894,0.0139582599292894
"64411",0.732368938624631,0.697105074641948,0.035263863982683,0.035263863982683
"64417",0.00653733737047758,0.0174637345203126,-0.010926397149835,0.010926397149835
"64418",0.124800421293402,0.13751138806354,-0.012710966770138,0.012710966770138
"64419",0.00424610287947801,0.00612022886012126,-0.00187412598064325,0.00187412598064325
"64420",0.283955534314761,0.302873231695474,-0.018917697380713,0.018917697380713
"64421",0.010375811171085,0.0118989203038281,-0.0015231091327431,0.0015231091327431
"64422",-0.192838964711573,-0.16565029321629,-0.027188671495283,0.027188671495283
"64423",-0.102406842121585,-0.111109861752574,0.00870301963098899,0.00870301963098899
"64425",-0.343866870975215,-0.332746604905015,-0.0111202660702,0.0111202660702
"64426",-0.108204922883235,-0.121225719953753,0.013020797070518,0.013020797070518
"64427",0.0388719093386322,0.0549741817919904,-0.0161022724533582,0.0161022724533582
"64428",0.00690469503640373,0.00710744321080981,-0.000202748174406081,0.000202748174406081
"64429",0.0473577289034308,0.0455308924307857,0.0018268364726451,0.0018268364726451
"6443",0.626815827585624,0.589532872163006,0.0372829554226181,0.0372829554226181
"64430",0.190336161814227,0.167117621914744,0.023218539899483,0.023218539899483
"64431",-0.133620078857854,-0.103640755274477,-0.029979323583377,0.029979323583377
"64432",-0.0995642692400358,-0.0866359715675892,-0.0129282976724466,0.0129282976724466
"6446",0.0103163475092097,0.00522168743897899,0.00509466007023071,0.00509466007023071
"64478",-0.0846126965994882,-0.0518647323853899,-0.0327479642140983,0.0327479642140983
"6448",0.0473335521481967,0.0337926380220616,0.0135409141261351,0.0135409141261351
"6449",0.734589976299375,0.654119954289949,0.080470022009426,0.080470022009426
"645",0.563748796722691,0.536999943203212,0.026748853519479,0.026748853519479
"6451",0.889245721050791,0.837458986569819,0.051786734480972,0.051786734480972
"6455",-0.13717773973804,-0.132955058047693,-0.00422268169034701,0.00422268169034701
"6457",-0.214619389851578,-0.234466963863515,0.019847574011937,0.019847574011937
"64599",-0.143544650607704,-0.136891109680099,-0.00665354092760501,0.00665354092760501
"64601",0.025755332566578,0.0335717585385678,-0.0078164259719898,0.0078164259719898
"6461",-0.0814418971010409,-0.0698517964478318,-0.0115901006532091,0.0115901006532091
"6464",0.0296908415335205,0.0269244722949992,0.0027663692385213,0.0027663692385213
"64645",0.401944697774602,0.402591289736263,-0.000646591961661003,0.000646591961661003
"64651",0.279815610045838,0.312091150531419,-0.032275540485581,0.032275540485581
"6468",0.0472454194254889,0.038059048210517,0.0091863712149719,0.0091863712149719
"64689",-0.128816998726808,-0.10587863850041,-0.022938360226398,0.022938360226398
"6470",0.132678610865044,0.137594220532775,-0.004915609667731,0.004915609667731
"64708",-0.0185321926222664,-0.0125022114999685,-0.0060299811222979,0.0060299811222979
"6472",-0.560566030724302,-0.494243947767608,-0.066322082956694,0.066322082956694
"64743",0.0990186105567854,0.0767233497143834,0.022295260842402,0.022295260842402
"64744",0.7289501301083,0.730463623186405,-0.001513493078105,0.001513493078105
"64745",-0.206387988952417,-0.195668061027158,-0.010719927925259,0.010719927925259
"64746",0.0169144549272768,0.0211676218776475,-0.0042531669503707,0.0042531669503707
"64747",0.332197765841153,0.349201717762795,-0.017003951921642,0.017003951921642
"64748",0.373852997590297,0.328036745792354,0.045816251797943,0.045816251797943
"64754",0.273448671366527,0.2765978751919,-0.00314920382537298,0.00314920382537298
"64755",-0.279784758883583,-0.260095196424809,-0.019689562458774,0.019689562458774
"64756",-0.072589180424075,-0.0651016670617581,-0.0074875133623169,0.0074875133623169
"64757",0.134167995038049,0.118150568610967,0.016017426427082,0.016017426427082
"64759",0.411039838396472,0.389225997859201,0.021813840537271,0.021813840537271
"64760",-0.0597647872613327,-0.064412196732867,0.0046474094715343,0.0046474094715343
"64761",0.344123647891341,0.346052648161404,-0.00192900027006304,0.00192900027006304
"64762",-0.346541797776397,-0.36391153989816,0.017369742121763,0.017369742121763
"64764",-0.0155207597383708,-0.0325913439753627,0.0170705842369919,0.0170705842369919
"64766",0.0597920070415877,0.0642090930933586,-0.00441708605177089,0.00441708605177089
"64768",-0.719661062570598,-0.652055593356767,-0.067605469213831,0.067605469213831
"6477",0.0194644429952522,0.0289044472951506,-0.0094400042998984,0.0094400042998984
"64771",0.167394715145918,0.130196382233988,0.03719833291193,0.03719833291193
"64773",0.395579191277519,0.372225738935831,0.023353452341688,0.023353452341688
"64777",-0.20851731846532,-0.17721857223753,-0.03129874622779,0.03129874622779
"64778",0.236334744894514,0.220864449565767,0.015470295328747,0.015470295328747
"6478",0.205635284709239,0.213431476998352,-0.00779619228911299,0.00779619228911299
"64780",-0.322325723034346,-0.316044211488132,-0.00628151154621398,0.00628151154621398
"64781",0.342006814620672,0.325663940520645,0.016342874100027,0.016342874100027
"64782",-0.594091563837449,-0.545955864559498,-0.048135699277951,0.048135699277951
"64783",-0.11008768660289,-0.0925230645816677,-0.0175646220212223,0.0175646220212223
"64784",0.0381286117109968,0.0404742092666601,-0.0023455975556633,0.0023455975556633
"64785",-0.0483307155192364,-0.0406462916664494,-0.007684423852787,0.007684423852787
"64786",0.103951970283057,0.116016182718029,-0.012064212434972,0.012064212434972
"64789",-0.204121207050877,-0.216106638849567,0.01198543179869,0.01198543179869
"64793",-0.972301608003596,-0.936943375292043,-0.035358232711553,0.035358232711553
"64794",-0.338523000682113,-0.298772158153306,-0.039750842528807,0.039750842528807
"64795",-0.163260237283796,-0.143308501584699,-0.019951735699097,0.019951735699097
"64798",-0.00537733708264455,-0.0115758411748558,0.00619850409221125,0.00619850409221125
"64801",0.208762199265934,0.205315544634701,0.003446654631233,0.003446654631233
"64802",-0.00431633681721813,0.0182880826606449,-0.022604419477863,0.022604419477863
"6482",-0.340729937503555,-0.331876945466973,-0.00885299203658202,0.00885299203658202
"64834",-0.0606453594475381,-0.0572360692818824,-0.0034092901656557,0.0034092901656557
"6484",-0.137125692869427,-0.136308076824292,-0.000817616045135,0.000817616045135
"64840",-1.94602693273152,-1.82697511291256,-0.11905181981896,0.11905181981896
"64841",-0.138898920927981,-0.154684724984396,0.015785804056415,0.015785804056415
"64844",0.0675747164283773,0.0766968062494495,-0.0091220898210722,0.0091220898210722
"64847",0.494984873451589,0.469066588503342,0.025918284948247,0.025918284948247
"64848",0.0621453664034109,0.0764960504567605,-0.0143506840533496,0.0143506840533496
"64849",0.50771745853991,0.48859023030045,0.01912722823946,0.01912722823946
"64852",-0.145232524594038,-0.137215060945243,-0.00801746364879499,0.00801746364879499
"64854",-0.208580244276858,-0.177634140669547,-0.030946103607311,0.030946103607311
"64855",0.117304564322404,0.0893969463830905,0.0279076179393135,0.0279076179393135
"64856",-0.168577227457937,-0.175633698447382,0.00705647098944501,0.00705647098944501
"64860",0.237648047604687,0.189079769306808,0.048568278297879,0.048568278297879
"64866",-0.846065330848076,-0.719413647046775,-0.126651683801301,0.126651683801301
"64895",0.0434266591104118,0.0567100026984312,-0.0132833435880194,0.0132833435880194
"64897",-0.0893329246565561,-0.0732429192303502,-0.0160900054262059,0.0160900054262059
"649",-0.0290556300283443,-0.00427687707118481,-0.0247787529571595,0.0247787529571595
"64921",-0.0951262515553774,-0.0822143458509249,-0.0129119057044525,0.0129119057044525
"64924",-0.336334174381432,-0.312293497471077,-0.024040676910355,0.024040676910355
"64928",-0.0468989595214524,-0.0292509332143085,-0.0176480263071439,0.0176480263071439
"6494",0.351064890954116,0.374871872102801,-0.023806981148685,0.023806981148685
"64943",0.176978573915558,0.174440639246765,0.00253793466879298,0.00253793466879298
"64946",-0.248018364548725,-0.230731565566601,-0.017286798982124,0.017286798982124
"64949",0.125015853154981,0.115220098326503,0.00979575482847801,0.00979575482847801
"64960",-0.12111843324404,-0.135396043975369,0.014277610731329,0.014277610731329
"64963",-0.065296426460536,-0.044240656687221,-0.021055769773315,0.021055769773315
"64965",-0.35543206184419,-0.368775085160788,0.013343023316598,0.013343023316598
"64968",0.175696102829206,0.169330823363457,0.006365279465749,0.006365279465749
"64969",0.00946707392789899,0.00332595618970815,0.00614111773819084,0.00614111773819084
"6497",-0.258298363828364,-0.254479785525349,-0.00381857830301502,0.00381857830301502
"64975",0.106762385030588,0.0890080434092898,0.0177543416212982,0.0177543416212982
"64976",-0.261221144289608,-0.256859122217525,-0.00436202207208303,0.00436202207208303
"64978",0.0121641753820027,0.0184718248171036,-0.0063076494351009,0.0063076494351009
"64979",0.0627641900434446,0.0866249635879641,-0.0238607735445195,0.0238607735445195
"6498",-0.235146389855017,-0.20299484189033,-0.032151547964687,0.032151547964687
"64981",-0.701489511429429,-0.621077767473482,-0.080411743955947,0.080411743955947
"64983",-0.0456084719213748,-0.0310803997696963,-0.0145280721516785,0.0145280721516785
"6499",-0.112918798600939,-0.119131105869865,0.00621230726892601,0.00621230726892601
"6500",-0.219335946577494,-0.201994899295378,-0.017341047282116,0.017341047282116
"65003",-0.175543279995519,-0.166214082671608,-0.00932919732391099,0.00932919732391099
"65005",-0.22992028426118,-0.204748566842753,-0.025171717418427,0.025171717418427
"65008",0.00100480451418671,0.0175794218293481,-0.0165746173151614,0.0165746173151614
"65010",-0.839071964114929,-0.803433205968576,-0.035638758146353,0.035638758146353
"65018",0.680014607554809,0.625479200055165,0.054535407499644,0.054535407499644
"6502",0.0657679548954627,0.0643337263793847,0.001434228516078,0.001434228516078
"6503",0.672319309339234,0.637204824625761,0.035114484713473,0.035114484713473
"65055",-0.795669074271032,-0.725669772454164,-0.069999301816868,0.069999301816868
"65056",-0.0483902728364819,-0.0380940215574623,-0.0102962512790196,0.0102962512790196
"6506",-0.369061493029007,-0.346247445483906,-0.022814047545101,0.022814047545101
"65062",0.129351956838344,0.11779663560765,0.011555321230694,0.011555321230694
"6507",0.0299090514782324,0.0312569848610581,-0.0013479333828257,0.0013479333828257
"65078",-0.172781077689098,-0.199724106934972,0.026943029245874,0.026943029245874
"65080",-0.174718731287246,-0.160652817902587,-0.014065913384659,0.014065913384659
"65082",-0.370553778381494,-0.33131776299258,-0.039236015388914,0.039236015388914
"65083",-0.216194737791529,-0.193054005834157,-0.023140731957372,0.023140731957372
"65084",0.359921212672472,0.386317478183831,-0.026396265511359,0.026396265511359
"65094",-0.0694094898085208,-0.0619720253168571,-0.00743746449166369,0.00743746449166369
"65095",0.129874284718811,0.118699044011374,0.011175240707437,0.011175240707437
"6510",0.264405727596981,0.259839500992992,0.00456622660398898,0.00456622660398898
"65108",0.209328028116693,0.197609927100277,0.011718101016416,0.011718101016416
"65109",-0.169529261408479,-0.157394853538712,-0.012134407869767,0.012134407869767
"65110",-0.0079740341090691,-0.0190088049182771,0.011034770809208,0.011034770809208
"65117",0.0828300252469893,0.0928301171807321,-0.0100000919337428,0.0100000919337428
"65123",-0.228003955739843,-0.241999285823377,0.013995330083534,0.013995330083534
"65124",0.323009312208272,0.305617022656744,0.017392289551528,0.017392289551528
"65125",0.129894870444553,0.118437415558163,0.01145745488639,0.01145745488639
"6513",0.0747323167919592,0.0795483315571015,-0.0048160147651423,0.0048160147651423
"6515",-0.733940392036209,-0.730619385274662,-0.00332100676154701,0.00332100676154701
"6518",-0.405114527737226,-0.384392148015465,-0.020722379721761,0.020722379721761
"6520",-0.330616356006009,-0.324794460945037,-0.00582189506097203,0.00582189506097203
"6522",0.314058590152606,0.2885490291756,0.025509560977006,0.025509560977006
"65220",0.109446819794279,0.132225478142295,-0.022778658348016,0.022778658348016
"65250",0.319891787209796,0.283137453650232,0.036754333559564,0.036754333559564
"65251",0.149206315522808,0.169420282353245,-0.020213966830437,0.020213966830437
"65258",0.117103046163032,0.0926136886837719,0.0244893574792601,0.0244893574792601
"65260",-0.422630372210029,-0.387591562439599,-0.03503880977043,0.03503880977043
"65264",-0.0187746103787088,-0.00657696660588573,-0.0121976437728231,0.0121976437728231
"65265",-0.0353164507608988,0.00211488580460813,-0.0374313365655069,0.0374313365655069
"653",1.74188911163462,1.76175300428956,-0.0198638926549399,0.0198638926549399
"6530",-0.196871286179715,-0.16280479582389,-0.034066490355825,0.034066490355825
"6532",0.645685901284503,0.594505508260385,0.051180393024118,0.051180393024118
"6535",-0.701779117460699,-0.733662405449493,0.031883287988794,0.031883287988794
"6542",-0.569760141596506,-0.578394539123348,0.00863439752684203,0.00863439752684203
"6545",0.413363567732508,0.368856494785441,0.044507072947067,0.044507072947067
"6548",-0.0630655314196937,-0.0968360430338019,0.0337705116141082,0.0337705116141082
"655",0.0293222785227806,0.031250011210222,-0.0019277326874414,0.0019277326874414
"6556",-1.04635459207709,-0.977873437201497,-0.068481154875593,0.068481154875593
"656",0.226291544288679,0.204844547228551,0.021446997060128,0.021446997060128
"6560",0.0405619137237735,0.0490756919102815,-0.008513778186508,0.008513778186508
"6567",0.46630661409433,0.490150153831612,-0.023843539737282,0.023843539737282
"657",0.386124547097344,0.350274917214932,0.035849629882412,0.035849629882412
"6573",0.173412874127104,0.167359068029206,0.00605380609789799,0.00605380609789799
"6574",0.401632343189932,0.38647120591879,0.015161137271142,0.015161137271142
"6575",-0.23894060480025,-0.230110801658876,-0.00882980314137399,0.00882980314137399
"6576",0.113588647930686,0.0901132035551002,0.0234754443755858,0.0234754443755858
"6578",0.853566462167299,0.731882798286816,0.121683663880483,0.121683663880483
"6581",1.1249960106482,1.12347957140303,0.00151643924517009,0.00151643924517009
"6583",-0.230509164075287,-0.225972672095815,-0.00453649197947198,0.00453649197947198
"6584",-0.0546659746191901,-0.0684917397959208,0.0138257651767307,0.0138257651767307
"6586",0.792605774989189,0.744978287236562,0.047627487752627,0.047627487752627
"659",0.2611470868098,0.247615957815894,0.013531128993906,0.013531128993906
"6591",0.488905163210798,0.47980092085056,0.00910424236023805,0.00910424236023805
"6594",0.439033675518134,0.419060867460474,0.01997280805766,0.01997280805766
"6595",0.129512744699907,0.117770411873113,0.011742332826794,0.011742332826794
"6597",-0.122157966458179,-0.133178901436203,0.011020934978024,0.011020934978024
"65977",0.0193402193545902,0.0548414823256671,-0.0355012629710769,0.0355012629710769
"65979",-0.0237164340947133,-0.0214758027234443,-0.002240631371269,0.002240631371269
"6598",0.110360590149311,0.0912949159661496,0.0190656741831614,0.0190656741831614
"65980",-0.0768499383480633,-0.0790511569814993,0.00220121863343599,0.00220121863343599
"65981",0.232091965424564,0.219123671099746,0.012968294324818,0.012968294324818
"65982",0.375849587380398,0.356826290132548,0.01902329724785,0.01902329724785
"65983",0.00640759796177337,0.000334645197824619,0.00607295276394875,0.00607295276394875
"65985",-0.0470215220827634,-0.04747062741506,0.000449105332296598,0.000449105332296598
"65986",-0.373769848064281,-0.329928495900765,-0.043841352163516,0.043841352163516
"6599",-0.0997094854369365,-0.128813999551,0.0291045141140635,0.0291045141140635
"65990",0.148142962514567,0.150468742803098,-0.002325780288531,0.002325780288531
"65992",-0.250689798559725,-0.235258435330948,-0.015431363228777,0.015431363228777
"65993",-0.0829872301610473,-0.0613067219693135,-0.0216805081917338,0.0216805081917338
"65997",0.066231901021437,0.0535872396432263,0.0126446613782107,0.0126446613782107
"65999",-0.501095197615539,-0.443516142040001,-0.057579055575538,0.057579055575538
"66000",0.659252657481016,0.689437166247336,-0.03018450876632,0.03018450876632
"66008",0.481651047342628,0.468400037934296,0.013251009408332,0.013251009408332
"6601",0.179038736321957,0.167228017682386,0.011810718639571,0.011810718639571
"66035",-0.334937380724787,-0.28325322708461,-0.051684153640177,0.051684153640177
"66036",0.0672149977948139,0.0646935517611559,0.00252144603365799,0.00252144603365799
"6604",-0.141457011272789,-0.177135259651455,0.035678248378666,0.035678248378666
"6605",0.149531798089903,0.137861281458422,0.011670516631481,0.011670516631481
"6608",0.1233458988325,0.0963546323145018,0.0269912665179982,0.0269912665179982
"6609",-0.0290978141084672,0.000943666797471967,-0.0300414809059392,0.0300414809059392
"661",-0.222845268554737,-0.192662674926446,-0.030182593628291,0.030182593628291
"6610",-0.235819032799562,-0.241210229636095,0.005391196836533,0.005391196836533
"6612",0.25562280185069,0.256768940916532,-0.00114613906584204,0.00114613906584204
"6613",0.188700083555088,0.141471457034776,0.047228626520312,0.047228626520312
"6617",0.0605688107800143,0.0490309637174548,0.0115378470625595,0.0115378470625595
"6618",0.0795847890461731,0.0751501023463924,0.0044346866997807,0.0044346866997807
"662",-0.335711009559633,-0.297395959404472,-0.038315050155161,0.038315050155161
"6621",-0.0798642224132609,-0.0875450162730976,0.00768079385983671,0.00768079385983671
"6622",0.914225767755483,0.851025781434403,0.06319998632108,0.06319998632108
"6624",0.51759847606252,0.500720387703232,0.0168780883592879,0.0168780883592879
"6625",-0.177397699229064,-0.178261321409074,0.000863622180009987,0.000863622180009987
"6626",-0.388283419711265,-0.380895002282252,-0.00738841742901303,0.00738841742901303
"6628",-0.156729992759369,-0.138438539656951,-0.018291453102418,0.018291453102418
"6629",-0.167272956451369,-0.160293525025778,-0.00697943142559099,0.00697943142559099
"663",0.00439087699779115,0.017164321446246,-0.0127734444484549,0.0127734444484549
"6631",0.0311775943968505,0.0282017599855652,0.0029758344112853,0.0029758344112853
"6632",-0.0153160393515838,0.00454754082657197,-0.0198635801781558,0.0198635801781558
"6633",-0.122720662546209,-0.141814565209632,0.019093902663423,0.019093902663423
"6634",-0.143199417658031,-0.120293087350607,-0.022906330307424,0.022906330307424
"6635",0.247760409554227,0.221632760675057,0.02612764887917,0.02612764887917
"6636",-0.0137589379319969,-0.0199764563831414,0.0062175184511445,0.0062175184511445
"664",-0.348937388288418,-0.348423689387201,-0.000513698901217052,0.000513698901217052
"6642",0.155980051451588,0.171529186140105,-0.015549134688517,0.015549134688517
"6643",0.147584355340558,0.151657973582737,-0.004073618242179,0.004073618242179
"6645",0.220343607056005,0.197600728059402,0.022742878996603,0.022742878996603
"6646",-0.0309018554353239,-0.0253229488468702,-0.0055789065884537,0.0055789065884537
"6647",0.349103085837249,0.328101057073589,0.02100202876366,0.02100202876366
"6648",-0.133102538313453,-0.132967035165165,-0.000135503148288002,0.000135503148288002
"665",0.371793954041189,0.367323118264694,0.00447083577649499,0.00447083577649499
"6651",0.196994818515229,0.188788809537773,0.00820600897745599,0.00820600897745599
"6654",0.0154153100516307,0.0664794366515749,-0.0510641265999442,0.0510641265999442
"6659",-0.361721473638924,-0.373699862314334,0.01197838867541,0.01197838867541
"666",-0.154303133420085,-0.186626376233894,0.032323242813809,0.032323242813809
"6667",0.102389365285992,0.10562627979883,-0.003236914512838,0.003236914512838
"6668",0.106896367967806,0.120688735421718,-0.013792367453912,0.013792367453912
"667",0.188590093992136,0.12585248796712,0.062737606025016,0.062737606025016
"6670",0.0240122407555775,0.0239390090952817,7.32316602958007e-05,7.32316602958007e-05
"6672",0.453631929649077,0.434862884969032,0.018769044680045,0.018769044680045
"6676",-0.963830624222703,-0.94571957967624,-0.0181110445464631,0.0181110445464631
"6678",0.812376374315953,0.769051511896716,0.0433248624192371,0.0433248624192371
"6683",-0.140265418673932,-0.11951948707043,-0.020745931603502,0.020745931603502
"6687",-0.0266918781330848,-0.0314326189930397,0.0047407408599549,0.0047407408599549
"669",0.160178387611767,0.161406445507048,-0.00122805789528099,0.00122805789528099
"6692",0.0641491203227406,0.044419203518826,0.0197299168039146,0.0197299168039146
"6693",0.150432917375279,0.0964826209621462,0.0539502964131328,0.0539502964131328
"6696",1.72393757635664,1.45686803980631,0.26706953655033,0.26706953655033
"6697",0.00259584246419279,-0.0534575770679083,0.0560534195321011,0.0560534195321011
"6698",-0.124038075596449,-0.116626412422957,-0.007411663173492,0.007411663173492
"670",-0.176047341902037,-0.176930193334526,0.000882851432489007,0.000882851432489007
"6708",-0.55709840871942,-0.473117707502661,-0.0839807012167589,0.0839807012167589
"6709",0.331138834406336,0.306044664193713,0.025094170212623,0.025094170212623
"6711",0.277923468364241,0.265652936077155,0.012270532287086,0.012270532287086
"6713",-0.105822002724922,-0.0797583463759754,-0.0260636563489466,0.0260636563489466
"6717",-0.0130355167663652,-0.0341659559160609,0.0211304391496957,0.0211304391496957
"672",-0.139755031482794,-0.127593776460383,-0.012161255022411,0.012161255022411
"6720",-0.205720524016823,-0.18739588371751,-0.018324640299313,0.018324640299313
"6721",-0.13901748117831,-0.140351508895318,0.001334027717008,0.001334027717008
"6722",-0.159324809703062,-0.173210939864057,0.013886130160995,0.013886130160995
"6723",-0.318963849119257,-0.305525682819546,-0.013438166299711,0.013438166299711
"6726",0.0167565327071985,0.0213728545924121,-0.0046163218852136,0.0046163218852136
"6727",-0.0515733938645841,-0.0314841878652634,-0.0200892059993207,0.0200892059993207
"6728",-0.450427395485761,-0.412824385111736,-0.037603010374025,0.037603010374025
"6729",-0.113937084944192,-0.115196937004019,0.00125985205982701,0.00125985205982701
"673",-0.412622151649963,-0.394843534837153,-0.01777861681281,0.01777861681281
"6730",-0.0963670816230837,-0.0802327841048017,-0.016134297518282,0.016134297518282
"6731",-0.203964476004033,-0.189372203267968,-0.014592272736065,0.014592272736065
"6732",-0.189695438837042,-0.183868843208798,-0.005826595628244,0.005826595628244
"6733",0.224872230541686,0.201027586484721,0.023844644056965,0.023844644056965
"6734",-0.494704802133754,-0.467102171544917,-0.027602630588837,0.027602630588837
"6737",-0.248132320232522,-0.221257909771689,-0.026874410460833,0.026874410460833
"6738",0.13006886844232,0.112283681774618,0.017785186667702,0.017785186667702
"6741",-0.0758118304501937,-0.0611558232000837,-0.01465600725011,0.01465600725011
"6742",0.0118415302983907,0.00951777626716617,0.00232375403122453,0.00232375403122453
"6744",-0.421781633624206,-0.393072817962732,-0.028708815661474,0.028708815661474
"6745",-0.166202518406637,-0.169091089362584,0.002888570955947,0.002888570955947
"6746",-0.40997130192912,-0.361087247419935,-0.048884054509185,0.048884054509185
"6747",-0.335900684869958,-0.326536247025556,-0.009364437844402,0.009364437844402
"6748",-0.114592539556739,-0.129456977612755,0.014864438056016,0.014864438056016
"6749",-0.157714594386371,-0.132711538494523,-0.025003055891848,0.025003055891848
"6760",0.238324706345469,0.24643359320199,-0.00810888685652097,0.00810888685652097
"6764",0.637432858687358,0.578167457672156,0.0592654010152019,0.0592654010152019
"6767",0.185707764200907,0.178996264555403,0.00671149964550402,0.00671149964550402
"6768",-0.19629208347942,-0.210918977965341,0.014626894485921,0.014626894485921
"677",0.272230468614132,0.289498908255347,-0.017268439641215,0.017268439641215
"6772",-0.073476077906693,-0.071003412612005,-0.002472665294688,0.002472665294688
"6773",-0.176497362018854,-0.15287223607709,-0.023625125941764,0.023625125941764
"6774",0.35812596173594,0.353815086828375,0.00431087490756504,0.00431087490756504
"6775",1.25486907404419,1.11266221765553,0.14220685638866,0.14220685638866
"6776",0.251368356964944,0.269025189740596,-0.0176568327756521,0.0176568327756521
"6777",0.254520592936542,0.271808527618087,-0.017287934681545,0.017287934681545
"6778",0.229576682738311,0.206962363744774,0.022614318993537,0.022614318993537
"678",-0.319635657146465,-0.318407504392287,-0.00122815275417804,0.00122815275417804
"6780",-0.000349483285683855,-0.0139833430801678,0.0136338597944839,0.0136338597944839
"6782",-0.669236748543939,-0.60814601584271,-0.061090732701229,0.061090732701229
"6786",0.169470468663668,0.154538234228121,0.014932234435547,0.014932234435547
"6788",0.0648891056605693,0.059688660048121,0.0052004456124483,0.0052004456124483
"6789",0.0332347641728942,0.032655912443221,0.000578851729673202,0.000578851729673202
"6790",-0.428754247284698,-0.436157212637709,0.00740296535301099,0.00740296535301099
"6799",0.704794608790984,0.686709806199544,0.01808480259144,0.01808480259144
"6804",-0.00859380988426369,-0.0140581136106802,0.00546430372641651,0.00546430372641651
"6809",-0.232804810786535,-0.201453614923851,-0.031351195862684,0.031351195862684
"6810",0.188856826832516,0.216746525280652,-0.027889698448136,0.027889698448136
"6811",-0.165550769086746,-0.151395125702218,-0.014155643384528,0.014155643384528
"6812",0.255959389309029,0.249144938739965,0.00681445056906402,0.00681445056906402
"6813",-0.0679582271829304,-0.0567201949458292,-0.0112380322371012,0.0112380322371012
"6814",-0.0577208983313249,-0.0498989202476002,-0.0078219780837247,0.0078219780837247
"682",0.100106151747483,0.104976267317203,-0.00487011556972,0.00487011556972
"6821",-0.372699219778823,-0.377736932740013,0.00503771296119004,0.00503771296119004
"6827",0.0980340119505879,0.100343711759414,-0.0023096998088261,0.0023096998088261
"6829",-0.294424956433217,-0.290974052869487,-0.00345090356372996,0.00345090356372996
"683",0.202501687869379,0.200005444662214,0.00249624320716499,0.00249624320716499
"6830",-0.147280830822656,-0.153396950507167,0.00611611968451101,0.00611611968451101
"6832",-0.238000880455365,-0.222531335533505,-0.01546954492186,0.01546954492186
"6834",-0.240820622619034,-0.205219718602916,-0.035600904016118,0.035600904016118
"6835",-0.103934411874171,-0.124716947680381,0.02078253580621,0.02078253580621
"6836",-0.21888059163204,-0.189008682174556,-0.029871909457484,0.029871909457484
"6837",0.0338478253153695,0.0228635484673652,0.0109842768480043,0.0109842768480043
"6839",-0.373934683243007,-0.383592931308059,0.009658248065052,0.009658248065052
"684",0.990008828704449,1.00894420077802,-0.0189353720735711,0.0189353720735711
"6840",0.240525230871759,0.234966895002942,0.00555833586881702,0.00555833586881702
"6844",0.123145168404569,0.0736347852741993,0.0495103831303697,0.0495103831303697
"6845",0.237033444776075,0.242977429435925,-0.00594398465985002,0.00594398465985002
"6856",0.268250910357894,0.269886384824964,-0.00163547446707002,0.00163547446707002
"6857",0.234082585162712,0.247077928882646,-0.012995343719934,0.012995343719934
"686",-0.365858712668889,-0.327214127297343,-0.038644585371546,0.038644585371546
"6866",0.905767751159883,0.934351147786035,-0.0285833966261521,0.0285833966261521
"6867",0.419427217144811,0.393374299645878,0.026052917498933,0.026052917498933
"6868",-0.0792122262940379,-0.0721713173331555,-0.0070409089608824,0.0070409089608824
"687",0.805958448106202,0.766770791709274,0.039187656396928,0.039187656396928
"6871",-0.307071575526637,-0.269106134813732,-0.037965440712905,0.037965440712905
"6873",-0.0826138838957404,-0.0769361030126028,-0.0056777808831376,0.0056777808831376
"6876",0.270241871880805,0.263813072597909,0.00642879928289602,0.00642879928289602
"6877",-0.163728131538882,-0.153114750929101,-0.010613380609781,0.010613380609781
"6878",-0.0983155204450876,-0.111269071088031,0.0129535506429434,0.0129535506429434
"6879",0.110010381037852,0.141069472093096,-0.031059091055244,0.031059091055244
"688",0.0149561191379183,-0.0439251017394031,0.0588812208773214,0.0588812208773214
"6881",-0.0485907280110063,-0.0509672535994896,0.0023765255884833,0.0023765255884833
"6883",-0.0852041276772269,-0.0553629547911623,-0.0298411728860646,0.0298411728860646
"6885",0.0301118616837764,0.0335037710550658,-0.0033919093712894,0.0033919093712894
"6888",-0.141815111307321,-0.146086066207725,0.00427095490040399,0.00427095490040399
"689",-0.00731906087497388,0.00111902202752116,-0.00843808290249504,0.00843808290249504
"6890",-0.0957651401485453,-0.119181585306339,0.0234164451577937,0.0234164451577937
"6892",0.21341287037313,0.188751512271927,0.024661358101203,0.024661358101203
"6894",-0.334348724219889,-0.321173431568341,-0.013175292651548,0.013175292651548
"6895",-0.148593667075998,-0.132125365290535,-0.016468301785463,0.016468301785463
"6897",-0.0849083916809591,-0.057927099498076,-0.0269812921828831,0.0269812921828831
"6901",0.0576255091252585,0.0444211358086387,0.0132043733166198,0.0132043733166198
"6902",0.0149976048159888,0.00910140706969874,0.00589619774629006,0.00589619774629006
"6903",-0.0670655794163727,-0.0425858185110793,-0.0244797609052934,0.0244797609052934
"6904",-0.203264010233734,-0.20110253292822,-0.002161477305514,0.002161477305514
"6905",-0.0836753152138777,-0.054194638337453,-0.0294806768764247,0.0294806768764247
"6907",-0.143389897308725,-0.16333232220232,0.019942424893595,0.019942424893595
"6908",0.000606881390671291,0.0089824467267831,-0.00837556533611181,0.00837556533611181
"6909",1.07263722520705,1.05044941724311,0.0221878079639399,0.0221878079639399
"6919",0.368072255977145,0.352627834988214,0.015444420988931,0.015444420988931
"6920",0.081417305050534,0.0427975531866394,0.0386197518638946,0.0386197518638946
"6921",-0.0465736974353239,-0.0423247154024292,-0.0042489820328947,0.0042489820328947
"6923",-0.046089339890209,-0.0251672285248782,-0.0209221113653308,0.0209221113653308
"6924",-0.431423815489787,-0.402558062131211,-0.028865753358576,0.028865753358576
"6925",1.08360071915613,1.04935180236505,0.03424891679108,0.03424891679108
"6926",0.112638990810866,0.134311450510236,-0.02167245969937,0.02167245969937
"6934",-0.257936875727089,-0.273113198669373,0.015176322942284,0.015176322942284
"6938",-0.0747574337311374,-0.079855729939524,0.0050982962083866,0.0050982962083866
"6939",0.349492864519863,0.352026542713381,-0.00253367819351802,0.00253367819351802
"694",-0.191147669361496,-0.166771109352766,-0.02437656000873,0.02437656000873
"6940",-0.110896572094864,-0.10760415556056,-0.00329241653430401,0.00329241653430401
"6942",0.00733513827513909,-0.00109192804434042,0.00842706631947951,0.00842706631947951
"6943",1.60519773317199,1.63206535576871,-0.0268676225967199,0.0268676225967199
"6944",-0.476993081742849,-0.44423762074439,-0.032755460998459,0.032755460998459
"6945",-0.304355636872588,-0.25020790406091,-0.054147732811678,0.054147732811678
"6950",-0.0987469709228541,-0.106143448662666,0.0073964777398119,0.0073964777398119
"6988",0.10161504912641,0.0989878825121206,0.00262716661428941,0.00262716661428941
"699",-0.246733078110852,-0.234377720983595,-0.012355357127257,0.012355357127257
"6990",0.131827429404155,0.112603678220969,0.019223751183186,0.019223751183186
"6992",-0.041244276750209,-0.0519029198270333,0.0106586430768243,0.0106586430768243
"6993",0.0248555612601107,0.0278761210810097,-0.003020559820899,0.003020559820899
"7004",-0.331780098484525,-0.327132049369887,-0.00464804911463801,0.00464804911463801
"7005",-0.036963348500713,-0.0535990298036269,0.0166356813029139,0.0166356813029139
"7009",-0.221911798214745,-0.210258394406087,-0.011653403808658,0.011653403808658
"7010",0.744755138726586,0.707660334183039,0.0370948045435471,0.0370948045435471
"7013",0.0124628567343015,0.00347714808155394,0.00898570865274756,0.00898570865274756
"7014",0.242470291761085,0.228843999533631,0.013626292227454,0.013626292227454
"7016",0.0870268343147139,0.0581208775088597,0.0289059568058542,0.0289059568058542
"7020",-0.164062250755723,-0.170205642247251,0.00614339149152798,0.00614339149152798
"7022",-0.00986956866981271,-0.0120667809454246,0.00219721227561189,0.00219721227561189
"7024",-0.00833278625621679,0.0128674146338732,-0.02120020089009,0.02120020089009
"7025",1.26297302949148,1.19369509042224,0.06927793906924,0.06927793906924
"7026",0.341510688693046,0.309886261432502,0.031624427260544,0.031624427260544
"7027",-0.336296850405309,-0.309356672349641,-0.026940178055668,0.026940178055668
"7029",0.0106391367506042,-0.00473172061826496,0.0153708573688692,0.0153708573688692
"7030",0.137028004220172,0.136801236491893,0.000226767728279009,0.000226767728279009
"7035",-0.697542636767267,-0.70135118238,0.00380854561273303,0.00380854561273303
"7037",0.487123137850804,0.485477376799968,0.00164576105083603,0.00164576105083603
"7041",0.68166827597311,0.649318947964236,0.032349328008874,0.032349328008874
"7043",0.986990964868221,0.914939836716497,0.072051128151724,0.072051128151724
"7045",1.00010013078035,0.978436635223156,0.021663495557194,0.021663495557194
"7049",0.152110013613306,0.158128616210136,-0.00601860259682999,0.00601860259682999
"705",-0.308413023886152,-0.260217037988792,-0.04819598589736,0.04819598589736
"7050",-0.251788150886555,-0.238186422012466,-0.013601728874089,0.013601728874089
"7052",-0.023923468815708,-0.0361293069322519,0.0122058381165439,0.0122058381165439
"7056",-0.375352345950546,-0.297064275749583,-0.078288070200963,0.078288070200963
"7057",0.86143739208013,0.825777215292759,0.035660176787371,0.035660176787371
"7059",0.133438958452311,0.128639310360019,0.004799648092292,0.004799648092292
"706",0.493774015004074,0.467467730899962,0.026306284104112,0.026306284104112
"7064",-0.328533431447986,-0.325355510317842,-0.00317792113014403,0.00317792113014403
"7070",0.458025876059284,0.451617903663076,0.00640797239620799,0.00640797239620799
"7071",0.356833909881429,0.378505637672042,-0.021671727790613,0.021671727790613
"7072",-0.0825278596355135,-0.0715577362662798,-0.0109701233692337,0.0109701233692337
"7073",-0.132980431876518,-0.119364317459876,-0.013616114416642,0.013616114416642
"7074",-0.179318772032708,-0.211116564976272,0.031797792943564,0.031797792943564
"7075",0.715467042467681,0.726986974638421,-0.01151993217074,0.01151993217074
"7076",0.559741932188489,0.548256121613779,0.01148581057471,0.01148581057471
"7077",0.231722743675433,0.218763416751318,0.012959326924115,0.012959326924115
"7078",0.474600011414945,0.442815866835742,0.031784144579203,0.031784144579203
"708",-0.20241303981308,-0.176478834119469,-0.025934205693611,0.025934205693611
"7082",0.530342097650472,0.534080291543783,-0.00373819389331098,0.00373819389331098
"7083",-0.141644453555129,-0.142758813205051,0.00111435964992199,0.00111435964992199
"7084",0.0929237277152749,0.0982220885436092,-0.00529836082833429,0.00529836082833429
"7086",-0.090931250903256,-0.106865151737865,0.015933900834609,0.015933900834609
"7088",0.0036990288347129,-0.0175211265683648,0.0212201554030777,0.0212201554030777
"7089",-0.0651196920002377,-0.0936599603628511,0.0285402683626134,0.0285402683626134
"7090",-0.425188139644629,-0.382759564206452,-0.042428575438177,0.042428575438177
"7091",0.385621175078001,0.385024035176039,0.000597139901961974,0.000597139901961974
"7094",0.0450325380126093,0.032464920289415,0.0125676177231943,0.0125676177231943
"7095",0.160144960494088,0.141229062068158,0.01891589842593,0.01891589842593
"7098",0.387502987050726,0.330264487972982,0.057238499077744,0.057238499077744
"71",-0.0628674282661686,-0.0757620622229941,0.0128946339568255,0.0128946339568255
"710",0.158087703038465,0.153634924167028,0.004452778871437,0.004452778871437
"7100",-0.0642077844259173,-0.0396395555356207,-0.0245682288902966,0.0245682288902966
"7105",0.325320199790907,0.326429174432936,-0.00110897464202903,0.00110897464202903
"7106",0.761542436987439,0.761612781229394,-7.03442419550671e-05,7.03442419550671e-05
"7107",0.338838689913413,0.357572066343948,-0.018733376430535,0.018733376430535
"7108",-0.0289056468310185,-0.0367725036350145,0.007866856803996,0.007866856803996
"7110",-0.308957584803195,-0.278718149738858,-0.030239435064337,0.030239435064337
"7113",-1.27995322079974,-1.18509990867044,-0.0948533121293,0.0948533121293
"712",1.42072776477778,1.44390749769626,-0.02317973291848,0.02317973291848
"7122",0.212062550497992,0.203448804031441,0.008613746466551,0.008613746466551
"7123",2.41895015215329,2.40746164190079,0.0114885102525002,0.0114885102525002
"7126",0.372131914162301,0.366306171581695,0.00582574258060603,0.00582574258060603
"7127",0.0828971920800464,0.098926920239259,-0.0160297281592126,0.0160297281592126
"7128",0.187620915009954,0.196959969193827,-0.00933905418387299,0.00933905418387299
"713",2.19940942142239,2.12696603703508,0.0724433843873102,0.0724433843873102
"7132",0.284745651053719,0.304605881559862,-0.019860230506143,0.019860230506143
"7133",-0.423562886126385,-0.370399228221681,-0.053163657904704,0.053163657904704
"7134",-0.143712526027052,-0.137304658224098,-0.00640786780295402,0.00640786780295402
"7136",-0.196464915583371,-0.219059884631951,0.02259496904858,0.02259496904858
"7139",0.311701365239813,0.326197424152031,-0.014496058912218,0.014496058912218
"7140",0.394108493999036,0.375419173035589,0.018689320963447,0.018689320963447
"7145",0.0960045881349375,0.0993811963917532,-0.00337660825681571,0.00337660825681571
"7150",-0.401483337838087,-0.401058621479993,-0.000424716358093991,0.000424716358093991
"7153",-0.225813317224781,-0.244495176658087,0.018681859433306,0.018681859433306
"7155",-0.0372582597633915,-0.0409128360704908,0.0036545763070993,0.0036545763070993
"7156",-0.184859335020806,-0.172765735695996,-0.01209359932481,0.01209359932481
"7157",0.0400319178975242,0.044831792512607,-0.0047998746150828,0.0047998746150828
"7158",-0.182689456244732,-0.175665770652425,-0.00702368559230701,0.00702368559230701
"7159",-0.163061962410123,-0.134315654425638,-0.028746307984485,0.028746307984485
"716",0.688088845866143,0.686735312316301,0.00135353354984202,0.00135353354984202
"7162",-0.501674591591835,-0.475817211358881,-0.025857380232954,0.025857380232954
"7163",-0.176734411360139,-0.181761800034362,0.00502738867422298,0.00502738867422298
"7164",-0.51278057881257,-0.528853067629137,0.016072488816567,0.016072488816567
"7165",0.0295008422057179,0.0417756506534002,-0.0122748084476823,0.0122748084476823
"7167",-0.358237213077772,-0.355780819324594,-0.00245639375317802,0.00245639375317802
"7168",-0.297315972738639,-0.299724706996801,0.00240873425816196,0.00240873425816196
"7169",0.162692023924803,0.129342899552108,0.033349124372695,0.033349124372695
"717",1.36624375601016,1.25163553520314,0.11460822080702,0.11460822080702
"7170",-0.25582997933887,-0.216422165581334,-0.039407813757536,0.039407813757536
"7171",-0.0192886578600664,-0.0140656095109671,-0.0052230483490993,0.0052230483490993
"7172",0.161531377548393,0.119532415851,0.041998961697393,0.041998961697393
"7174",-0.272062682555203,-0.253538373437335,-0.018524309117868,0.018524309117868
"7175",-0.0052640485965109,-0.00205398525999626,-0.00321006333651464,0.00321006333651464
"7178",0.00585286251266706,0.0100491961464665,-0.00419633363379944,0.00419633363379944
"7181",-0.153574644274025,-0.131920835536903,-0.021653808737122,0.021653808737122
"7182",-0.510445196746403,-0.462358439614846,-0.048086757131557,0.048086757131557
"7184",-0.28094094721245,-0.26741168544867,-0.01352926176378,0.01352926176378
"7187",0.0396083308531883,-0.000135584994499717,0.039743915847688,0.039743915847688
"7188",0.0765163320719874,0.0525228561047874,0.0239934759672,0.0239934759672
"7189",-0.0713140603857779,-0.0642947012787852,-0.0070193591069927,0.0070193591069927
"719",1.36821861880313,1.38224397920028,-0.0140253603971501,0.0140253603971501
"72",0.496973718235952,0.511583840901543,-0.014610122665591,0.014610122665591
"7203",-0.348821731869342,-0.310396112382391,-0.038425619486951,0.038425619486951
"7204",-0.106825739122829,-0.127689078634939,0.02086333951211,0.02086333951211
"7205",-0.258219068269745,-0.259633051906239,0.00141398363649398,0.00141398363649398
"7247",0.250101851611726,0.218256012040109,0.031845839571617,0.031845839571617
"7248",0.0109880360077731,-0.00199116373781196,0.0129791997455851,0.0129791997455851
"7249",-0.0431734644440068,-0.0584789613652152,0.0153054969212084,0.0153054969212084
"7251",-0.302539552506617,-0.274082155916533,-0.028457396590084,0.028457396590084
"7257",-0.164106687586469,-0.117409270107998,-0.046697417478471,0.046697417478471
"7260",-0.0493544850882716,-0.0525856402766072,0.0032311551883356,0.0032311551883356
"7262",0.242088475334166,0.213691065662423,0.028397409671743,0.028397409671743
"7263",-0.0590866144243781,-0.0605225786485685,0.0014359642241904,0.0014359642241904
"7264",-0.0321288248976392,-0.0393401299355614,0.0072113050379222,0.0072113050379222
"7265",-0.12697638724732,-0.110142104758028,-0.016834282489292,0.016834282489292
"7266",-0.141227893150337,-0.120265303602354,-0.020962589547983,0.020962589547983
"7267",-0.075313291900496,-0.0950482216705312,0.0197349297700352,0.0197349297700352
"7270",-0.130109348771646,-0.135202160154933,0.00509281138328699,0.00509281138328699
"7272",-0.370285186079408,-0.375653942846248,0.00536875676683995,0.00536875676683995
"7277",0.480567218125818,0.384490607726023,0.096076610399795,0.096076610399795
"7280",0.506247351584872,0.49333871239892,0.012908639185952,0.012908639185952
"728294",0.00700519954208791,-0.0224555746919964,0.0294607742340843,0.0294607742340843
"7283",-0.165618171448928,-0.136150115780573,-0.029468055668355,0.029468055668355
"7284",-0.115805775295031,-0.117656130471515,0.00185035517648401,0.00185035517648401
"7289",-0.0847754945104024,-0.101089676620839,0.0163141821104366,0.0163141821104366
"7291",0.295853937535048,0.293392191380779,0.00246174615426903,0.00246174615426903
"7294",0.968439388046494,0.890103951425008,0.078335436621486,0.078335436621486
"7296",0.14712894454805,0.139911077124342,0.007217867423708,0.007217867423708
"7297",-0.0459022106851971,-0.060751178343966,0.0148489676587689,0.0148489676587689
"7301",-0.215242226940938,-0.172408662440448,-0.04283356450049,0.04283356450049
"7305",1.76652909264653,1.60575413691576,0.16077495573077,0.16077495573077
"7311",-0.0434943032814073,-0.0556153423980901,0.0121210391166828,0.0121210391166828
"7314",0.210867487310553,0.2012424222611,0.00962506504945299,0.00962506504945299
"7317",-0.0740223511905106,-0.0863816042406843,0.0123592530501737,0.0123592530501737
"7318",0.516230820377857,0.48238410415896,0.033846716218897,0.033846716218897
"7319",0.299128252209087,0.297244671742348,0.00188358046673903,0.00188358046673903
"7320",-0.196144744223408,-0.164218671658721,-0.031926072564687,0.031926072564687
"7322",0.211540258476814,0.20566112792783,0.00587913054898401,0.00587913054898401
"7323",-0.150573136393123,-0.129593396697698,-0.020979739695425,0.020979739695425
"7324",0.321567413959648,0.316301820698918,0.00526559326073001,0.00526559326073001
"7325",-0.14456186123158,-0.142650670355607,-0.001911190875973,0.001911190875973
"7326",-0.273520655544598,-0.253699637987135,-0.019821017557463,0.019821017557463
"7327",0.256538800394095,0.228109323751579,0.028429476642516,0.028429476642516
"7328",0.00463152352171675,0.0100051912129202,-0.00537366769120345,0.00537366769120345
"7329",-0.0242395995272558,-0.0115702134713331,-0.0126693860559227,0.0126693860559227
"7334",0.144312935204416,0.1494295550277,-0.00511661982328401,0.00511661982328401
"7336",-0.140660700863551,-0.120453247617352,-0.020207453246199,0.020207453246199
"7337",0.0348594033344646,0.0295908133499369,0.0052685899845277,0.0052685899845277
"734",0.282190023829854,0.276339655995368,0.00585036783448595,0.00585036783448595
"7341",0.37823527847198,0.350263566781022,0.027971711690958,0.027971711690958
"7342",0.0607350125923274,0.0544853477090683,0.0062496648832591,0.0062496648832591
"7343",-0.349332634918928,-0.307214763827797,-0.042117871091131,0.042117871091131
"7347",-0.330668017656622,-0.325626797653756,-0.005041220002866,0.005041220002866
"7349",-0.105866593677116,-0.0754290328711366,-0.0304375608059794,0.0304375608059794
"7351",0.68688941396163,0.655665836367793,0.031223577593837,0.031223577593837
"7353",0.0313820770859707,0.0303438287716202,0.0010382483143505,0.0010382483143505
"7355",-0.117787203919039,-0.106921495503067,-0.010865708415972,0.010865708415972
"7357",0.105023211709316,0.121129249888128,-0.016106038178812,0.016106038178812
"7358",0.0957501464204599,0.0940611844789688,0.0016889619414911,0.0016889619414911
"7360",0.00929504825659936,0.0111359353596635,-0.00184088710306414,0.00184088710306414
"7371",-0.0666994682452636,-0.102201391091019,0.0355019228457554,0.0355019228457554
"7372",-0.160481245890262,-0.142367381307438,-0.018113864582824,0.018113864582824
"7374",-0.139834526899192,-0.143644100230496,0.00380957333130399,0.00380957333130399
"7375",-0.0222941840263347,-0.030875802262155,0.0085816182358203,0.0085816182358203
"7376",-0.195302471409376,-0.177798378475913,-0.017504092933463,0.017504092933463
"7378",-0.43696138838679,-0.43290136540083,-0.00406002298595998,0.00406002298595998
"738",-0.112203805579238,-0.12447506800889,0.012271262429652,0.012271262429652
"7381",-0.0608363422264131,-0.0535283228382644,-0.0073080193881487,0.0073080193881487
"7384",-0.169908488657863,-0.164923870271573,-0.00498461838629002,0.00498461838629002
"7385",0.200945654363817,0.192401700692541,0.008543953671276,0.008543953671276
"7389",0.191689231390855,0.185663903175061,0.00602532821579399,0.00602532821579399
"7390",-0.110255188756797,-0.109694097916245,-0.000561090840552003,0.000561090840552003
"7392",0.175080724648729,0.147671226267753,0.027409498380976,0.027409498380976
"7398",-0.102506306140261,-0.1036681361164,0.00116182997613899,0.00116182997613899
"740",-0.16933127153119,-0.165731933645934,-0.00359933788525599,0.00359933788525599
"7402",-0.172417499880618,-0.141894971166663,-0.030522528713955,0.030522528713955
"7403",-0.11415913179406,-0.100491557158641,-0.013667574635419,0.013667574635419
"7405",0.12387168391035,0.146452772453276,-0.022581088542926,0.022581088542926
"7407",-0.317087563601611,-0.280567930671893,-0.036519632929718,0.036519632929718
"7408",-0.409429249015073,-0.35976642982174,-0.049662819193333,0.049662819193333
"7409",0.422984248026305,0.444852941784353,-0.021868693758048,0.021868693758048
"7411",0.0536116738068233,0.0653682807092967,-0.0117566069024734,0.0117566069024734
"7414",-0.126740581852366,-0.142130017970389,0.015389436118023,0.015389436118023
"7415",-0.241282844599385,-0.224141848583038,-0.017140996016347,0.017140996016347
"7419",0.0756978437527635,0.0632734872565817,0.0124243564961818,0.0124243564961818
"7423",0.192574427282219,0.170124140146957,0.022450287135262,0.022450287135262
"7424",1.03551418269424,1.02633093870466,0.00918324398958004,0.00918324398958004
"7425",-0.790724026088414,-0.705151129625469,-0.085572896462945,0.085572896462945
"7428",-0.00198050163755445,-0.00562013938355957,0.00363963774600512,0.00363963774600512
"7430",-0.0028533806175097,-0.00704075105310059,0.00418737043559089,0.00418737043559089
"7431",0.363533547520978,0.331495392053482,0.032038155467496,0.032038155467496
"7436",0.00212180121770896,0.00275350604262696,-0.000631704824918,0.000631704824918
"7442",0.0415670579296701,0.0281311680391607,0.0134358898905094,0.0134358898905094
"7443",-0.227920988548534,-0.236652862380314,0.00873187383178001,0.00873187383178001
"7444",-0.0262411383728519,-0.035672551062619,0.0094314126897671,0.0094314126897671
"7447",0.326111949545844,0.346107889135454,-0.01999593958961,0.01999593958961
"7448",1.5223479840168,1.46509717041922,0.05725081359758,0.05725081359758
"7450",1.42387525849006,1.33164104920833,0.0922342092817301,0.0922342092817301
"7453",0.761270083434463,0.762240812154164,-0.000970728719700942,0.000970728719700942
"7456",0.425386193719342,0.382965188398216,0.042421005321126,0.042421005321126
"746",-0.0841006780815371,-0.0879368783328829,0.0038362002513458,0.0038362002513458
"7461",0.294653942760741,0.270830597428487,0.023823345332254,0.023823345332254
"7462",0.858840298380933,0.819987532089098,0.038852766291835,0.038852766291835
"7464",-1.40592940699333,-1.38517729376701,-0.02075211322632,0.02075211322632
"7465",-0.122236644765099,-0.122934606662471,0.000697961897371993,0.000697961897371993
"7466",-0.0284667627296412,-0.0487699446139393,0.0203031818842981,0.0203031818842981
"7468",-0.0646211284729337,-0.0622691224708637,-0.00235200600207001,0.00235200600207001
"7469",0.130243358139972,0.105198915099322,0.02504444304065,0.02504444304065
"7472",0.811939951088117,0.754157646059696,0.057782305028421,0.057782305028421
"7474",0.555614013347125,0.540300138658471,0.015313874688654,0.015313874688654
"7476",-0.107721562899752,-0.122126359422487,0.014404796522735,0.014404796522735
"7485",0.297163381642814,0.303820750150973,-0.00665736850815901,0.00665736850815901
"7486",-0.0561040633623806,-0.0459155691094915,-0.0101884942528891,0.0101884942528891
"7494",-0.148867699642825,-0.147650321255572,-0.001217378387253,0.001217378387253
"7507",0.227482081539937,0.23668282846646,-0.00920074692652301,0.00920074692652301
"7508",-0.0623741048650465,-0.0750683222937473,0.0126942174287008,0.0126942174287008
"7511",0.168603567835326,0.16952524672175,-0.000921678886423999,0.000921678886423999
"7514",0.000461893388348315,-0.0124564724735267,0.012918365861875,0.012918365861875
"7515",0.0977643934778952,0.102288215743723,-0.0045238222658278,0.0045238222658278
"7516",-0.174147356820091,-0.180581649040361,0.00643429222027,0.00643429222027
"7518",0.176294466868025,0.17043638608319,0.00585808078483499,0.00585808078483499
"752",0.0016777856271733,-0.0165187187416172,0.0181965043687905,0.0181965043687905
"7520",-0.0464766948463801,-0.0315014871187661,-0.014975207727614,0.014975207727614
"7525",0.1702840367877,0.197934187692455,-0.027650150904755,0.027650150904755
"7528",-0.118053786909546,-0.105236874087592,-0.012816912821954,0.012816912821954
"7529",0.115326608534082,0.0979152934901314,0.0174113150439506,0.0174113150439506
"7531",-0.0796490912486309,-0.09470428974738,0.0150551984987491,0.0150551984987491
"7532",0.00045790782650866,0.0073149744107272,-0.00685706658421854,0.00685706658421854
"7533",0.323425607395273,0.31813908330054,0.00528652409473296,0.00528652409473296
"7534",-0.00177182833271008,-0.00665761964831992,0.00488579131560984,0.00488579131560984
"7536",0.0482996097713273,0.0478117081044186,0.000487901666908701,0.000487901666908701
"7538",0.526820650541819,0.558344397690307,-0.0315237471484879,0.0315237471484879
"754",-0.0696723388386418,-0.0611421715069107,-0.00853016733173109,0.00853016733173109
"7542",-0.195687871858155,-0.187210268563091,-0.008477603295064,0.008477603295064
"7543",0.25770735010816,0.238454032642494,0.019253317465666,0.019253317465666
"7549",0.0575711277795799,0.0569548048353166,0.000616322944263302,0.000616322944263302
"755",0.360642893470349,0.314970987955993,0.045671905514356,0.045671905514356
"7551",-0.174738583576543,-0.143388563728047,-0.031350019848496,0.031350019848496
"7553",0.0366754592422099,0.0437439286743622,-0.0070684694321523,0.0070684694321523
"7555",0.148761944438175,0.156801055940185,-0.00803911150201,0.00803911150201
"7556",-0.0588322234918563,-0.0552041697025626,-0.0036280537892937,0.0036280537892937
"7559",0.130285271795165,0.147954102908829,-0.017668831113664,0.017668831113664
"7561",0.0827563976538645,0.094736343561424,-0.0119799459075595,0.0119799459075595
"7564",0.0499420519044899,0.0437497571366094,0.0061922947678805,0.0061922947678805
"7569",-0.00703649365702427,-0.00341951900850135,-0.00361697464852292,0.00361697464852292
"757",0.0892495267722647,0.0971314889081825,-0.0078819621359178,0.0078819621359178
"7570",0.240431583412831,0.25026322498889,-0.00983164157605898,0.00983164157605898
"7571",0.0496615049020247,0.0110949115968805,0.0385665933051442,0.0385665933051442
"7572",-0.197907049472215,-0.159137044306861,-0.038770005165354,0.038770005165354
"7574",0.127597565319909,0.135411591188533,-0.00781402586862398,0.00781402586862398
"7580",0.147480635706183,0.147469708826504,1.09268796789908e-05,1.09268796789908e-05
"7589",-0.219811075925099,-0.200523513974469,-0.01928756195063,0.01928756195063
"7593",0.0709487584795068,0.0684306630786997,0.00251809540080709,0.00251809540080709
"7594",-0.102154899185389,-0.0980684548187912,-0.0040864443665978,0.0040864443665978
"7596",0.351465153447497,0.360294153529337,-0.00882900008184001,0.00882900008184001
"7597",-0.223599261079682,-0.197843675427259,-0.025755585652423,0.025755585652423
"760",-0.565065551552802,-0.558024978107591,-0.00704057344521103,0.00704057344521103
"7625",-0.190134046908567,-0.17634153200595,-0.013792514902617,0.013792514902617
"7626",0.0953817169335772,0.113146511641242,-0.0177647947076648,0.0177647947076648
"7627",0.0600698053919693,0.0516290609865214,0.0084407444054479,0.0084407444054479
"7629",0.0102395250315306,-0.0229503541746577,0.0331898792061883,0.0331898792061883
"7633",-0.126185811522321,-0.146013274578058,0.019827463055737,0.019827463055737
"7637",0.291792245177836,0.268124774096169,0.0236674710816669,0.0236674710816669
"7639",0.310592693636394,0.248774797537228,0.061817896099166,0.061817896099166
"7673",0.234929700178012,0.214837766751927,0.020091933426085,0.020091933426085
"7678",-0.245154356413981,-0.241448037517223,-0.00370631889675802,0.00370631889675802
"7691",0.122727273990612,0.10305780815608,0.019669465834532,0.019669465834532
"7692",0.0143171533813856,0.0168044247145388,-0.0024872713331532,0.0024872713331532
"7693",0.127621786316042,0.148568803794544,-0.020947017478502,0.020947017478502
"7699",0.0372213392556726,0.0534990798219486,-0.016277740566276,0.016277740566276
"7702",-0.315531661121186,-0.286901279561839,-0.0286303815593471,0.0286303815593471
"7703",0.0663340449314657,0.0517687558821171,0.0145652890493486,0.0145652890493486
"7705",-0.108951665846095,-0.0954364149365118,-0.0135152509095832,0.0135152509095832
"7706",-0.458985561119187,-0.457282226018041,-0.00170333510114595,0.00170333510114595
"7707",0.175679952901521,0.161414732119922,0.014265220781599,0.014265220781599
"7709",0.00335772581184758,0.00192341644959071,0.00143430936225687,0.00143430936225687
"7716",0.517267599085792,0.5086424635992,0.00862513548659205,0.00862513548659205
"7718",-0.575452771378483,-0.588444368207845,0.0129915968293619,0.0129915968293619
"7726",-0.0379050646015073,-0.0512675754692374,0.0133625108677301,0.0133625108677301
"7727",-0.281537110182946,-0.254866323650817,-0.026670786532129,0.026670786532129
"7728",-0.499377581244349,-0.447524337056733,-0.051853244187616,0.051853244187616
"7733",0.0242992087866942,0.0465367226097343,-0.0222375138230401,0.0222375138230401
"7737",-0.149232602029828,-0.14807650904723,-0.001156092982598,0.001156092982598
"7739",0.891667015824588,0.892463910546613,-0.000796894722025043,0.000796894722025043
"7743",0.120296332934686,0.115166804243755,0.005129528690931,0.005129528690931
"7746",-0.359326865589754,-0.281884450410656,-0.077442415179098,0.077442415179098
"7748",-0.219127295553761,-0.228018476922918,0.00889118136915698,0.00889118136915698
"775",0.237708169883342,0.190393647553484,0.047314522329858,0.047314522329858
"7750",0.190018100429174,0.17876622555355,0.011251874875624,0.011251874875624
"7752",0.322144520033299,0.325139093490351,-0.00299457345705201,0.00299457345705201
"7755",0.0760945403546006,0.0547284640484095,0.0213660763061911,0.0213660763061911
"7756",-0.0826137356882073,-0.0818968892880818,-0.000716846400125509,0.000716846400125509
"7763",0.291279035972981,0.273377502701346,0.017901533271635,0.017901533271635
"7764",-0.14472606065825,-0.131702715267809,-0.013023345390441,0.013023345390441
"7766",-0.0242946687479426,-0.0343037671671309,0.0100090984191883,0.0100090984191883
"7767",-0.181360324791054,-0.144103729963243,-0.037256594827811,0.037256594827811
"7769",0.0840032863288033,0.0784281695262,0.00557511680260329,0.00557511680260329
"7771",0.0857243647785804,0.0772424500137051,0.00848191476487531,0.00848191476487531
"7775",-0.350809163873036,-0.350793811492521,-1.53523805150324e-05,1.53523805150324e-05
"7776",-0.0480851991976391,-0.0549954735544403,0.0069102743568012,0.0069102743568012
"7779",-0.631365045525484,-0.610186428578725,-0.021178616946759,0.021178616946759
"7780",-0.667671914235243,-0.642013393899818,-0.0256585203354249,0.0256585203354249
"7791",0.0431248906850132,0.0327702574172822,0.010354633267731,0.010354633267731
"7799",-0.039761133972821,-0.0421224104968006,0.0023612765239796,0.0023612765239796
"780",-0.438974140703256,-0.46067352986908,0.021699389165824,0.021699389165824
"7802",0.327697265499603,0.286938726556183,0.04075853894342,0.04075853894342
"7803",0.081480145710375,0.0679458462321519,0.0135342994782231,0.0135342994782231
"7804",-0.636833461828629,-0.603336231250267,-0.033497230578362,0.033497230578362
"7805",1.41202228372778,1.35296759137769,0.0590546923500901,0.0590546923500901
"7812",-0.403296964620616,-0.354544506968878,-0.048752457651738,0.048752457651738
"7813",0.00595383689622738,0.0107246094885295,-0.00477077259230212,0.00477077259230212
"7818",-0.462322657884527,-0.422027791763662,-0.040294866120865,0.040294866120865
"7832",0.82060762437067,0.803151823732501,0.017455800638169,0.017455800638169
"7841",-0.531402987035987,-0.482402827496196,-0.049000159539791,0.049000159539791
"7844",-0.0641102407585131,-0.041404759605856,-0.0227054811526571,0.0227054811526571
"7846",0.0388521209943575,0.0472255567806409,-0.0083734357862834,0.0083734357862834
"7852",0.670445279282453,0.687499096619874,-0.017053817337421,0.017053817337421
"7855",-0.129859395333699,-0.12973350938003,-0.000125885953668997,0.000125885953668997
"7862",-0.068496543261944,-0.0481664266254882,-0.0203301166364558,0.0203301166364558
"7866",-0.296540660758568,-0.268296591440198,-0.02824406931837,0.02824406931837
"7867",0.604772562879175,0.554639137378301,0.0501334255008741,0.0501334255008741
"7869",0.726753171332239,0.73684669545024,-0.0100935241180009,0.0100935241180009
"7871",0.210277684176308,0.214109804066457,-0.00383211989014901,0.00383211989014901
"7873",-0.372171616685748,-0.3601214657509,-0.012050150934848,0.012050150934848
"7874",-0.0694141768869793,-0.054713026945331,-0.0147011499416483,0.0147011499416483
"7879",0.0571753028153274,0.0637964308950029,-0.00662112807967551,0.00662112807967551
"788",0.277136092434436,0.252028921195446,0.02510717123899,0.02510717123899
"7884",0.413241510041516,0.414853234447963,-0.00161172440644702,0.00161172440644702
"78987",0.127282118781019,0.173434682661975,-0.046152563880956,0.046152563880956
"78988",0.132554277129862,0.0952898056331717,0.0372644714966903,0.0372644714966903
"78989",-0.658982930433222,-0.677025464226627,0.018042533793405,0.018042533793405
"78990",-0.647938767440139,-0.571440790331505,-0.076497977108634,0.076497977108634
"78992",-0.709699317868146,-0.675199297273024,-0.034500020595122,0.034500020595122
"78994",0.0313613852289817,0.0194860495632965,0.0118753356656852,0.0118753356656852
"78995",-0.446195980649806,-0.425364725314825,-0.020831255334981,0.020831255334981
"78996",-0.659860366332639,-0.597571469623931,-0.062288896708708,0.062288896708708
"78999",0.145361493069759,0.11641559250867,0.028945900561089,0.028945900561089
"790",-0.314695566923749,-0.322841891237843,0.00814632431409401,0.00814632431409401
"79000",-0.423588765611638,-0.421764573062531,-0.00182419254910698,0.00182419254910698
"79001",-0.306469198119056,-0.319372321388409,0.012903123269353,0.012903123269353
"79002",-0.415009162480682,-0.372503812054864,-0.042505350425818,0.042505350425818
"79003",0.0886979443824141,0.0923063396773996,-0.00360839529498549,0.00360839529498549
"79004",0.175452826141638,0.180001413278902,-0.004548587137264,0.004548587137264
"79009",-0.178518595933624,-0.185828055507654,0.00730945957402998,0.00730945957402998
"79016",-0.0406160924147566,-0.0434732720893593,0.0028571796746027,0.0028571796746027
"79017",-0.0921615052748649,-0.0947130618818241,0.0025515566069592,0.0025515566069592
"79018",-0.0109028099962511,0.00228845820093562,-0.0131912681971867,0.0131912681971867
"79019",-0.212171629474409,-0.206629078595301,-0.00554255087910802,0.00554255087910802
"79020",0.124048669997806,0.121799506296205,0.002249163701601,0.002249163701601
"79022",0.405643919862896,0.414778962953803,-0.00913504309090701,0.00913504309090701
"79023",-0.245177145390277,-0.214458981789832,-0.030718163600445,0.030718163600445
"79026",0.314859649174326,0.268050497288882,0.046809151885444,0.046809151885444
"79027",-0.0593911120905501,-0.0526415944495379,-0.0067495176410122,0.0067495176410122
"79029",-0.12123494012814,-0.117924311415176,-0.003310628712964,0.003310628712964
"7903",-0.206014410337957,-0.166608831671058,-0.039405578666899,0.039405578666899
"79034",0.145058914937648,0.127729392108126,0.017329522829522,0.017329522829522
"79036",0.0256783236974332,0.0267062526580606,-0.0010279289606274,0.0010279289606274
"79038",0.229461615008194,0.229398431046957,6.31839612370011e-05,6.31839612370011e-05
"79039",0.0325683409470029,0.0154110812197126,0.0171572597272903,0.0171572597272903
"79042",0.127799257562761,0.124771218066899,0.003028039495862,0.003028039495862
"79048",-0.231240489126346,-0.217280288012994,-0.013960201113352,0.013960201113352
"7905",0.181040343754094,0.163276024159239,0.017764319594855,0.017764319594855
"79050",-0.0773449441719428,-0.101093841131521,0.0237488969595782,0.0237488969595782
"79053",-0.226964731849973,-0.200999421034702,-0.025965310815271,0.025965310815271
"79056",-0.137175117453105,-0.121862602188313,-0.015312515264792,0.015312515264792
"79058",0.29734516753604,0.296476976629652,0.000868190906388011,0.000868190906388011
"79065",0.449517578247714,0.406140429651135,0.043377148596579,0.043377148596579
"79070",-0.106032028000044,-0.0677419562833219,-0.0382900717167221,0.0382900717167221
"79071",-0.416078085091728,-0.375462962005619,-0.040615123086109,0.040615123086109
"79072",-0.181899255270602,-0.157322812707178,-0.024576442563424,0.024576442563424
"79073",-0.043466652672462,-0.0225032910097991,-0.0209633616626629,0.0209633616626629
"79074",-0.278726154003353,-0.258431235021675,-0.020294918981678,0.020294918981678
"79077",-0.231338903886676,-0.205493753531681,-0.025845150354995,0.025845150354995
"79078",-0.186697579852109,-0.16836274732254,-0.018334832529569,0.018334832529569
"79080",-0.0696146154712138,-0.0600264635538775,-0.00958815191733629,0.00958815191733629
"79083",-1.14802661549142,-1.14260337323408,-0.00542324225734014,0.00542324225734014
"79084",0.0283604009045,0.0377551925427512,-0.0093947916382512,0.0093947916382512
"79085",0.0780448157086515,0.0456198202163715,0.03242499549228,0.03242499549228
"79086",0.028583431664023,0.0397765230733851,-0.0111930914093621,0.0111930914093621
"79087",-0.252638193197898,-0.232300348031899,-0.020337845165999,0.020337845165999
"79088",0.0295027065215166,0.0371472653072969,-0.0076445587857803,0.0076445587857803
"79089",-0.0937415761165318,-0.0694007919333926,-0.0243407841831392,0.0243407841831392
"79090",-0.0407355839166587,-0.0373308569107571,-0.0034047270059016,0.0034047270059016
"79091",0.0653042398389935,0.0801864727937634,-0.0148822329547699,0.0148822329547699
"79095",-0.00764458085170116,-0.0152555189032704,0.00761093805156924,0.00761093805156924
"79096",0.0893467208665582,0.0801553409475735,0.00919137991898471,0.00919137991898471
"79101",-0.347562847785513,-0.346501965559884,-0.001060882225629,0.001060882225629
"79109",-0.175835059659852,-0.153602991525611,-0.022232068134241,0.022232068134241
"7913",0.135453453541126,0.129424440486907,0.00602901305421902,0.00602901305421902
"79132",0.257769077826734,0.227311037122564,0.03045804070417,0.03045804070417
"79133",0.056399709461354,0.0620295648409407,-0.0056298553795867,0.0056298553795867
"79135",0.12695854291168,0.126767026365708,0.000191516545971993,0.000191516545971993
"79137",-0.233951407644102,-0.198731996930497,-0.035219410713605,0.035219410713605
"79139",-0.0276098953334458,-0.0273204377551124,-0.000289457578333402,0.000289457578333402
"79142",0.129407259130261,0.138133714366617,-0.00872645523635601,0.00872645523635601
"79143",0.0258875207155845,0.00431669077591354,0.021570829939671,0.021570829939671
"79144",-0.458402759979489,-0.502494561019113,0.0440918010396241,0.0440918010396241
"79145",0.29997284700251,0.313810029702318,-0.013837182699808,0.013837182699808
"79147",0.199795618112886,0.200604453132268,-0.000808835019382004,0.000808835019382004
"79148",0.285273225307101,0.259446714452684,0.025826510854417,0.025826510854417
"79149",0.0352031946445499,0.03752187208436,-0.0023186774398101,0.0023186774398101
"7915",0.328476260476901,0.282553174079448,0.045923086397453,0.045923086397453
"79153",-0.421654533973385,-0.398866353436232,-0.022788180537153,0.022788180537153
"79154",-0.0577698383084009,-0.0510916579575015,-0.0066781803508994,0.0066781803508994
"79155",-0.339785847000091,-0.330521006917772,-0.00926484008231904,0.00926484008231904
"79156",0.0116446056272623,-0.0220420758541951,0.0336866814814574,0.0336866814814574
"79157",0.176715724875312,0.200311933079541,-0.023596208204229,0.023596208204229
"79158",0.160426408093875,0.157638468883577,0.00278793921029802,0.00278793921029802
"79159",0.00182330452861683,0.0246861366044824,-0.0228628320758656,0.0228628320758656
"7916",-0.11464651560596,-0.123737960095396,0.00909144448943601,0.00909144448943601
"79161",0.364264235748129,0.367453344130371,-0.00318910838224201,0.00318910838224201
"79165",0.052362080814108,0.0763721055462844,-0.0240100247321764,0.0240100247321764
"79169",-0.428103067322698,-0.388848868530922,-0.039254198791776,0.039254198791776
"7917",-0.228197861097166,-0.230846111895728,0.00264825079856201,0.00264825079856201
"79171",0.0347693140289009,0.0307058496782924,0.0040634643506085,0.0040634643506085
"79172",-0.395154620947658,-0.404822994223269,0.00966837327561099,0.00966837327561099
"79174",-0.548102743984317,-0.51578030458083,-0.032322439403487,0.032322439403487
"79175",0.11017665069462,0.0992135938088951,0.0109630568857249,0.0109630568857249
"79177",-0.0486211970476109,-0.0440935539529644,-0.0045276430946465,0.0045276430946465
"7918",-0.0157568349893534,-0.00863494543883904,-0.00712188955051436,0.00712188955051436
"79180",-0.0352654126362149,-0.0430310730588137,0.0077656604225988,0.0077656604225988
"79183",-0.0724208550976348,-0.0809075821651153,0.00848672706748051,0.00848672706748051
"79184",-0.199779328235323,-0.177961383854531,-0.021817944380792,0.021817944380792
"79188",0.185394524580047,0.174716892016559,0.010677632563488,0.010677632563488
"79191",0.2827738778539,0.273879001870955,0.00889487598294503,0.00889487598294503
"7920",0.103767561490319,0.113804411677032,-0.010036850186713,0.010036850186713
"7922",-0.205803955884274,-0.182579057080987,-0.023224898803287,0.023224898803287
"79228",-0.209582134411112,-0.200696074460903,-0.008886059950209,0.008886059950209
"7923",-0.480704939147728,-0.447685056803206,-0.033019882344522,0.033019882344522
"79230",0.0532325651996846,0.058053176339349,-0.0048206111396644,0.0048206111396644
"79269",0.237162728251476,0.248206470321206,-0.01104374206973,0.01104374206973
"7936",-0.157644764962049,-0.134845527080718,-0.022799237881331,0.022799237881331
"79364",-0.170537863764374,-0.127887520921202,-0.042650342843172,0.042650342843172
"79365",1.19812676556565,1.12564491315459,0.07248185241106,0.07248185241106
"7940",0.836170412089257,0.870702665633317,-0.03453225354406,0.03453225354406
"7941",1.12272117051218,1.04229521904553,0.0804259514666501,0.0804259514666501
"79411",0.539159581987897,0.528593039484652,0.0105665425032451,0.0105665425032451
"7942",0.280148073895489,0.267756041881565,0.012392032013924,0.012392032013924
"79443",0.106231738377085,0.0912989652954806,0.0149327730816044,0.0149327730816044
"79446",0.0433331594358504,0.0137960407385218,0.0295371186973286,0.0295371186973286
"79447",-0.229395789257878,-0.223524910187314,-0.00587087907056402,0.00587087907056402
"79567",0.815435573203653,0.749933719575191,0.0655018536284621,0.0655018536284621
"79568",-0.00843792757132027,-0.00407303926230338,-0.00436488830901689,0.00436488830901689
"79571",0.10002886490115,0.0935389896641518,0.00648987523699819,0.00648987523699819
"79572",0.000235585920031792,0.0175647467459812,-0.0173291608259494,0.0173291608259494
"79573",-0.222044578843316,-0.171541506304953,-0.050503072538363,0.050503072538363
"79575",0.358649632345807,0.3304231912829,0.028226441062907,0.028226441062907
"79576",0.0557397026621539,0.0640837996761174,-0.00834409701396349,0.00834409701396349
"79581",-0.0772389384956644,-0.0765887599409504,-0.000650178554714012,0.000650178554714012
"79582",0.123266630263049,0.0812008668274817,0.0420657634355673,0.0420657634355673
"79585",0.1237473900556,0.126978589983441,-0.003231199927841,0.003231199927841
"79586",-0.634358908756752,-0.577668985874953,-0.0566899228817991,0.0566899228817991
"79587",-0.0487325406532266,-0.0477398579516669,-0.000992682701559701,0.000992682701559701
"79589",0.812446652197985,0.797233551534337,0.015213100663648,0.015213100663648
"79590",0.013300667179498,9.92124469084468e-05,0.0132014547325896,0.0132014547325896
"79591",-0.0992992855827249,-0.0739143728419474,-0.0253849127407775,0.0253849127407775
"79594",0.0401305964719356,0.0336184099167024,0.0065121865552332,0.0065121865552332
"79595",-0.515703563704725,-0.478847113312362,-0.036856450392363,0.036856450392363
"79596",-0.0362363180698251,-0.021273813525997,-0.0149625045438281,0.0149625045438281
"79600",0.458393295159243,0.42768497301634,0.030708322142903,0.030708322142903
"79602",0.00614635806497403,0.0151766333432909,-0.00903027527831687,0.00903027527831687
"79607",0.129594624028148,0.157794642660567,-0.028200018632419,0.028200018632419
"79609",-0.109424875233606,-0.104147094009786,-0.00527778122382,0.00527778122382
"79612",0.317449717536863,0.292758790809471,0.024690926727392,0.024690926727392
"79618",0.327172025228315,0.303642903987737,0.023529121240578,0.023529121240578
"79621",0.251940166722827,0.233019736015707,0.01892043070712,0.01892043070712
"79622",-0.16138886074562,-0.191863765569136,0.030474904823516,0.030474904823516
"79624",0.342777994183697,0.366652621584125,-0.023874627400428,0.023874627400428
"79627",-0.341881828911022,-0.292384630857416,-0.049497198053606,0.049497198053606
"79629",-0.627874066495465,-0.585992479988461,-0.0418815865070039,0.0418815865070039
"79630",0.88357841662933,0.866549327615622,0.017029089013708,0.017029089013708
"79631",-0.0879422271746569,-0.0640151579553876,-0.0239270692192693,0.0239270692192693
"79632",0.0353783297840105,0.0455484530204029,-0.0101701232363924,0.0101701232363924
"79634",0.185339887952276,0.190980677031514,-0.00564078907923801,0.00564078907923801
"79635",0.100578937583933,0.118976556764717,-0.018397619180784,0.018397619180784
"79637",0.189610602478619,0.158165198124414,0.031445404354205,0.031445404354205
"79641",0.110576187168178,0.0941824646998241,0.0163937224683539,0.0163937224683539
"79644",-0.159400480705961,-0.187312031637581,0.02791155093162,0.02791155093162
"79646",0.0570710300059912,0.053299215677742,0.0037718143282492,0.0037718143282492
"79647",-0.491564090677586,-0.440228796799738,-0.051335293877848,0.051335293877848
"79648",-0.0611375503933036,-0.055397187175958,-0.0057403632173456,0.0057403632173456
"7965",-0.298961240882278,-0.272040452782982,-0.026920788099296,0.026920788099296
"79650",-0.191806085343067,-0.167397622501261,-0.024408462841806,0.024408462841806
"79651",0.809613318312383,0.767102277204153,0.04251104110823,0.04251104110823
"79652",0.709035292206883,0.663119909733811,0.045915382473072,0.045915382473072
"79654",-0.212184129650498,-0.20426842055751,-0.007915709092988,0.007915709092988
"79657",0.0177738264542227,0.0357024283996683,-0.0179286019454456,0.0179286019454456
"79658",-0.437367586671879,-0.400880438809077,-0.036487147862802,0.036487147862802
"79660",-0.550728169051954,-0.58516279088439,0.0344346218324361,0.0344346218324361
"79661",0.105107081288967,0.0970205700440426,0.00808651124492439,0.00808651124492439
"79663",0.10719919921162,0.104334034036452,0.00286516517516799,0.00286516517516799
"79664",-0.0838871387812325,-0.0391260194394101,-0.0447611193418224,0.0447611193418224
"79666",0.409378667537754,0.442238238666331,-0.032859571128577,0.032859571128577
"79669",-0.466961271540471,-0.434481085783162,-0.032480185757309,0.032480185757309
"79670",-0.317996317937357,-0.291795897703233,-0.026200420234124,0.026200420234124
"79672",0.136353303449891,0.14260115512157,-0.00624785167167902,0.00624785167167902
"79675",-0.275841174486831,-0.252001791085129,-0.023839383401702,0.023839383401702
"79677",0.137526742127738,0.169112859784478,-0.03158611765674,0.03158611765674
"79680",-0.230108895354222,-0.227801116535686,-0.002307778818536,0.002307778818536
"79682",0.0521306910590156,0.055343365655061,-0.0032126745960454,0.0032126745960454
"79683",-0.38112449482093,-0.359902763339943,-0.021221731480987,0.021221731480987
"79684",-0.146443042614035,-0.139321086287401,-0.00712195632663401,0.00712195632663401
"79685",0.0911031924592357,0.0965985335540133,-0.00549534109477759,0.00549534109477759
"79689",-0.847958432276598,-0.814045253631308,-0.03391317864529,0.03391317864529
"79691",0.0674711095096585,0.0693935130966065,-0.00192240358694801,0.00192240358694801
"79693",0.00927743798089829,0.0344910924850619,-0.0252136545041636,0.0252136545041636
"79694",0.167675199620383,0.166295489419531,0.00137971020085198,0.00137971020085198
"79696",-0.233734695565756,-0.214378159858336,-0.01935653570742,0.01935653570742
"79697",-0.18634687755227,-0.195234094835737,0.008887217283467,0.008887217283467
"79699",0.0726491516781477,0.0764880903541607,-0.003838938676013,0.003838938676013
"79701",-0.318114248513208,-0.280558925292418,-0.03755532322079,0.03755532322079
"79705",0.144953710026682,0.126501834935424,0.018451875091258,0.018451875091258
"79709",0.407465635319068,0.395283437346867,0.012182197972201,0.012182197972201
"79710",0.366905220969347,0.3774021303565,-0.010496909387153,0.010496909387153
"79711",-0.283759939146121,-0.293114302234876,0.00935436308875498,0.00935436308875498
"79712",0.32794709854812,0.310522856897314,0.017424241650806,0.017424241650806
"79713",0.513454607790763,0.498551797587182,0.014902810203581,0.014902810203581
"79714",-0.172600448318932,-0.16848264157633,-0.00411780674260201,0.00411780674260201
"79717",0.105414407718561,0.0713322411330576,0.0340821665855034,0.0340821665855034
"79718",-0.0407734258545352,-0.0513242826550105,0.0105508568004753,0.0105508568004753
"79719",0.115518532253285,0.0870966105785065,0.0284219216747785,0.0284219216747785
"79720",-0.266552281531161,-0.271078811069057,0.00452652953789601,0.00452652953789601
"79724",0.0104226182785636,0.00435550978612431,0.00606710849243929,0.00606710849243929
"79726",-0.0471506882240939,-0.0457392108412942,-0.0014114773827997,0.0014114773827997
"79730",-0.0112421094213882,-0.000178649727281493,-0.0110634596941067,0.0110634596941067
"79731",-0.20694640711412,-0.186073924344195,-0.020872482769925,0.020872482769925
"79734",-0.0258232866984838,-0.0277810451832091,0.0019577584847253,0.0019577584847253
"79735",0.0616856042038078,0.0409195635713824,0.0207660406324254,0.0207660406324254
"79744",-0.159439841758943,-0.150563086714887,-0.008876755044056,0.008876755044056
"79745",-0.0255183426985926,0.017244942380498,-0.0427632850790906,0.0427632850790906
"79746",-0.131191925811086,-0.124233206969141,-0.00695871884194499,0.00695871884194499
"79751",-0.196095177562074,-0.227102510824954,0.03100733326288,0.03100733326288
"79752",-0.132730868319208,-0.125442353881542,-0.00728851443766598,0.00728851443766598
"79753",-0.0191706607183649,-0.0122049216773364,-0.0069657390410285,0.0069657390410285
"79755",-0.456313590167522,-0.457317608599593,0.00100401843207099,0.00100401843207099
"79758",-0.00660619552786169,0.00712442910827507,-0.0137306246361368,0.0137306246361368
"7976",-0.0567334074748218,-0.0738127629901862,0.0170793555153644,0.0170793555153644
"79762",0.134358610863119,0.114228039872259,0.02013057099086,0.02013057099086
"79763",-0.237041727784868,-0.220336839250271,-0.016704888534597,0.016704888534597
"79767",-0.0723024862005077,-0.062604818451802,-0.0096976677487057,0.0096976677487057
"79768",0.0530396962380777,0.0698807093265809,-0.0168410130885032,0.0168410130885032
"79770",-0.0867349823596405,-0.0683238838619409,-0.0184110984976996,0.0184110984976996
"79774",-0.351318784693696,-0.326180889022046,-0.02513789567165,0.02513789567165
"7978",-0.12177782917459,-0.11321075510442,-0.00856707407017,0.00856707407017
"79786",-0.33691351652795,-0.339906820046208,0.00299330351825799,0.00299330351825799
"79789",0.0374235770946421,0.00441269396648619,0.0330108831281559,0.0330108831281559
"7979",0.071571739150359,0.0625583904928104,0.0090133486575486,0.0090133486575486
"79792",-0.0320121799544244,-0.000647946368279691,-0.0313642335861447,0.0313642335861447
"79794",-0.143391413490719,-0.146556245081951,0.00316483159123201,0.00316483159123201
"79796",-0.51274648542902,-0.492703407850246,-0.020043077578774,0.020043077578774
"79798",0.0332118708431275,0.0397414026430648,-0.0065295317999373,0.0065295317999373
"7980",0.38729493233784,0.406825035616348,-0.019530103278508,0.019530103278508
"79800",-0.00901667623855017,0.0128768684231829,-0.0218935446617331,0.0218935446617331
"79801",-0.0706777617656453,-0.0875028683276496,0.0168251065620043,0.0168251065620043
"79803",-0.00349954948206269,-0.0172568886317855,0.0137573391497228,0.0137573391497228
"79811",0.0198363487395657,0.0276959455752958,-0.0078595968357301,0.0078595968357301
"79812",0.812595694940025,0.825054663826033,-0.0124589688860079,0.0124589688860079
"79816",-0.155726926357923,-0.147529616977828,-0.00819730938009502,0.00819730938009502
"79817",-0.0896531332597638,-0.115259977253239,0.0256068439934752,0.0256068439934752
"7982",-0.0258188109246343,-0.0197426939346449,-0.0060761169899894,0.0060761169899894
"79820",-0.474920099603598,-0.483933404910261,0.009013305306663,0.009013305306663
"79827",0.351377480915989,0.360186236234324,-0.00880875531833497,0.00880875531833497
"79830",-0.311876407522956,-0.287738857366701,-0.024137550156255,0.024137550156255
"79833",-0.499377806419357,-0.448824317482921,-0.050553488936436,0.050553488936436
"79837",-0.461794223806939,-0.446277348608368,-0.015516875198571,0.015516875198571
"79838",-0.256517938880177,-0.285708984803193,0.029191045923016,0.029191045923016
"7984",-0.0966661931420392,-0.121447443929262,0.0247812507872228,0.0247812507872228
"79843",0.541492389743218,0.57690875147893,-0.0354163617357119,0.0354163617357119
"79848",0.236147122731596,0.228417360967828,0.00772976176376799,0.00772976176376799
"79850",0.0576726599976731,0.060672425693886,-0.0029997656962129,0.0029997656962129
"79856",-0.302711639204566,-0.273449386957455,-0.029262252247111,0.029262252247111
"79858",0.265127523398873,0.211331887542787,0.053795635856086,0.053795635856086
"79863",-0.287053263777737,-0.262153158170563,-0.024900105607174,0.024900105607174
"79865",-0.763191789434625,-0.715794288880761,-0.0473975005538639,0.0473975005538639
"79866",-0.370548278830848,-0.356104252912984,-0.014444025917864,0.014444025917864
"79868",-0.342232175063612,-0.300847102959268,-0.041385072104344,0.041385072104344
"79870",0.204507017057295,0.212808007529126,-0.008300990471831,0.008300990471831
"79871",-0.178961014383519,-0.167188765572267,-0.011772248811252,0.011772248811252
"79872",0.00479674239821842,0.0129696996469672,-0.00817295724874878,0.00817295724874878
"79873",-0.116931482890596,-0.111942496949657,-0.00498898594093901,0.00498898594093901
"79874",-0.0104172336889497,-0.0167238861146531,0.0063066524257034,0.0063066524257034
"79875",0.526978270142004,0.445405087935796,0.0815731822062081,0.0815731822062081
"79876",-0.355142651048159,-0.317421833622488,-0.037720817425671,0.037720817425671
"79877",-0.183938457283104,-0.174516415506384,-0.00942204177672001,0.00942204177672001
"7988",-0.0745413411944151,-0.0651147100757371,-0.009426631118678,0.009426631118678
"79882",-0.00267019447160591,0.0146006636883097,-0.0172708581599156,0.0172708581599156
"79885",0.0045102815767694,-0.0230976388638728,0.0276079204406422,0.0276079204406422
"79886",0.0867217315130395,0.0710850087367219,0.0156367227763176,0.0156367227763176
"79887",-0.357253089535557,-0.339522411945431,-0.017730677590126,0.017730677590126
"79888",-0.244939374141948,-0.255270306491488,0.01033093234954,0.01033093234954
"79890",-0.225396454457032,-0.198862774630074,-0.026533679826958,0.026533679826958
"79891",0.138868258894704,0.14757815235088,-0.00870989345617601,0.00870989345617601
"79892",-0.0396785120702548,-0.000339554373025616,-0.0393389576972292,0.0393389576972292
"79893",0.0297587106922362,0.0227241957765886,0.0070345149156476,0.0070345149156476
"79894",-0.384408410661904,-0.350088916269207,-0.034319494392697,0.034319494392697
"79895",1.16943351926183,1.18694612651189,-0.01751260725006,0.01751260725006
"79898",0.425886104551949,0.393290399998192,0.032595704553757,0.032595704553757
"79901",0.783232596760844,0.746062565962166,0.037170030798678,0.037170030798678
"79902",-0.0544786940444398,-0.041711509822584,-0.0127671842218558,0.0127671842218558
"79903",0.0346031341880586,0.00486308683064097,0.0297400473574176,0.0297400473574176
"7991",-0.409768222451665,-0.392059683446546,-0.017708539005119,0.017708539005119
"79912",-0.224457558671732,-0.216184662269204,-0.00827289640252801,0.00827289640252801
"79913",-0.149079010079173,-0.115274223719471,-0.033804786359702,0.033804786359702
"79917",0.010789302521445,-0.00386884665053964,0.0146581491719846,0.0146581491719846
"79918",-0.250283852556632,-0.24844134498067,-0.00184250757596199,0.00184250757596199
"79921",0.144687066132238,0.139453294730424,0.005233771401814,0.005233771401814
"79927",0.714144081429436,0.667739091357205,0.046404990072231,0.046404990072231
"7993",-0.269534830879658,-0.231342082954247,-0.038192747925411,0.038192747925411
"79932",0.0639364854976524,0.0647104462707243,-0.000773960773071888,0.000773960773071888
"79933",0.244914862101555,0.209833663633243,0.035081198468312,0.035081198468312
"79934",-0.0226303483454819,-0.0339711635270119,0.01134081518153,0.01134081518153
"79939",-0.0960704165243014,-0.128215007927837,0.0321445914035356,0.0321445914035356
"7994",0.263701333917652,0.253489341370905,0.010211992546747,0.010211992546747
"79947",-0.124501387302719,-0.129458498373244,0.004957111070525,0.004957111070525
"79954",-0.129344916598694,-0.099016737143525,-0.030328179455169,0.030328179455169
"79956",-0.370850414287523,-0.372752904462465,0.00190249017494198,0.00190249017494198
"79960",-0.43189386734579,-0.432149789571055,0.000255922225264993,0.000255922225264993
"79961",0.434622737734455,0.413219475706313,0.021403262028142,0.021403262028142
"79971",0.388452936544633,0.386778761054921,0.00167417548971199,0.00167417548971199
"79977",0.024028657026903,0.00102432321494273,0.0230043338119603,0.0230043338119603
"79979",-0.0756745282793618,-0.0718621956147715,-0.0038123326645903,0.0038123326645903
"79980",-0.154924996463214,-0.147100657899163,-0.00782433856405101,0.00782433856405101
"79990",0.250675925068921,0.235183172506592,0.015492752562329,0.015492752562329
"79991",0.142343875047338,0.119236579695194,0.023107295352144,0.023107295352144
"800",0.424696252007736,0.405890005201932,0.018806246805804,0.018806246805804
"8000",-1.46754650046272,-1.28049283617976,-0.18705366428296,0.18705366428296
"80005",-0.395492659342381,-0.375985896035861,-0.01950676330652,0.01950676330652
"80006",-0.114259555478088,-0.0875038958661341,-0.0267556596119539,0.0267556596119539
"80010",-0.158319176443236,-0.165946221805495,0.007627045362259,0.007627045362259
"80011",0.143414931644509,0.137306250261052,0.00610868138345699,0.00610868138345699
"80012",-0.129148455406619,-0.12971196461332,0.000563509206700979,0.000563509206700979
"80013",0.122770975216902,0.138794772911042,-0.01602379769414,0.01602379769414
"80014",0.180409688052184,0.164432919228811,0.015976768823373,0.015976768823373
"80017",0.180848659421633,0.149781289724262,0.031067369697371,0.031067369697371
"80020",-0.228502379582269,-0.188436829944761,-0.040065549637508,0.040065549637508
"80021",-0.223386740441084,-0.208873203765521,-0.014513536675563,0.014513536675563
"80023",0.283580396323726,0.257788753610777,0.025791642712949,0.025791642712949
"80024",0.0411636066794508,0.0555056254068386,-0.0143420187273878,0.0143420187273878
"80025",0.138281552679372,0.129839285158653,0.008442267520719,0.008442267520719
"80028",0.121333852058016,0.0980157205931384,0.0233181314648776,0.0233181314648776
"80031",0.217960617379561,0.23327441611728,-0.015313798737719,0.015313798737719
"80063",-0.410857750913785,-0.404872640928213,-0.005985109985572,0.005985109985572
"80067",-0.0854715182442446,-0.0829333576180666,-0.002538160626178,0.002538160626178
"801",-0.223486091262617,-0.18772304119039,-0.035763050072227,0.035763050072227
"80108",0.100449574337453,0.086400875526619,0.014048698810834,0.014048698810834
"80110",0.217951999416897,0.234448856956069,-0.016496857539172,0.016496857539172
"80115",-0.101063627998198,-0.102245145019385,0.001181517021187,0.001181517021187
"80119",-0.187380902188374,-0.170499682201274,-0.0168812199871,0.0168812199871
"80131",0.281445867474011,0.223572085635602,0.057873781838409,0.057873781838409
"80135",0.159581900095424,0.166012915593691,-0.006431015498267,0.006431015498267
"80142",-0.183465672355892,-0.174128794796649,-0.00933687755924301,0.00933687755924301
"80143",-0.0850665590716349,-0.0568617380614123,-0.0282048210102226,0.0282048210102226
"80144",0.252359176420699,0.222606376171453,0.029752800249246,0.029752800249246
"80145",-0.154548268441914,-0.15798382727591,0.00343555883399602,0.00343555883399602
"80146",0.0387934725399536,0.074976432079684,-0.0361829595397304,0.0361829595397304
"80148",0.154151273942949,0.143839355778327,0.010311918164622,0.010311918164622
"80152",-0.000311303609901761,-0.0142418799093294,0.0139305762994276,0.0139305762994276
"80153",0.00032639561826124,0.0136332118047088,-0.0133068161864476,0.0133068161864476
"80155",-0.196157877141014,-0.162332817342273,-0.033825059798741,0.033825059798741
"80162",0.195899541173889,0.146843485685061,0.049056055488828,0.049056055488828
"80173",0.263272645604245,0.226852853314566,0.036419792289679,0.036419792289679
"80176",0.156692135116987,0.132312148177856,0.024379986939131,0.024379986939131
"80178",-0.349916273181309,-0.296859847594053,-0.053056425587256,0.053056425587256
"80184",0.209487209382088,0.182325671012354,0.027161538369734,0.027161538369734
"80185",-0.0722969695794702,-0.0655060731554646,-0.0067908964240056,0.0067908964240056
"8019",0.208519091733798,0.197479490006489,0.011039601727309,0.011039601727309
"80194",-0.354974701345466,-0.329718203652937,-0.025256497692529,0.025256497692529
"80195",0.0315853349206136,0.0273501849747944,0.0042351499458192,0.0042351499458192
"80196",-0.0725762007889385,-0.0593584443876885,-0.01321775640125,0.01321775640125
"80198",-1.18294588333568e-05,-0.0092808504289773,0.00926902097014394,0.00926902097014394
"80199",-0.0279614081054486,-0.0231037748053399,-0.0048576333001087,0.0048576333001087
"80204",0.0969421370758351,0.0976683052945272,-0.000726168218692105,0.000726168218692105
"80205",0.313264210469331,0.28958425772567,0.023679952743661,0.023679952743661
"80207",-0.277640126073358,-0.257039216144864,-0.0206009099284939,0.0206009099284939
"80208",0.199563215017882,0.176514613680647,0.023048601337235,0.023048601337235
"80209",0.222753352254522,0.228847316209307,-0.00609396395478501,0.00609396395478501
"8021",0.0396944710084835,0.0265160031099759,0.0131784678985076,0.0131784678985076
"80212",0.625544393730229,0.587831855746314,0.0377125379839149,0.0377125379839149
"80213",0.0630170210705123,0.0512205551300205,0.0117964659404918,0.0117964659404918
"80216",0.149447795440617,0.125609926851974,0.023837868588643,0.023837868588643
"80218",0.074029504690023,0.0372602144960546,0.0367692901939684,0.0367692901939684
"80219",-0.0749016061246523,-0.0591407997542395,-0.0157608063704128,0.0157608063704128
"80221",-0.0262832562726329,-0.0309429035637562,0.0046596472911233,0.0046596472911233
"80222",-0.277259121268215,-0.260733233716624,-0.016525887551591,0.016525887551591
"80224",0.158623687611749,0.156505402857484,0.00211828475426501,0.00211828475426501
"80227",-0.170883696925999,-0.174899410025829,0.00401571309983001,0.00401571309983001
"80230",0.0207386017915263,0.0269603776126264,-0.0062217758211001,0.0062217758211001
"80232",0.109307572937082,0.11611499496563,-0.006807422028548,0.006807422028548
"80233",-0.12222973933303,-0.114964763978566,-0.00726497535446399,0.00726497535446399
"80237",0.651263515114964,0.676981877870655,-0.0257183627556909,0.0257183627556909
"80254",-0.191802029798102,-0.180113970974164,-0.011688058823938,0.011688058823938
"80255",-0.237594253813664,-0.221829069644876,-0.015765184168788,0.015765184168788
"80256",0.0559868535052658,0.0314175904643011,0.0245692630409647,0.0245692630409647
"80262",-0.00255695489437163,-0.0298373689283586,0.027280414033987,0.027280414033987
"80263",0.0649179106973353,0.042632704853542,0.0222852058437933,0.0222852058437933
"80264",-0.00734565414899191,-0.0256802373565098,0.0183345832075179,0.0183345832075179
"80267",0.167364849179875,0.177697511968655,-0.01033266278878,0.01033266278878
"8027",-0.0239090189660085,-0.0189660520521271,-0.0049429669138814,0.0049429669138814
"80271",0.0330743456963144,0.0155337481163175,0.0175405975799969,0.0175405975799969
"80273",-0.321609820118469,-0.292326462751841,-0.029283357366628,0.029283357366628
"80279",-0.348968062024201,-0.341389935881822,-0.00757812614237902,0.00757812614237902
"8028",-0.229766257939245,-0.214066331750219,-0.015699926189026,0.015699926189026
"8030",-0.234545179653218,-0.229786104174464,-0.00475907547875401,0.00475907547875401
"80301",0.814483571912343,0.770905657119269,0.043577914793074,0.043577914793074
"80303",-0.0528607983831289,-0.0698802585537821,0.0170194601706532,0.0170194601706532
"80304",-0.127012381174791,-0.102437194442651,-0.02457518673214,0.02457518673214
"80305",-0.0433893859461038,-0.0464003749351741,0.0030109889890703,0.0030109889890703
"80306",0.0362510525150706,0.0351716673800748,0.0010793851349958,0.0010793851349958
"80308",0.0846003404909199,0.105071136553691,-0.0204707960627711,0.0204707960627711
"8031",0.140321825093577,0.153279738445917,-0.01295791335234,0.01295791335234
"80312",-0.630803358311683,-0.635087537725408,0.00428417941372505,0.00428417941372505
"80315",-0.110709172309927,-0.0666093012476275,-0.0440998710622995,0.0440998710622995
"80321",-0.185946281373353,-0.182217887163946,-0.00372839420940702,0.00372839420940702
"80324",-0.312311215023588,-0.291520871072555,-0.020790343951033,0.020790343951033
"80335",-0.312447234983165,-0.292401942707376,-0.020045292275789,0.020045292275789
"8034",-0.385480983850572,-0.348381594525605,-0.037099389324967,0.037099389324967
"80344",0.0100405517171382,-0.00740050839196377,0.017441060109102,0.017441060109102
"80345",-0.253557286488025,-0.222460388524151,-0.031096897963874,0.031096897963874
"80346",0.0485481110844481,0.0436776019231065,0.0048705091613416,0.0048705091613416
"80347",-0.0404898498513748,-0.0466462755828082,0.0061564257314334,0.0061564257314334
"80349",0.134826263799723,0.138895963931927,-0.00406970013220398,0.00406970013220398
"8036",0.0718042001233503,0.0736034185769262,-0.0017992184535759,0.0017992184535759
"8038",0.100279846128372,0.0994481334024456,0.000831712725926401,0.000831712725926401
"805",0.233455851210189,0.229751032078482,0.003704819131707,0.003704819131707
"8050",0.0354904678126475,0.056461419376426,-0.0209709515637785,0.0209709515637785
"8065",0.156433622792643,0.147145674536489,0.009287948256154,0.009287948256154
"80700",-0.114312397802877,-0.110937052268964,-0.003375345533913,0.003375345533913
"80704",0.457620745670231,0.469764454784246,-0.012143709114015,0.012143709114015
"80727",0.491113212634917,0.46495360693315,0.026159605701767,0.026159605701767
"80740",-0.11867478608914,-0.11994461929592,0.00126983320677999,0.00126983320677999
"80742",-0.343111393034892,-0.293452958614989,-0.049658434419903,0.049658434419903
"80745",-0.183613916950062,-0.167802239182928,-0.015811677767134,0.015811677767134
"80746",0.00574564870243894,0.0289177560233353,-0.0231721073208964,0.0231721073208964
"8076",-0.0857844378438603,-0.0862038657460255,0.00041942790216519,0.00041942790216519
"80760",0.086940041139621,0.0826911159048198,0.00424892523480121,0.00424892523480121
"80762",0.088801833650889,0.0698212247883533,0.0189806088625357,0.0189806088625357
"80764",-0.099944552765138,-0.100474303747029,0.000529750981890995,0.000529750981890995
"80765",-0.421757367581922,-0.403258570074309,-0.018498797507613,0.018498797507613
"80775",-0.0173080155099076,-0.0134810870386411,-0.0038269284712665,0.0038269284712665
"80777",0.120810534573497,0.116476717446309,0.004333817127188,0.004333817127188
"8078",0.0754967967384751,0.0731900523588147,0.0023067443796604,0.0023067443796604
"80781",-0.00775078312823235,-0.0346443362018689,0.0268935530736366,0.0268935530736366
"80789",-0.195994636865636,-0.188626486479999,-0.00736815038563701,0.00736815038563701
"8079",0.131450015327783,0.108354852667771,0.023095162660012,0.023095162660012
"80790",0.030315717662504,0.0140523556277619,0.0162633620347421,0.0162633620347421
"808",0.0373516825436397,0.0245518945160353,0.0127997880276044,0.0127997880276044
"8082",0.0302742686065475,-0.0156396446371391,0.0459139132436866,0.0459139132436866
"80821",0.353509861400244,0.347415016570633,0.00609484482961098,0.00609484482961098
"80824",-0.392704342469321,-0.35076985417209,-0.041934488297231,0.041934488297231
"80829",0.240511076409119,0.248972565078968,-0.008461488669849,0.008461488669849
"80833",0.972277782788455,0.917473509138186,0.054804273650269,0.054804273650269
"80851",-0.0481135614540557,-0.055844029933703,0.0077304684796473,0.0077304684796473
"80856",0.013938168641156,0.0128781366846304,0.0010600319565256,0.0010600319565256
"8086",-0.181253209324907,-0.179417715566235,-0.00183549375867198,0.00183549375867198
"8087",0.0757792224380835,0.0644829019947582,0.0112963204433253,0.0112963204433253
"8089",0.00660056536803709,0.0180309066451235,-0.0114303412770864,0.0114303412770864
"80895",-0.497972006216705,-0.460951039037634,-0.037020967179071,0.037020967179071
"80896",1.14342859259719,1.08761885594141,0.0558097366557802,0.0558097366557802
"81",-0.115862663293738,-0.146992854809344,0.031130191515606,0.031130191515606
"8100",-0.0681783022284716,-0.0696575060561779,0.0014792038277063,0.0014792038277063
"81031",0.0316003478338373,0.0191129350332865,0.0124874128005508,0.0124874128005508
"81035",0.538320333695665,0.489686910916895,0.04863342277877,0.04863342277877
"81037",-0.0590882594684794,-0.0566773492531188,-0.0024109102153606,0.0024109102153606
"811",-0.314123458164527,-0.298686935625865,-0.015436522538662,0.015436522538662
"8125",0.29389733177735,0.249452480506803,0.044444851270547,0.044444851270547
"813",-0.430921566981346,-0.410037013648425,-0.020884553332921,0.020884553332921
"8139",-0.394667684539939,-0.369410353652414,-0.025257330887525,0.025257330887525
"8140",-0.775405313189958,-0.779151711356999,0.00374639816704103,0.00374639816704103
"8148",0.179333275447582,0.1318148379971,0.047518437450482,0.047518437450482
"81490",-0.0559048652928669,-0.0392334122654857,-0.0166714530273812,0.0166714530273812
"81493",0.287395566995516,0.250018555209398,0.037377011786118,0.037377011786118
"81502",-0.429887081704589,-0.36975728945397,-0.060129792250619,0.060129792250619
"81532",0.252155780780311,0.271397375110195,-0.019241594329884,0.019241594329884
"81533",0.0257528786455281,0.0509326443511388,-0.0251797657056107,0.0251797657056107
"81539",-0.182683496072291,-0.200633425512934,0.017949929440643,0.017949929440643
"81542",0.119165480096874,0.136070043708654,-0.01690456361178,0.01690456361178
"81544",0.0422113068958959,0.0386491991138016,0.0035621077820943,0.0035621077820943
"81545",0.105008039195486,0.118263604602192,-0.013255565406706,0.013255565406706
"81550",-0.15798096515031,-0.157196590020552,-0.000784375129757986,0.000784375129757986
"81553",-0.484245397847443,-0.466099843292574,-0.018145554554869,0.018145554554869
"81554",-0.216033717703344,-0.181633098953742,-0.034400618749602,0.034400618749602
"81555",0.0308523947566726,0.0561770125176305,-0.0253246177609579,0.0253246177609579
"81559",-0.402823407897864,-0.380655228626744,-0.02216817927112,0.02216817927112
"81562",-0.0181886885581373,-0.0294547816641922,0.0112660931060549,0.0112660931060549
"81563",-0.128649376230383,-0.162368389917334,0.033719013686951,0.033719013686951
"81565",0.00249996117925055,0.0192821637058637,-0.0167822025266131,0.0167822025266131
"81566",0.0881489715483881,0.0937228546241325,-0.0055738830757444,0.0055738830757444
"81572",0.163572013106506,0.182370721567109,-0.018798708460603,0.018798708460603
"81573",-0.131755033373752,-0.107287517427581,-0.024467515946171,0.024467515946171
"81575",1.04379236763859,1.08395644969286,-0.0401640820542699,0.0401640820542699
"81576",0.0676633773091656,0.0764257231635675,-0.00876234585440189,0.00876234585440189
"81577",-0.349698537912401,-0.288569421067867,-0.061129116844534,0.061129116844534
"81578",0.55195368568468,0.521806323702214,0.0301473619824659,0.0301473619824659
"81603",0.268074567546704,0.255872103031918,0.012202464514786,0.012202464514786
"81605",-0.0304015634578718,-0.033892175862537,0.0034906124046652,0.0034906124046652
"81606",0.147971453053867,0.119388292613047,0.02858316044082,0.02858316044082
"81607",-0.505209423835487,-0.506353029800259,0.00114360596477203,0.00114360596477203
"81608",-0.179323472722156,-0.141132860637913,-0.038190612084243,0.038190612084243
"81609",0.0693987636327011,0.0468937276613607,0.0225050359713404,0.0225050359713404
"8161",0.00489951547700541,0.00897741991605452,-0.00407790443904911,0.00407790443904911
"81610",-1.27065967299793,-1.22131434697685,-0.0493453260210801,0.0493453260210801
"81614",-0.186306208056051,-0.164882785978578,-0.021423422077473,0.021423422077473
"81617",-0.527457644768479,-0.524119160115115,-0.00333848465336406,0.00333848465336406
"81618",0.725820819468009,0.715264910871441,0.0105559085965681,0.0105559085965681
"81619",0.465263635918969,0.4058753860059,0.059388249913069,0.059388249913069
"81620",-0.569957515307443,-0.574975475194524,0.00501795988708098,0.00501795988708098
"81622",0.527263685151492,0.523423875890046,0.003839809261446,0.003839809261446
"81624",-0.221559414371423,-0.226357235300102,0.00479782092867898,0.00479782092867898
"81627",-0.0619179817288533,-0.0479453241888686,-0.0139726575399847,0.0139726575399847
"81628",0.191199688569786,0.188518355020701,0.00268133354908501,0.00268133354908501
"81631",0.0691441619539142,0.0830112927016722,-0.013867130747758,0.013867130747758
"8165",-0.133113899262411,-0.176391908768359,0.043278009505948,0.043278009505948
"81669",-0.484111813905871,-0.464683189805161,-0.01942862410071,0.01942862410071
"81671",0.00935708585360502,0.0217792328953066,-0.0124221470417016,0.0124221470417016
"81688",0.0183664687655422,0.00133488503178981,0.0170315837337524,0.0170315837337524
"81689",0.317932530962408,0.326322824878324,-0.008390293915916,0.008390293915916
"81691",-0.297623413432798,-0.266003579280817,-0.031619834151981,0.031619834151981
"81704",0.397662461869456,0.340840744772224,0.056821717097232,0.056821717097232
"81706",0.166910567093169,0.209702481286494,-0.042791914193325,0.042791914193325
"8178",0.0852624057979438,0.0894028526470769,-0.0041404468491331,0.0041404468491331
"81788",-0.542013577327853,-0.554612786714047,0.012599209386194,0.012599209386194
"81790",0.0814067850375003,0.102282568916101,-0.0208757838786007,0.0208757838786007
"818",0.0569027583874859,0.0490298320660754,0.0078729263214105,0.0078729263214105
"81844",0.153683281418181,0.137128766758141,0.01655451466004,0.01655451466004
"81846",0.249543473977509,0.253349953219947,-0.00380647924243802,0.00380647924243802
"81847",0.611428872531569,0.646944300896167,-0.035515428364598,0.035515428364598
"81848",-0.0344860138756591,-0.0360836772319598,0.0015976633563007,0.0015976633563007
"81853",-0.052883642864985,-0.0551538109752767,0.0022701681102917,0.0022701681102917
"81855",-0.188662523220112,-0.144121038177409,-0.044541485042703,0.044541485042703
"81856",-0.341577883490199,-0.34776148503866,0.00618360154846098,0.00618360154846098
"81858",0.057414998211209,0.0285752943141896,0.0288397038970194,0.0288397038970194
"8187",-0.286694995019371,-0.315825251329169,0.029130256309798,0.029130256309798
"81873",-0.149900003273242,-0.126148517202664,-0.023751486070578,0.023751486070578
"81876",0.185166211335337,0.19217542178542,-0.00700921045008299,0.00700921045008299
"81887",-0.391645962651405,-0.348010992703987,-0.043634969947418,0.043634969947418
"81889",-0.00490549204795488,-0.0088226737253667,0.00391718167741182,0.00391718167741182
"8189",-0.0370912885759715,-0.057693263863728,0.0206019752877565,0.0206019752877565
"81890",-0.0814648281924721,-0.0555387206724417,-0.0259261075200304,0.0259261075200304
"81892",0.0787213313977948,0.0643987652635984,0.0143225661341964,0.0143225661341964
"81894",0.0218051419359542,0.018323970124557,0.0034811718113972,0.0034811718113972
"819",-0.000770515992163611,-0.016682175890456,0.0159116598982924,0.0159116598982924
"8192",-0.29960013439097,-0.263868541011663,-0.035731593379307,0.035731593379307
"81929",-0.170653448133112,-0.149009263371374,-0.021644184761738,0.021644184761738
"81930",-0.288013887773993,-0.280350464729345,-0.00766342304464801,0.00766342304464801
"81932",-0.254772444731343,-0.245722020158335,-0.00905042457300798,0.00905042457300798
"8195",0.0408067813328439,0.0504981767762502,-0.0096913954434063,0.0096913954434063
"8202",0.0812165615290382,0.0980046927097374,-0.0167881311806992,0.0167881311806992
"8204",-0.0886171748315522,-0.0804452745391726,-0.00817190029237959,0.00817190029237959
"8208",-0.46693235110589,-0.416300197966018,-0.050632153139872,0.050632153139872
"821",0.0723570298932096,0.0731817070692778,-0.000824677176068198,0.000824677176068198
"8216",0.0559470138020752,0.0487755593758291,0.0071714544262461,0.0071714544262461
"822",0.101481815285678,0.0788793479912681,0.0226024672944099,0.0226024672944099
"8220",-0.434434469997212,-0.394958510381647,-0.039475959615565,0.039475959615565
"8225",-0.0828437188615108,-0.0760706569899324,-0.0067730618715784,0.0067730618715784
"8226",0.0058529759977839,0.0169812196163929,-0.011128243618609,0.011128243618609
"8227",-0.0732482850188988,-0.0483882713247413,-0.0248600136941575,0.0248600136941575
"823",-0.0786251086117292,-0.0920258184538266,0.0134007098420974,0.0134007098420974
"8233",-0.494528770868737,-0.422810078189817,-0.07171869267892,0.07171869267892
"8237",-0.0959718345480572,-0.0895864782393,-0.00638535630875721,0.00638535630875721
"824",0.174634200507946,0.17055380301003,0.004080397497916,0.004080397497916
"8241",0.0352375957736632,0.026810090039701,0.0084275057339622,0.0084275057339622
"825",0.140947472155008,0.150209999809724,-0.009262527654716,0.009262527654716
"826",-0.05242363028812,-0.0637406338472627,0.0113170035591427,0.0113170035591427
"8260",-0.168557408424044,-0.163999403230981,-0.00455800519306299,0.00455800519306299
"8266",-0.174828297863907,-0.166612560249724,-0.00821573761418298,0.00821573761418298
"8269",-0.135129283092566,-0.115336658880908,-0.019792624211658,0.019792624211658
"827",-0.207138089354542,-0.218251193511933,0.011113104157391,0.011113104157391
"8270",-0.314225681165207,-0.29028446368949,-0.023941217475717,0.023941217475717
"8273",-0.322056632585827,-0.303968920046631,-0.018087712539196,0.018087712539196
"828",0.210550917231709,0.18544623439208,0.025104682839629,0.025104682839629
"8291",-0.0789066496353787,-0.0782153266676469,-0.000691322967731806,0.000691322967731806
"8295",0.0358678563537174,0.022268978834524,0.0135988775191934,0.0135988775191934
"830",0.366776932330262,0.362425656429505,0.00435127590075696,0.00435127590075696
"8301",0.309230186647976,0.307363337900812,0.00186684874716403,0.00186684874716403
"8303",-0.0023257247004643,0.03181197750327,-0.0341377022037343,0.0341377022037343
"8309",0.738219951189123,0.731379122815173,0.00684082837394995,0.00684082837394995
"8310",0.185034707105147,0.184950558962324,8.41481428229818e-05,8.41481428229818e-05
"8313",0.198303934968297,0.199753872035385,-0.00144993706708799,0.00144993706708799
"8314",0.234111220079103,0.193301944155875,0.040809275923228,0.040809275923228
"8317",0.0748324182414884,0.074237421841532,0.000594996399956402,0.000594996399956402
"8318",-0.178838868919052,-0.16408953537165,-0.014749333547402,0.014749333547402
"832",0.0992811339909038,0.089880239217559,0.0094008947733448,0.0094008947733448
"8321",0.561317785610116,0.539600973258485,0.021716812351631,0.021716812351631
"8322",0.73070956942753,0.685195129809373,0.0455144396181569,0.0455144396181569
"8323",0.414744761137711,0.41434671749644,0.000398043641271051,0.000398043641271051
"83259",0.408663002959371,0.35912404273429,0.049538960225081,0.049538960225081
"8326",-0.214255628316251,-0.186035877238629,-0.028219751077622,0.028219751077622
"8336",-0.884976336238813,-0.826977338768111,-0.057998997470702,0.057998997470702
"8339",-1.07406133095215,-0.975157609492735,-0.0989037214594151,0.0989037214594151
"834",1.49288919332028,1.4417568690839,0.0511323242363799,0.0511323242363799
"8344",-0.332058088918686,-0.299481874780474,-0.032576214138212,0.032576214138212
"83440",-0.224991965195534,-0.195883410616826,-0.029108554578708,0.029108554578708
"83443",0.0371236833212389,0.0505261041477154,-0.0134024208264765,0.0134024208264765
"83448",-0.0359031312723565,-0.0349945387888448,-0.000908592483511703,0.000908592483511703
"8345",-0.274239402559777,-0.229952289604756,-0.044287112955021,0.044287112955021
"83451",-0.661053076723291,-0.598209724491451,-0.06284335223184,0.06284335223184
"83460",-0.034800586563437,-0.0262035075302242,-0.0085970790332128,0.0085970790332128
"83461",-0.519176620713996,-0.518784185890056,-0.000392434823939913,0.000392434823939913
"83463",0.195976655264743,0.168595242525773,0.02738141273897,0.02738141273897
"83464",0.233244054018278,0.202636520461046,0.030607533557232,0.030607533557232
"83468",0.502756568684859,0.500091547963439,0.00266502072141994,0.00266502072141994
"83478",0.131098198121764,0.137210797447382,-0.006112599325618,0.006112599325618
"83480",-0.223532634032783,-0.222861412391745,-0.000671221641038,0.000671221641038
"8349",-0.121854351544521,-0.111714370104084,-0.010139981440437,0.010139981440437
"835",0.000895876866599506,0.00288013046881336,-0.00198425360221385,0.00198425360221385
"8351",-0.932689532975301,-0.876300315239843,-0.056389217735458,0.056389217735458
"8353",-0.545824903193377,-0.491798523426647,-0.05402637976673,0.05402637976673
"83540",-0.178500759504098,-0.174997815233069,-0.00350294427102898,0.00350294427102898
"83541",-0.438426767007114,-0.398433532088968,-0.039993234918146,0.039993234918146
"83543",-0.680139366769812,-0.689343916419276,0.00920454964946393,0.00920454964946393
"83548",-0.0130342485003948,0.0152189353299384,-0.0282531838303332,0.0282531838303332
"83549",0.0361502261337869,0.0545733579244451,-0.0184231317906582,0.0184231317906582
"83590",0.096457825725344,0.0868768503927442,0.0095809753325998,0.0095809753325998
"83596",-0.132769819467812,-0.134125439308372,0.00135561984056001,0.00135561984056001
"836",-0.099873162903402,-0.0935474135962907,-0.0063257493071113,0.0063257493071113
"83605",0.203962424799507,0.184018722793142,0.019943702006365,0.019943702006365
"83606",-0.319898221019864,-0.288868263187051,-0.031029957832813,0.031029957832813
"83607",0.196178280086358,0.193022574772614,0.00315570531374398,0.00315570531374398
"83608",-0.0539395658471202,-0.0518156685698853,-0.0021238972772349,0.0021238972772349
"83636",0.0976484907767855,0.096833408713366,0.000815082063419501,0.000815082063419501
"8364",-0.288079919863951,-0.278557527788462,-0.00952239207548899,0.00952239207548899
"83641",-0.474726647777019,-0.487648649271547,0.012922001494528,0.012922001494528
"83642",0.0582908543968121,0.0420212020886332,0.0162696523081789,0.0162696523081789
"83643",0.673585541930717,0.642481665867369,0.031103876063348,0.031103876063348
"8365",-1.26822149123311,-1.17787792462165,-0.09034356661146,0.09034356661146
"83658",0.204572241730079,0.182507194119877,0.022065047610202,0.022065047610202
"83660",-0.133895577124122,-0.179657650360616,0.045762073236494,0.045762073236494
"83666",0.484976957600647,0.478895332794626,0.00608162480602104,0.00608162480602104
"83695",-0.171128282265268,-0.167650355549864,-0.00347792671540401,0.00347792671540401
"83696",-0.0761901663531071,-0.0958618853595042,0.0196717190063971,0.0196717190063971
"83699",-0.0845697013218087,-0.0666739647798812,-0.0178957365419275,0.0178957365419275
"837",0.330346986054528,0.336601990516346,-0.00625500446181798,0.00625500446181798
"83700",0.548598207044825,0.562995051206366,-0.014396844161541,0.014396844161541
"83707",-0.0308525738695475,-0.0388420618170535,0.007989487947506,0.007989487947506
"83719",0.334248202000005,0.316330187120393,0.017918014879612,0.017918014879612
"83732",-0.0551737711262809,-0.0510905802758044,-0.0040831908504765,0.0040831908504765
"83734",0.0828538829637959,0.102355548483235,-0.0195016655194391,0.0195016655194391
"83737",0.215102126913152,0.189179076175665,0.025923050737487,0.025923050737487
"83742",-0.0867002104851087,-0.102093242574315,0.0153930320892063,0.0153930320892063
"83743",-0.216228434548895,-0.194690989683844,-0.021537444865051,0.021537444865051
"83746",-0.0408249817195946,-0.0448310579971865,0.0040060762775919,0.0040060762775919
"83752",0.141040901351388,0.126243453382347,0.014797447969041,0.014797447969041
"83759",-0.102599870373028,-0.101050750859374,-0.001549119513654,0.001549119513654
"83787",-0.138044776804919,-0.126231240261722,-0.011813536543197,0.011813536543197
"8379",-0.0271851707354429,-0.00602522538509895,-0.0211599453503439,0.0211599453503439
"83852",-0.019920428982599,-0.0267804786239095,0.0068600496413105,0.0068600496413105
"83861",-0.0354661416129582,-0.0403794429422548,0.00491330132929661,0.00491330132929661
"83862",0.590693844865982,0.551641186901578,0.0390526579644039,0.0390526579644039
"83871",-0.0613573458330937,-0.059749062451557,-0.0016082833815367,0.0016082833815367
"83874",0.329913633081101,0.295754405149699,0.034159227931402,0.034159227931402
"83877",0.746609909098376,0.732310029869289,0.014299879229087,0.014299879229087
"83878",0.058213791526874,0.0727581809158259,-0.0145443893889519,0.0145443893889519
"83879",-0.341139002463249,-0.359164097321316,0.018025094858067,0.018025094858067
"83882",-0.284390480784147,-0.245517442843337,-0.03887303794081,0.03887303794081
"83890",-0.654643453411987,-0.597105681773932,-0.0575377716380551,0.0575377716380551
"83892",0.102455628783364,0.106106583145789,-0.00365095436242499,0.00365095436242499
"839",-0.186356243198957,-0.190924562120789,0.00456831892183202,0.00456831892183202
"83930",0.225301973046269,0.218851504827067,0.006450468219202,0.006450468219202
"83931",-0.0232827567870271,-0.0189376868778345,-0.0043450699091926,0.0043450699091926
"83932",0.0362212575980323,0.0433252137067072,-0.0071039561086749,0.0071039561086749
"83937",1.30767417698069,1.22160250920752,0.0860716677731701,0.0860716677731701
"83939",-0.324288531407752,-0.300073428051357,-0.024215103356395,0.024215103356395
"8394",0.160060751537491,0.13618747573928,0.023873275798211,0.023873275798211
"83941",0.438140813690328,0.447683482671438,-0.00954266898111,0.00954266898111
"83943",-0.133426462721379,-0.116603454970669,-0.01682300775071,0.01682300775071
"8395",0.168627929749449,0.18874501760824,-0.020117087858791,0.020117087858791
"8396",0.0860172263443896,0.110623830106882,-0.0246066037624924,0.0246066037624924
"83982",0.680322145758372,0.615412584807661,0.064909560950711,0.064909560950711
"83985",-0.238012315283595,-0.222935605647018,-0.015076709636577,0.015076709636577
"83986",-0.0300238863046015,-0.00787178402921335,-0.0221521022753881,0.0221521022753881
"83988",0.398752832672773,0.397775348592981,0.000977484079791979,0.000977484079791979
"83989",0.281746344803474,0.256314641509211,0.025431703294263,0.025431703294263
"8399",-1.14989997668112,-1.07999164525299,-0.0699083314281299,0.0699083314281299
"83999",-0.28378092804684,-0.25521025167469,-0.02857067637215,0.02857067637215
"840",0.0652267151835534,0.109294356471268,-0.0440676412877146,0.0440676412877146
"84002",0.312609312701743,0.320936760252442,-0.00832744755069897,0.00832744755069897
"8402",-0.235085891196151,-0.217569574713747,-0.017516316482404,0.017516316482404
"84033",-0.386840529759509,-0.382023975632884,-0.00481655412662502,0.00481655412662502
"84034",0.67540482407927,0.657953915888386,0.017450908190884,0.017450908190884
"8404",2.04458024174484,2.00576882295004,0.0388114187948001,0.0388114187948001
"84057",-0.312306595536828,-0.293453242319865,-0.018853353216963,0.018853353216963
"84058",0.145906369194257,0.122006681453495,0.023899687740762,0.023899687740762
"8406",0.827460445669309,0.777734485952965,0.049725959716344,0.049725959716344
"84060",-0.110798863176936,-0.0784032081658774,-0.0323956550110586,0.0323956550110586
"84061",0.0110686525080449,0.00804787327560404,0.00302077923244086,0.00302077923244086
"84062",0.250660167905901,0.259053102739874,-0.00839293483397296,0.00839293483397296
"84064",0.0885277021563618,0.0895540080291654,-0.0010263058728036,0.0010263058728036
"84065",-0.0197790826337374,-0.00997772070449681,-0.00980136192924059,0.00980136192924059
"84067",0.034975421460324,0.0257884646390952,0.0091869568212288,0.0091869568212288
"8407",0.606735153843334,0.587861130308439,0.018874023534895,0.018874023534895
"84078",0.0451298630965446,0.0594377365109675,-0.0143078734144229,0.0143078734144229
"84079",-0.0569842727028729,-0.0333347876271863,-0.0236494850756866,0.0236494850756866
"8408",0.282649168205431,0.242329260227273,0.040319907978158,0.040319907978158
"84080",0.380450481685317,0.366940260230317,0.013510221455,0.013510221455
"84081",-0.116452730476072,-0.0878554586554836,-0.0285972718205884,0.0285972718205884
"84085",0.2906790949332,0.25372530114426,0.03695379378894,0.03695379378894
"8409",0.129916313865295,0.133781972295917,-0.003865658430622,0.003865658430622
"84102",-0.369313104383983,-0.336075163695539,-0.033237940688444,0.033237940688444
"84105",-0.170274739285782,-0.15475603627723,-0.015518703008552,0.015518703008552
"8411",-0.198059746188357,-0.179133324619976,-0.018926421568381,0.018926421568381
"8412",0.204139205980139,0.219686164984372,-0.015546959004233,0.015546959004233
"84124",-0.0293460688896352,-0.0111243876532988,-0.0182216812363364,0.0182216812363364
"84128",-0.311913194647918,-0.283413496463109,-0.028499698184809,0.028499698184809
"84138",-0.0523957526994379,-0.0486086859551221,-0.0037870667443158,0.0037870667443158
"84141",0.372383030339535,0.377204344779873,-0.00482131444033801,0.00482131444033801
"84142",0.000806471660947715,0.00570274917824468,-0.00489627751729696,0.00489627751729696
"84146",0.308786093819474,0.306713591662995,0.00207250215647897,0.00207250215647897
"84148",-0.0126533957838218,-0.0029737380782687,-0.0096796577055531,0.0096796577055531
"84154",-0.283297751753471,-0.256198563887593,-0.027099187865878,0.027099187865878
"84164",-0.185312043987974,-0.187701071265807,0.00238902727783302,0.00238902727783302
"84168",0.789959247408735,0.739589060390515,0.05037018701822,0.05037018701822
"8417",0.277358618332936,0.288226113372689,-0.010867495039753,0.010867495039753
"84173",0.248561195192638,0.243857466455168,0.00470372873746999,0.00470372873746999
"84186",-0.0801810075148176,-0.0879779151271459,0.00779690761232829,0.00779690761232829
"84190",-0.00388176297169584,0.00111225798554842,-0.00499402095724426,0.00499402095724426
"84191",0.158880848759953,0.163253348940706,-0.004372500180753,0.004372500180753
"84193",0.0808065287640861,0.0734864993553103,0.0073200294087758,0.0073200294087758
"84196",-0.114509841413846,-0.116075526608617,0.001565685194771,0.001565685194771
"842",-0.283459104343235,-0.242701217824718,-0.040757886518517,0.040757886518517
"84206",-0.0587078117906757,-0.0712319780064463,0.0125241662157706,0.0125241662157706
"84216",0.292812126613686,0.271078405246103,0.021733721367583,0.021733721367583
"84219",0.0521861752922278,0.0701933786118603,-0.0180072033196325,0.0180072033196325
"84221",0.0850205176940089,0.0545449670164948,0.0304755506775141,0.0304755506775141
"84231",-0.109299432399957,-0.10387607213201,-0.005423360267947,0.005423360267947
"84232",0.11846749046289,0.118945533371041,-0.000478042908150997,0.000478042908150997
"84233",0.00265321226074329,0.0118098234406203,-0.00915661117987701,0.00915661117987701
"84240",-0.00345977315066043,0.0014667230544359,-0.00492649620509633,0.00492649620509633
"84243",-0.213252132531854,-0.212232696487875,-0.001019436043979,0.001019436043979
"84245",0.369034281804176,0.368884336537645,0.000149945266531004,0.000149945266531004
"84246",0.0250718081329263,0.0246873046636462,0.000384503469280099,0.000384503469280099
"84248",0.247236411493658,0.275039317028149,-0.027802905534491,0.027802905534491
"8425",0.689800454967678,0.624902499031829,0.0648979559358489,0.0648979559358489
"84250",0.0529512780367525,0.0475734896440827,0.0053777883926698,0.0053777883926698
"84255",-0.252408790046246,-0.256790701621495,0.00438191157524898,0.00438191157524898
"84256",0.43233476103905,0.390518555444734,0.041816205594316,0.041816205594316
"84259",-0.212289060818299,-0.188677253068299,-0.02361180775,0.02361180775
"84260",-0.121132739231357,-0.106549906758321,-0.014582832473036,0.014582832473036
"84261",0.0462971081437508,0.0543193838437505,-0.0080222756999997,0.0080222756999997
"84262",-0.339797364377531,-0.300291066293125,-0.039506298084406,0.039506298084406
"84264",0.249920732835391,0.224539574399918,0.025381158435473,0.025381158435473
"84265",0.5511272412863,0.540370507442688,0.010756733843612,0.010756733843612
"84266",-0.123858007745835,-0.106565135384845,-0.01729287236099,0.01729287236099
"84267",-0.046293292689147,-0.0284077197355684,-0.0178855729535786,0.0178855729535786
"84269",-0.131006978040165,-0.107211868568965,-0.0237951094712,0.0237951094712
"8427",-0.0492795843728418,-0.049470501577815,0.000190917204973197,0.000190917204973197
"84270",0.015240312120723,0.00944851611035955,0.00579179601036345,0.00579179601036345
"84271",0.0159382412805231,0.0318072438657691,-0.015869002585246,0.015869002585246
"84272",-0.334928673980962,-0.305628370997611,-0.029300302983351,0.029300302983351
"84273",-0.298497500238759,-0.280223436407979,-0.01827406383078,0.01827406383078
"84276",0.120966493186618,0.114952731925705,0.00601376126091299,0.00601376126091299
"84277",-0.0283820429801067,-0.027802639125304,-0.0005794038548027,0.0005794038548027
"84279",-0.0392147378914255,-0.0252907802411005,-0.013923957650325,0.013923957650325
"8428",-0.199190232868701,-0.19441847945838,-0.00477175341032099,0.00477175341032099
"84280",0.0434363261087265,0.0377708530508874,0.0056654730578391,0.0056654730578391
"84281",-0.247642093086898,-0.226961049542111,-0.020681043544787,0.020681043544787
"84282",0.0633950431960001,0.0686196324167406,-0.0052245892207405,0.0052245892207405
"84283",0.0758169221638874,0.0661156516814524,0.00970127048243499,0.00970127048243499
"84284",-0.331191371486035,-0.277401736769631,-0.053789634716404,0.053789634716404
"84285",-0.00851983241671943,0.00999965519587447,-0.0185194876125939,0.0185194876125939
"84286",0.0493928642768085,0.0494642321847593,-7.13679079508006e-05,7.13679079508006e-05
"84287",-0.058655499029602,-0.0452178814157142,-0.0134376176138878,0.0134376176138878
"84288",0.373300231543109,0.309330084018739,0.06397014752437,0.06397014752437
"84289",-0.333160845838627,-0.27908665665733,-0.054074189181297,0.054074189181297
"84292",-0.102727033053846,-0.0709189040256831,-0.0318081290281629,0.0318081290281629
"84293",0.114889785217023,0.113683752926679,0.00120603229034401,0.00120603229034401
"84294",0.157412130888504,0.181141468282135,-0.023729337393631,0.023729337393631
"84295",-0.172869925539905,-0.170651875598323,-0.00221804994158198,0.00221804994158198
"84298",-0.0412384294854155,-0.0278519214317152,-0.0133865080537003,0.0133865080537003
"84299",-0.198164796338961,-0.163527825361404,-0.034636970977557,0.034636970977557
"84300",-0.0192167350894738,-0.024861734787866,0.0056449996983922,0.0056449996983922
"84303",0.266714756544541,0.240053335823964,0.026661420720577,0.026661420720577
"84304",0.0976872040096456,0.101739054753359,-0.00405185074371339,0.00405185074371339
"84305",-0.184938681242442,-0.186891984364896,0.00195330312245401,0.00195330312245401
"84306",-0.304167393410312,-0.235471743658373,-0.068695649751939,0.068695649751939
"84309",-0.182042062457737,-0.168297590280743,-0.013744472176994,0.013744472176994
"84310",0.274193940749682,0.246489035715977,0.027704905033705,0.027704905033705
"84311",-0.15842228807406,-0.153978069154387,-0.004444218919673,0.004444218919673
"84313",-0.429140010439392,-0.384685326262699,-0.044454684176693,0.044454684176693
"84314",0.0794127854275196,0.1070329019936,-0.0276201165660804,0.0276201165660804
"84316",0.132110134387662,0.110004368926946,0.022105765460716,0.022105765460716
"84317",-0.173926052506918,-0.164651466963913,-0.009274585543005,0.009274585543005
"84318",-0.270668121277868,-0.270531761286963,-0.000136359990905,0.000136359990905
"84319",-0.209982072991529,-0.185555545517532,-0.024426527473997,0.024426527473997
"84320",0.215834416172138,0.211653233148651,0.004181183023487,0.004181183023487
"84324",0.0405250156499865,0.0387537374200949,0.0017712782298916,0.0017712782298916
"84326",0.042176730522383,0.0279565774832884,0.0142201530390946,0.0142201530390946
"84328",-0.021530877540063,-0.0107859679511564,-0.0107449095889066,0.0107449095889066
"84330",-0.0403375616055105,-0.0352237593997139,-0.0051138022057966,0.0051138022057966
"84331",0.431988834225268,0.416519415280776,0.015469418944492,0.015469418944492
"84334",-0.168201110258725,-0.14271617210134,-0.025484938157385,0.025484938157385
"84335",0.0976724724973727,0.0767384391629171,0.0209340333344556,0.0209340333344556
"84336",-0.172282668119656,-0.175763456976224,0.003480788856568,0.003480788856568
"84337",-0.0903805730010316,-0.0829237374001102,-0.00745683560092139,0.00745683560092139
"8434",0.63606929858755,0.581416215966415,0.054653082621135,0.054653082621135
"84340",0.135549069262515,0.154447170949683,-0.018898101687168,0.018898101687168
"84343",-0.301307851346894,-0.270224618119983,-0.031083233226911,0.031083233226911
"84364",0.0124845536927133,0.0260162420782156,-0.0135316883855023,0.0135316883855023
"84365",0.0463343476993219,0.0484642507944416,-0.00212990309511971,0.00212990309511971
"84376",0.00107092763591878,0.0142693183123779,-0.0131983906764591,0.0131983906764591
"8439",0.236066157337482,0.213430376584379,0.022635780753103,0.022635780753103
"844",0.187176051574577,0.186312574920232,0.000863476654344997,0.000863476654344997
"8440",0.492199693191875,0.481866290475662,0.010333402716213,0.010333402716213
"84417",1.24697128020289,1.18307952626466,0.06389175393823,0.06389175393823
"84418",0.207665122072637,0.204146883740705,0.00351823833193199,0.00351823833193199
"84419",0.998408588588208,1.00870749828126,-0.010298909693052,0.010298909693052
"8443",0.181726694266486,0.162764656885982,0.018962037380504,0.018962037380504
"84437",0.463433569597936,0.453204162048148,0.010229407549788,0.010229407549788
"84440",-0.040262803923421,-0.0645181919698505,0.0242553880464295,0.0242553880464295
"84441",0.0571420905126966,0.0800044170681257,-0.0228623265554291,0.0228623265554291
"84445",0.378107567850214,0.358847786253454,0.01925978159676,0.01925978159676
"84447",-0.356345310622747,-0.340764707134219,-0.015580603488528,0.015580603488528
"8445",-0.0920438070237632,-0.0586076677202933,-0.0334361393034699,0.0334361393034699
"84455",0.246401421198228,0.24132826865883,0.005073152539398,0.005073152539398
"84456",-0.142298125645214,-0.148229590441929,0.005931464796715,0.005931464796715
"84457",-0.425346801349205,-0.438809785642413,0.013462984293208,0.013462984293208
"84458",0.239828014389194,0.184239627293167,0.055588387096027,0.055588387096027
"8446",0.0188906938868698,0.0240642766390083,-0.0051735827521385,0.0051735827521385
"84461",0.0178382789710865,0.0137224454786213,0.0041158334924652,0.0041158334924652
"8449",0.0388695674801454,0.0476741960233725,-0.0088046285432271,0.0088046285432271
"84498",-0.0612956403584815,-0.0506953307788803,-0.0106003095796012,0.0106003095796012
"84501",1.18908021129895,1.09355566957779,0.0955245417211601,0.0955245417211601
"8451",0.0669013320984357,0.0725797982462167,-0.005678466147781,0.005678466147781
"84513",-0.859133311754679,-0.827183214766325,-0.031950096988354,0.031950096988354
"84515",-0.019321298758441,-0.0413900021218734,0.0220687033634324,0.0220687033634324
"84516",-0.202346883487758,-0.215906675400599,0.013559791912841,0.013559791912841
"84522",-0.0727835390494296,-0.0537333286112104,-0.0190502104382192,0.0190502104382192
"84524",-0.30877943726176,-0.292057821570273,-0.016721615691487,0.016721615691487
"84525",0.156612784298015,0.144227911011519,0.012384873286496,0.012384873286496
"8453",-0.281343204827901,-0.255742016184976,-0.025601188642925,0.025601188642925
"84532",0.474410182711056,0.433491728023536,0.04091845468752,0.04091845468752
"8454",-0.20134893956978,-0.189207231537346,-0.012141708032434,0.012141708032434
"84545",0.000154465346928577,-0.00626564731053003,0.00642011265745861,0.00642011265745861
"84548",0.245212156538854,0.254909740110447,-0.00969758357159298,0.00969758357159298
"84549",-0.107807201704948,-0.0885503544163292,-0.0192568472886188,0.0192568472886188
"8455",0.0969325321678384,0.124177123532304,-0.0272445913644656,0.0272445913644656
"84557",-0.147159727923137,-0.158348813561445,0.011189085638308,0.011189085638308
"84569",-0.384777087159629,-0.34256629171765,-0.042210795441979,0.042210795441979
"84572",-0.287374718817907,-0.25760418576102,-0.029770533056887,0.029770533056887
"8458",-0.197971737833839,-0.228914388729278,0.030942650895439,0.030942650895439
"8459",0.189828862117023,0.175051898774504,0.014776963342519,0.014776963342519
"8460",0.556543579253088,0.555690518111477,0.000853061141610989,0.000853061141610989
"84617",-0.296614240832494,-0.300653818507593,0.00403957767509899,0.00403957767509899
"84619",-0.0883515196099006,-0.0901571217259188,0.0018056021160182,0.0018056021160182
"84626",-0.3009834320354,-0.308997341885141,0.00801390984974099,0.00801390984974099
"84632",1.16452050618555,1.13494457769334,0.0295759284922099,0.0295759284922099
"84641",-0.18741857139542,-0.180815481514474,-0.00660308988094602,0.00660308988094602
"84656",-0.0397978621803188,-0.0385864259220844,-0.0012114362582344,0.0012114362582344
"84661",-0.187209831700135,-0.178452654323284,-0.008757177376851,0.008757177376851
"84668",0.0017950753355882,0.0226284493035965,-0.0208333739680083,0.0208333739680083
"84669",-0.126324065159902,-0.113604641187075,-0.012719423972827,0.012719423972827
"8467",-0.13776664633497,-0.103928639083749,-0.033838007251221,0.033838007251221
"84671",-0.234739226588825,-0.217343555077672,-0.017395671511153,0.017395671511153
"84678",0.257587428023686,0.26258564850117,-0.00499822047748399,0.00499822047748399
"84679",-0.383342594869151,-0.361644025605367,-0.021698569263784,0.021698569263784
"84681",-0.0240360569427245,-0.0274683373572435,0.003432280414519,0.003432280414519
"84690",-0.231540033124018,-0.2064363067386,-0.025103726385418,0.025103726385418
"84693",-0.0234185437098284,-0.0223070253607629,-0.0011115183490655,0.0011115183490655
"84695",0.299488102512605,0.294709296455432,0.00477880605717301,0.00477880605717301
"847",0.79929524059355,0.738268433653312,0.061026806940238,0.061026806940238
"8470",1.49546920957863,1.46012018463375,0.03534902494488,0.03534902494488
"84701",2.12632053415049,2.07985280098989,0.0464677331606,0.0464677331606
"84705",-0.0804871341195279,-0.0735529704940068,-0.0069341636255211,0.0069341636255211
"84706",-1.11236631469897,-1.0807020481091,-0.0316642665898699,0.0316642665898699
"84707",-0.428536056262456,-0.418027648978011,-0.010508407284445,0.010508407284445
"84708",-0.141520432811948,-0.10921778168859,-0.032302651123358,0.032302651123358
"84717",0.0125109379610605,0.000288348443902754,0.0122225895171577,0.0122225895171577
"84720",-0.401323634877135,-0.375315697875443,-0.026007937001692,0.026007937001692
"84722",-0.169891197222489,-0.164755439902887,-0.005135757319602,0.005135757319602
"84727",0.175395557183693,0.204929496496499,-0.029533939312806,0.029533939312806
"8473",0.0269766878353111,0.0245009094223406,0.0024757784129705,0.0024757784129705
"84749",-0.269630387219711,-0.230704619643572,-0.038925767576139,0.038925767576139
"84759",-0.0667227730992885,-0.0626540897499015,-0.004068683349387,0.004068683349387
"8476",0.198696483594087,0.162568964988212,0.036127518605875,0.036127518605875
"84765",-0.132188787174045,-0.133161530526052,0.000972743352007005,0.000972743352007005
"84769",-0.495797441984024,-0.441552238488482,-0.054245203495542,0.054245203495542
"8479",-0.0638007749828409,-0.0731601983917185,0.0093594234088776,0.0093594234088776
"84790",-0.319075791686217,-0.297289242584939,-0.021786549101278,0.021786549101278
"84795",0.228765223195685,0.217066292272932,0.011698930922753,0.011698930922753
"8480",-0.184720149799316,-0.16479263762521,-0.019927512174106,0.019927512174106
"84803",-0.234529669881344,-0.231892395853403,-0.00263727402794101,0.00263727402794101
"8481",-0.157274950953038,-0.172235828217989,0.014960877264951,0.014960877264951
"84811",0.110208437571972,0.111897197269049,-0.00168875969707699,0.00168875969707699
"84816",-0.150611028597711,-0.124503944572371,-0.02610708402534,0.02610708402534
"84817",0.0159198735937697,-0.00579667758405503,0.0217165511778247,0.0217165511778247
"84818",0.202911136782125,0.16316341844609,0.039747718336035,0.039747718336035
"8482",-0.614053981729344,-0.578679533017434,-0.03537444871191,0.03537444871191
"84823",-0.26715452800833,-0.281786363613962,0.014631835605632,0.014631835605632
"84826",-0.128847432657955,-0.118996719003248,-0.00985071365470701,0.00985071365470701
"84836",0.109417915481595,0.0973460437561211,0.0120718717254739,0.0120718717254739
"84839",-0.0406675944215283,-0.0888253763286487,0.0481577819071204,0.0481577819071204
"84842",0.0451077020759907,0.0344436006699373,0.0106641014060534,0.0106641014060534
"84844",-0.403684981558306,-0.383059008145068,-0.020625973413238,0.020625973413238
"84851",0.0141063899411246,0.0138488091472756,0.000257580793849001,0.000257580793849001
"84858",0.540892960212382,0.479854247174657,0.061038713037725,0.061038713037725
"84859",-0.0903250226525977,-0.06757689288381,-0.0227481297687877,0.0227481297687877
"84861",0.177138541342842,0.167769807340128,0.00936873400271399,0.00936873400271399
"84864",0.071385253881503,0.094259273493109,-0.022874019611606,0.022874019611606
"84868",1.42175169117229,1.26510139080014,0.15665030037215,0.15665030037215
"84869",0.123650318613233,0.119275829854586,0.004374488758647,0.004374488758647
"8487",0.0932866211917269,0.109919328658608,-0.0166327074668811,0.0166327074668811
"84870",1.08340389765261,1.03407683642482,0.0493270612277898,0.0493270612277898
"84872",0.0376886817590649,0.0338922752947868,0.0037964064642781,0.0037964064642781
"84875",0.580111321164275,0.521049784182803,0.059061536981472,0.059061536981472
"84879",-0.0134377773731401,-0.0174917578874021,0.004053980514262,0.004053980514262
"84881",-0.194610317674892,-0.199160316500726,0.00454999882583398,0.00454999882583398
"84885",-0.0900770859302181,-0.109638554589849,0.0195614686596309,0.0195614686596309
"84886",0.273719203014653,0.24807057410792,0.025648628906733,0.025648628906733
"84888",-0.0126403861153947,0.00370271040815325,-0.0163430965235479,0.0163430965235479
"84890",0.270445861041344,0.249785069125073,0.020660791916271,0.020660791916271
"84892",0.655913347500803,0.626101208805778,0.029812138695025,0.029812138695025
"84893",-0.0588567312279709,-0.0361785824524218,-0.0226781487755491,0.0226781487755491
"84895",-0.212584961434444,-0.212328109932494,-0.000256851501949984,0.000256851501949984
"84896",-0.08833609911005,-0.0614629986444281,-0.0268731004656219,0.0268731004656219
"84897",0.104386944507068,0.108893986940517,-0.004507042433449,0.004507042433449
"84898",-1.06873582003969,-1.01155058877185,-0.05718523126784,0.05718523126784
"84899",-0.118633878099542,-0.142241373958837,0.023607495859295,0.023607495859295
"84900",0.0569301476954173,0.0526050827683919,0.0043250649270254,0.0043250649270254
"84901",-0.655953396380029,-0.602337382917638,-0.053616013462391,0.053616013462391
"84908",-0.18501796763316,-0.179584639588092,-0.00543332804506799,0.00543332804506799
"84909",0.266621600950034,0.235341941115869,0.031279659834165,0.031279659834165
"8491",0.182832033232968,0.208086796584657,-0.025254763351689,0.025254763351689
"84910",-0.332276956656124,-0.29109255965739,-0.041184396998734,0.041184396998734
"84912",-0.000278234825822555,-0.012488058883271,0.0122098240574484,0.0122098240574484
"84916",-0.264933873542128,-0.237442824185311,-0.027491049356817,0.027491049356817
"84919",0.28379283624822,0.293995925731581,-0.010203089483361,0.010203089483361
"84920",-0.191777089145312,-0.163609790202248,-0.028167298943064,0.028167298943064
"84922",0.0291117242155909,0.00544516829741155,0.0236665559181794,0.0236665559181794
"84923",-0.0745353577837405,-0.0788386464305955,0.004303288646855,0.004303288646855
"84925",-0.160440832835365,-0.15302944902491,-0.007411383810455,0.007411383810455
"84926",0.027535508294976,0.000408081514156288,0.0271274267808197,0.0271274267808197
"84928",-0.232416375401518,-0.209154566556557,-0.023261808844961,0.023261808844961
"84929",-0.233441772762542,-0.223088946762364,-0.010352826000178,0.010352826000178
"8493",0.136396837259447,0.146076685810831,-0.00967984855138398,0.00967984855138398
"84932",0.20501178035179,0.198656806729234,0.00635497362255599,0.00635497362255599
"84933",-0.0189407693230441,-0.0142782747825154,-0.0046624945405287,0.0046624945405287
"84934",-0.339937805349155,-0.325681595888272,-0.014256209460883,0.014256209460883
"84936",-0.0884236723925548,-0.0781066304144926,-0.0103170419780622,0.0103170419780622
"84938",-0.117044860637379,-0.0944088095071649,-0.0226360511302141,0.0226360511302141
"84939",0.217188963041692,0.193984443317209,0.023204519724483,0.023204519724483
"84940",-0.398285364079537,-0.392369986790716,-0.00591537728882102,0.00591537728882102
"84942",0.135426843221955,0.138380325273665,-0.00295348205171,0.00295348205171
"84945",0.456529753032734,0.466157038788968,-0.00962728575623401,0.00962728575623401
"84946",-0.0854767461121163,-0.0606408854368311,-0.0248358606752852,0.0248358606752852
"84948",0.119814064207767,0.113374664355133,0.00643939985263399,0.00643939985263399
"8495",-0.474616963257293,-0.461400892878325,-0.013216070378968,0.013216070378968
"84950",-0.287671757072143,-0.255461640084087,-0.032210116988056,0.032210116988056
"84951",0.257796896420112,0.245333468817938,0.012463427602174,0.012463427602174
"84952",0.559636906462878,0.557557611565859,0.00207929489701897,0.00207929489701897
"84954",0.097731451471885,0.0933492717724438,0.0043821796994412,0.0043821796994412
"84959",0.176325774591747,0.178438684243717,-0.00211290965197,0.00211290965197
"8496",0.352348897984932,0.354782463606186,-0.00243356562125396,0.00243356562125396
"84961",-0.389265920805598,-0.357236124767053,-0.032029796038545,0.032029796038545
"84964",-0.04424932182111,-0.0286609012891903,-0.0155884205319197,0.0155884205319197
"84967",-0.391848268448373,-0.365544323553966,-0.026303944894407,0.026303944894407
"84969",0.119197498611632,0.11676591230225,0.00243158630938199,0.00243158630938199
"84971",-0.076246908961278,-0.0633068207639372,-0.0129400881973408,0.0129400881973408
"84975",0.0582715523233583,0.0688943990388793,-0.010622846715521,0.010622846715521
"84976",0.261550288881681,0.26217491734039,-0.000624628458708976,0.000624628458708976
"8498",-0.0380305687778256,-0.0228558425104561,-0.0151747262673695,0.0151747262673695
"84987",0.149777865488597,0.163708234645971,-0.013930369157374,0.013930369157374
"84988",0.168918141169317,0.175340219448585,-0.006422078279268,0.006422078279268
"84991",0.37659297683977,0.371022802760085,0.00557017407968502,0.00557017407968502
"84993",0.0409466152491778,0.0553581588107102,-0.0144115435615324,0.0144115435615324
"8500",0.0791308735273777,0.0789422500639165,0.000188623463461199,0.000188623463461199
"85004",0.920218428063274,0.939166972173437,-0.018948544110163,0.018948544110163
"85007",0.284169394069343,0.257788103304724,0.026381290764619,0.026381290764619
"85012",0.734121357162493,0.709275428572461,0.0248459285900321,0.0248459285900321
"85014",-0.203177636761447,-0.194166097803107,-0.00901153895834,0.00901153895834
"85021",0.0483051700145422,0.0423588608361991,0.0059463091783431,0.0059463091783431
"85025",0.159204321108845,0.165502409555882,-0.006298088447037,0.006298088447037
"85027",0.234991425514674,0.249217067418444,-0.01422564190377,0.01422564190377
"8504",0.463484480097125,0.443352744037321,0.020131736059804,0.020131736059804
"8507",0.746726380233335,0.717158422250419,0.029567957982916,0.029567957982916
"8508",-0.0697722917827718,-0.0940630950730427,0.0242908032902709,0.0242908032902709
"8509",0.00954940881582549,0.0272523470771741,-0.0177029382613486,0.0177029382613486
"8518",-0.0763579331033806,-0.0563284362969705,-0.0200294968064101,0.0200294968064101
"8519",0.402700618859137,0.37987163328126,0.022828985577877,0.022828985577877
"8520",0.182133378053988,0.201334836991696,-0.019201458937708,0.019201458937708
"8521",-0.209135411248482,-0.212919299218681,0.00378388797019899,0.00378388797019899
"85236",-0.157896598402517,-0.146082062891227,-0.01181453551129,0.01181453551129
"8525",-0.597005254186601,-0.576029056167415,-0.020976198019186,0.020976198019186
"8527",0.469665856095881,0.43018000706771,0.039485849028171,0.039485849028171
"8531",0.0297990863635034,0.0231094136569904,0.006689672706513,0.006689672706513
"85315",0.743372156414672,0.724513815837984,0.018858340576688,0.018858340576688
"8532",0.532019838843331,0.534482069900324,-0.00246223105699295,0.00246223105699295
"8533",-0.274856353769965,-0.263692220181704,-0.011164133588261,0.011164133588261
"8535",0.314104921168501,0.301252093851906,0.012852827316595,0.012852827316595
"85360",-0.262760361020712,-0.255951202088723,-0.00680915893198897,0.00680915893198897
"85363",0.0609824433686015,0.058953525715988,0.0020289176526135,0.0020289176526135
"85365",-0.0946413269743593,-0.0656953039741287,-0.0289460230002306,0.0289460230002306
"85369",-0.165623525716571,-0.148749249871633,-0.016874275844938,0.016874275844938
"85377",-0.0440097579543617,-0.0573693548018301,0.0133595968474684,0.0133595968474684
"85378",-0.1958875036809,-0.196264234248086,0.000376730567186012,0.000376730567186012
"8539",-0.219856043631814,-0.22183410449817,0.00197806086635602,0.00197806086635602
"85395",-0.346808392127935,-0.313581690521388,-0.033226701606547,0.033226701606547
"8540",-0.126975449334682,-0.114503961053018,-0.012471488281664,0.012471488281664
"85409",1.18594822412776,1.095557520329,0.0903907037987599,0.0903907037987599
"8543",0.116100098603635,0.103754282803044,0.012345815800591,0.012345815800591
"85437",0.309018503612278,0.288012946252039,0.021005557360239,0.021005557360239
"8544",0.260277632558392,0.254879811679262,0.00539782087912999,0.00539782087912999
"85440",0.082747155020568,0.0712747515890899,0.0114724034314781,0.0114724034314781
"85444",-0.251757751497243,-0.237013982426386,-0.014743769070857,0.014743769070857
"8545",-0.102508192375256,-0.0826325915185235,-0.0198756008567325,0.0198756008567325
"85450",0.149181210770099,0.144572937507927,0.004608273262172,0.004608273262172
"85456",0.19923813109132,0.161098074808243,0.038140056283077,0.038140056283077
"85457",-0.0470294407478625,-0.0426760613549895,-0.004353379392873,0.004353379392873
"8546",0.0437767217609954,0.05112285978529,-0.0073461380242946,0.0073461380242946
"85460",0.221427921352227,0.21910544246282,0.00232247888940701,0.00232247888940701
"85461",0.000271022464221369,0.00848301339766785,-0.00821199093344648,0.00821199093344648
"85462",-0.344746038105453,-0.352005976132579,0.00725993802712599,0.00725993802712599
"85465",-0.128513436986782,-0.12911980589642,0.000606368909638,0.000606368909638
"8547",1.10517989806734,1.10141026814943,0.00376962991790997,0.00376962991790997
"85476",0.206097879078284,0.206418800278024,-0.000320921199740004,0.000320921199740004
"85477",0.314813067924915,0.349500568894314,-0.034687500969399,0.034687500969399
"8549",0.341989121996612,0.352518013991734,-0.010528891995122,0.010528891995122
"8550",0.127963707186407,0.122929116097259,0.00503459108914801,0.00503459108914801
"8553",0.0144364395973648,0.0236362681588815,-0.0091998285615167,0.0091998285615167
"8554",0.167886216522004,0.163746368213389,0.004139848308615,0.004139848308615
"8558",0.155211228356406,0.133407508250291,0.021803720106115,0.021803720106115
"8559",0.216816617032939,0.226292477879849,-0.00947586084690999,0.00947586084690999
"8560",0.424666022943855,0.418785053845723,0.00588096909813202,0.00588096909813202
"8562",0.0947689470551496,0.0945511972586433,0.000217749796506295,0.000217749796506295
"8563",-0.315580699656338,-0.281800759484288,-0.03377994017205,0.03377994017205
"8564",-0.13859846695393,-0.11868701568175,-0.01991145127218,0.01991145127218
"8565",-0.125310317209521,-0.104562046002339,-0.020748271207182,0.020748271207182
"8566",0.0254101646350036,0.00541095088068487,0.0199992137543187,0.0199992137543187
"8567",0.0766737167698058,0.0788651567556136,-0.0021914399858078,0.0021914399858078
"8568",-0.295742313518752,-0.259654354553176,-0.036087958965576,0.036087958965576
"8569",0.634487455921825,0.630897328396786,0.00359012752503896,0.00359012752503896
"857",0.628492036424079,0.6612890420974,-0.032797005673321,0.032797005673321
"8570",-0.274725370500603,-0.276575024402867,0.00184965390226405,0.00184965390226405
"8574",-0.107808003665919,-0.121216342337588,0.013408338671669,0.013408338671669
"8575",-0.0664363889134124,-0.0667649219660024,0.000328533052589994,0.000328533052589994
"8576",0.0728585704180193,0.0729003723809022,-4.18019628829064e-05,4.18019628829064e-05
"858",0.665168089088902,0.707767405713302,-0.0425993166244,0.0425993166244
"85865",0.0753416134872635,0.0700271486993547,0.0053144647879088,0.0053144647879088
"86",-0.0884521479920857,-0.0866462691864288,-0.0018058788056569,0.0018058788056569
"8601",1.43383379007062,1.38306992539421,0.0507638646764099,0.0507638646764099
"8602",-0.167894977315865,-0.156861224247479,-0.011033753068386,0.011033753068386
"8603",0.103896645039745,0.0964593109536142,0.0074373340861308,0.0074373340861308
"8604",0.285031095828526,0.260612494921035,0.024418600907491,0.024418600907491
"8607",0.142772317601925,0.17602290006725,-0.033250582465325,0.033250582465325
"861",0.457750681349058,0.404632998665498,0.05311768268356,0.05311768268356
"8611",0.203326500067408,0.204459276982658,-0.00113277691525002,0.00113277691525002
"8612",-0.361773639056515,-0.368465159499955,0.00669152044344001,0.00669152044344001
"8613",0.887416178702216,0.865057636882377,0.022358541819839,0.022358541819839
"8615",-0.152271184770941,-0.152346047891525,7.48631205839956e-05,7.48631205839956e-05
"862",-0.869441789999038,-0.776201009441138,-0.0932407805579,0.0932407805579
"8621",-0.159955350057175,-0.148598150053591,-0.011357200003584,0.011357200003584
"8623",-0.134990681282083,-0.107275602230864,-0.027715079051219,0.027715079051219
"8624",-0.208799582207715,-0.200838122326096,-0.007961459881619,0.007961459881619
"8625",0.20268389361612,0.217566556738333,-0.014882663122213,0.014882663122213
"8626",-0.05202252749782,-0.0575737638945499,0.0055512363967299,0.0055512363967299
"8630",0.347910186227565,0.35432997885145,-0.00641979262388503,0.00641979262388503
"8634",-0.0111795735450087,-0.00538646267317278,-0.00579311087183592,0.00579311087183592
"8635",0.467683353348535,0.425352399087997,0.042330954260538,0.042330954260538
"8636",-0.147400986501198,-0.129273146790446,-0.018127839710752,0.018127839710752
"8645",0.0368491130915228,0.0566690992523843,-0.0198199861608615,0.0198199861608615
"8648",0.270879471699626,0.254359315575839,0.016520156123787,0.016520156123787
"8649",0.0535684507064966,0.061704009176388,-0.0081355584698914,0.0081355584698914
"865",-0.0435748133336386,-0.0370585897711268,-0.0065162235625118,0.0065162235625118
"8650",0.317790618272192,0.31442071609476,0.00336990217743199,0.00336990217743199
"8651",-0.0416588337489292,-0.0283494526241519,-0.0133093811247773,0.0133093811247773
"8655",-0.0497721457830953,-0.0518102273142337,0.0020380815311384,0.0020380815311384
"8659",0.155982242643496,0.116012432920699,0.039969809722797,0.039969809722797
"8660",-0.141921155398967,-0.158600818663714,0.016679663264747,0.016679663264747
"8661",-0.045765322120425,-0.047212644479284,0.001447322358859,0.001447322358859
"8662",-0.200922249923985,-0.1806691218626,-0.020253128061385,0.020253128061385
"8664",-0.164429269150224,-0.144496985143668,-0.019932284006556,0.019932284006556
"8665",-0.030168798615922,-0.0276684286480281,-0.0025003699678939,0.0025003699678939
"8666",0.0346528680340307,0.0274570613404853,0.0071958066935454,0.0071958066935454
"8667",-0.0543230185321608,-0.0655607357372141,0.0112377172050533,0.0112377172050533
"8668",-0.0700015802264725,-0.0735962981415266,0.0035947179150541,0.0035947179150541
"8669",0.0511722843078426,0.0637468069173979,-0.0125745226095553,0.0125745226095553
"867",0.12120543511804,0.0866948604614084,0.0345105746566316,0.0345105746566316
"8671",-0.665309159319015,-0.599911269818777,-0.0653978895002381,0.0653978895002381
"8672",-0.00636432212920843,-0.0116216271808383,0.00525730505162987,0.00525730505162987
"8673",0.119899422937349,0.137176001678229,-0.01727657874088,0.01727657874088
"8675",0.00780168171879529,0.0159165211338093,-0.00811483941501401,0.00811483941501401
"8676",-0.101543307162127,-0.0673969480020501,-0.0341463591600769,0.0341463591600769
"8677",-0.0101987291920318,-0.00666605037572879,-0.00353267881630301,0.00353267881630301
"8678",-0.131278057481179,-0.117986113933499,-0.01329194354768,0.01329194354768
"868",-0.461713970840845,-0.461494485463194,-0.000219485377650985,0.000219485377650985
"8682",0.232821481243243,0.232352102512037,0.000469378731206005,0.000469378731206005
"8683",-0.0426614512839539,-0.0347637297865332,-0.0078977214974207,0.0078977214974207
"8690",-0.0958073061113519,-0.0876138762996831,-0.00819342981166879,0.00819342981166879
"8692",0.556162028010526,0.547996995162015,0.008165032848511,0.008165032848511
"8694",0.105972089534696,0.11288202904442,-0.006909939509724,0.006909939509724
"8697",0.085636326476541,0.0931678234262942,-0.00753149694975321,0.00753149694975321
"87",-0.4171222016769,-0.442858945368471,0.025736743691571,0.025736743691571
"8702",-0.275507157793406,-0.257360283315828,-0.018146874477578,0.018146874477578
"8703",-0.315042469976546,-0.291839190374894,-0.023203279601652,0.023203279601652
"8704",-0.21373526437854,-0.236744346680343,0.023009082301803,0.023009082301803
"8706",0.207478661285983,0.216171255465735,-0.00869259417975202,0.00869259417975202
"8717",-0.0319462924280591,-0.0123441257943089,-0.0196021666337502,0.0196021666337502
"87178",-0.0168101145609558,-0.0312598820026351,0.0144497674416793,0.0144497674416793
"8720",0.0364018939883462,0.0303443038268903,0.0060575901614559,0.0060575901614559
"8721",-0.490101129342189,-0.450854467618521,-0.039246661723668,0.039246661723668
"8722",0.739928768026451,0.677698645461466,0.0622301225649851,0.0622301225649851
"8723",0.378779761153517,0.386145038946134,-0.00736527779261698,0.00736527779261698
"8724",0.154651634616028,0.155384071189015,-0.000732436572987022,0.000732436572987022
"8727",0.0262714247258946,0.0321148115472257,-0.0058433868213311,0.0058433868213311
"8728",-0.342728062105504,-0.34694005111746,0.00421198901195602,0.00421198901195602
"8729",-0.203929836828031,-0.215971653840542,0.012041817012511,0.012041817012511
"873",-0.550841932105964,-0.484756286256722,-0.066085645849242,0.066085645849242
"8731",-0.141617765606005,-0.130758452326207,-0.010859313279798,0.010859313279798
"8732",-0.149564837182586,-0.134713423731275,-0.014851413451311,0.014851413451311
"8733",-0.20955668749643,-0.20378092291272,-0.00577576458371001,0.00577576458371001
"8736",0.512531555421571,0.427716694372338,0.084814861049233,0.084814861049233
"8737",0.236700180321799,0.262142459694706,-0.025442279372907,0.025442279372907
"8738",0.0780620290005629,0.078298982284665,-0.000236953284102101,0.000236953284102101
"874",0.633214102018853,0.599799714012794,0.033414388006059,0.033414388006059
"8742",1.12992234435283,1.04964973896098,0.0802726053918499,0.0802726053918499
"8743",0.46150035174959,0.514949633606951,-0.053449281857361,0.053449281857361
"8751",0.323176832527023,0.310391820131204,0.012785012395819,0.012785012395819
"8754",0.00363440345947293,0.0228693672162512,-0.0192349637567783,0.0192349637567783
"8760",-0.0725664509331122,-0.086437859309173,0.0138714083760608,0.0138714083760608
"8761",-0.0501400856693071,-0.0716357332781229,0.0214956476088158,0.0214956476088158
"8763",0.138618720091077,0.167581489636092,-0.028962769545015,0.028962769545015
"8766",0.0777017209152543,0.066350017794818,0.0113517031204363,0.0113517031204363
"8767",-0.742429967491152,-0.70490174100257,-0.037528226488582,0.037528226488582
"8772",0.0249208906539572,0.0218672093517246,0.0030536813022326,0.0030536813022326
"8773",0.45036920648876,0.482254686383162,-0.031885479894402,0.031885479894402
"8774",-0.338564129749097,-0.297921586183886,-0.040642543565211,0.040642543565211
"8775",0.00106259293538797,0.00672739397492145,-0.00566480103953348,0.00566480103953348
"8776",0.00511722017913732,0.0122894206389325,-0.00717220045979518,0.00717220045979518
"8777",0.037911606045466,0.0450064262088467,-0.0070948201633807,0.0070948201633807
"8780",0.189089113349031,0.191048958995672,-0.00195984564664101,0.00195984564664101
"8788",0.602081923635682,0.564957574813735,0.037124348821947,0.037124348821947
"8794",-0.0749329111122437,-0.0414205460913262,-0.0335123650209175,0.0335123650209175
"8795",-0.138233531222623,-0.11913573699951,-0.019097794223113,0.019097794223113
"8798",0.274792315674986,0.257808994927319,0.016983320747667,0.016983320747667
"8799",0.117782227264017,0.114783364190703,0.00299886307331401,0.00299886307331401
"8801",0.0195871095871494,0.0172823445141659,0.0023047650729835,0.0023047650729835
"8802",0.0413250140135375,0.0216018321804264,0.0197231818331111,0.0197231818331111
"8803",0.0645496813643278,0.0757798482960866,-0.0112301669317588,0.0112301669317588
"8804",-0.202267934786792,-0.139118614408097,-0.063149320378695,0.063149320378695
"8805",-0.373909026338287,-0.342298943785971,-0.031610082552316,0.031610082552316
"8813",-0.0336310380765711,-0.0181131540784261,-0.015517883998145,0.015517883998145
"8815",-0.0556464848851331,-0.0535749351216458,-0.0020715497634873,0.0020715497634873
"8818",-0.0828558156456586,-0.0617534285133667,-0.0211023871322919,0.0211023871322919
"8819",0.223795842434646,0.219731731111774,0.00406411132287202,0.00406411132287202
"8824",0.216918646441702,0.189882605786785,0.027036040654917,0.027036040654917
"8826",-0.0521831212533613,-0.0695138166717854,0.0173306954184241,0.0173306954184241
"8828",0.529758333051437,0.532319815937352,-0.00256148288591496,0.00256148288591496
"8829",0.696490903426145,0.660424963531933,0.0360659398942119,0.0360659398942119
"883",-0.308029562986569,-0.332359208015286,0.024329645028717,0.024329645028717
"8833",-0.279124496415165,-0.238089275903242,-0.041035220511923,0.041035220511923
"8834",-0.0796413616200359,-0.0681096765484805,-0.0115316850715554,0.0115316850715554
"8835",0.320057128590606,0.329719196987463,-0.00966206839685702,0.00966206839685702
"8836",0.0270142883277555,0.0316378595409592,-0.0046235712132037,0.0046235712132037
"8837",0.28469977835559,0.299662702219801,-0.014962923864211,0.014962923864211
"8841",0.148384773690297,0.144718851617492,0.003665922072805,0.003665922072805
"88455",0.293404484673279,0.283824186001462,0.00958029867181703,0.00958029867181703
"8846",-0.148002094980344,-0.126757952783917,-0.021244142196427,0.021244142196427
"8848",0.313328165419335,0.280835519842391,0.032492645576944,0.032492645576944
"885",1.46660184936333,1.28619723950608,0.18040460985725,0.18040460985725
"8857",1.95307877261381,1.84781485794726,0.10526391466655,0.10526391466655
"8862",0.825807026358663,0.788079801993396,0.037727224365267,0.037727224365267
"8864",-0.0302749198831991,-0.0561858456263998,0.0259109257432007,0.0259109257432007
"8867",-0.278074014901394,-0.260995084792149,-0.017078930109245,0.017078930109245
"8870",-0.137261024573541,-0.0917753065070232,-0.0454857180665178,0.0454857180665178
"8871",-0.471901730888148,-0.442000900621366,-0.029900830266782,0.029900830266782
"8872",-0.0273584681821945,-0.00602042756060887,-0.0213380406215856,0.0213380406215856
"8874",0.135032676985374,0.123043743271351,0.011988933714023,0.011988933714023
"88745",-0.18835330989077,-0.176169612020883,-0.012183697869887,0.012183697869887
"8875",0.400389722229558,0.424036844654788,-0.02364712242523,0.02364712242523
"8878",0.0758683929908007,0.0735717841437833,0.00229660884701739,0.00229660884701739
"8880",-0.0779523539314182,-0.0720581683685715,-0.0058941855628467,0.0058941855628467
"8881",0.0105687835429078,0.00589662435444866,0.00467215918845914,0.00467215918845914
"8882",-0.325005527160918,-0.289094612099414,-0.035910915061504,0.035910915061504
"8883",-0.111631081454328,-0.106284117636121,-0.005346963818207,0.005346963818207
"8884",-0.443961056138983,-0.432172305063687,-0.011788751075296,0.011788751075296
"8886",0.0259137558237851,0.0319009298203273,-0.0059871739965422,0.0059871739965422
"8887",0.105360570467121,0.121768324816252,-0.016407754349131,0.016407754349131
"8888",-0.29426620332644,-0.27606181861993,-0.01820438470651,0.01820438470651
"889",0.0925024987532417,0.0927684289213294,-0.000265930168087708,0.000265930168087708
"8890",-0.135535338841019,-0.129563202095021,-0.005972136745998,0.005972136745998
"8891",0.0521110063164073,0.0414692281378668,0.0106417781785405,0.0106417781785405
"8892",-0.392886481708885,-0.363692664086119,-0.029193817622766,0.029193817622766
"8893",-0.288350619307634,-0.270206876748059,-0.018143742559575,0.018143742559575
"8894",-0.0733331926413049,-0.0537896732872478,-0.0195435193540571,0.0195435193540571
"8895",-0.0501600694921567,-0.0579907453986009,0.0078306759064442,0.0078306759064442
"8896",0.0341723375668586,0.0462570634954457,-0.0120847259285871,0.0120847259285871
"8897",0.209547599725381,0.17715604391486,0.032391555810521,0.032391555810521
"8899",-0.107529383627036,-0.0712269936817693,-0.0363023899452667,0.0363023899452667
"890",-0.407531225386763,-0.413757977990712,0.006226752603949,0.006226752603949
"8904",-0.258872617431085,-0.263269966134499,0.00439734870341402,0.00439734870341402
"8905",1.29071634428708,1.2402173522006,0.05049899208648,0.05049899208648
"8906",0.102086195486398,0.0822358709291426,0.0198503245572554,0.0198503245572554
"8907",0.0874678091348893,0.0694707999310896,0.0179970092037997,0.0179970092037997
"8908",-0.806078528748644,-0.748922658992949,-0.0571558697556951,0.0571558697556951
"8909",0.10860850681005,0.140830120396401,-0.032221613586351,0.032221613586351
"891",-0.602855045685419,-0.61916676008169,0.016311714396271,0.016311714396271
"8910",0.401807404796077,0.419390234036253,-0.017582829240176,0.017582829240176
"89122",0.165389684643204,0.178278941541311,-0.012889256898107,0.012889256898107
"8914",-0.145914472321563,-0.122069601289351,-0.023844871032212,0.023844871032212
"8915",-0.0736788335205383,-0.0883755085472097,0.0146966750266714,0.0146966750266714
"892",-0.139407504252806,-0.111315186677813,-0.028092317574993,0.028092317574993
"8924",-0.175559713506198,-0.182330105474744,0.00677039196854598,0.00677039196854598
"8925",-0.128592046756485,-0.134322995040851,0.00573094828436599,0.00573094828436599
"8930",0.0629325837187639,0.0539631748756674,0.00896940884309649,0.00896940884309649
"8932",-0.502849015783404,-0.470310579301122,-0.032538436482282,0.032538436482282
"8934",0.095568113152344,0.0980298777985556,-0.0024617646462116,0.0024617646462116
"8935",0.137189379330696,0.152929749227707,-0.015740369897011,0.015740369897011
"894",0.336257090622961,0.296196724155356,0.040060366467605,0.040060366467605
"8942",-0.588703525873239,-0.573827670291648,-0.014875855581591,0.014875855581591
"8943",-0.0595730442168631,-0.0527784873114841,-0.006794556905379,0.006794556905379
"8945",-0.0505453601340286,-0.0343590107428858,-0.0161863493911428,0.0161863493911428
"896",0.196334677249705,0.187159403057912,0.00917527419179298,0.00917527419179298
"8968",-0.568231646321371,-0.521229467082186,-0.047002179239185,0.047002179239185
"8971",0.161988471423637,0.157863100124961,0.00412537129867602,0.00412537129867602
"8974",-0.160547658673156,-0.153142802360601,-0.00740485631255502,0.00740485631255502
"8975",-0.388460791846614,-0.376832940491057,-0.011627851355557,0.011627851355557
"8976",0.226231346987841,0.220656242734778,0.00557510425306301,0.00557510425306301
"89781",-0.22737080680629,-0.217853196830594,-0.00951760997569598,0.00951760997569598
"89796",-0.0897972151012589,-0.104883381664182,0.0150861665629231,0.0150861665629231
"89797",-0.015644279725569,-0.0332389556497271,0.0175946759241581,0.0175946759241581
"898",-0.694789120898725,-0.692321243798061,-0.00246787710066398,0.00246787710066398
"89845",-0.0248624405184838,-0.0387931875815959,0.0139307470631121,0.0139307470631121
"89846",0.178100782168332,0.163806914827591,0.014293867340741,0.014293867340741
"89849",-0.122314283895995,-0.122203823549866,-0.000110460346128993,0.000110460346128993
"8985",0.0633115143254377,0.047147359300595,0.0161641550248427,0.0161641550248427
"8986",-0.0270893101260971,-0.046017073792853,0.0189277636667559,0.0189277636667559
"89891",-0.236366237302059,-0.258568704697691,0.022202467395632,0.022202467395632
"89894",-0.568628912875071,-0.546393788178772,-0.022235124696299,0.022235124696299
"899",-0.226955305508979,-0.230570465164351,0.00361515965537201,0.00361515965537201
"8991",0.681243818346615,0.678582663067353,0.00266115527926192,0.00266115527926192
"89910",0.0136453121257486,0.0150786434049884,-0.0014333312792398,0.0014333312792398
"8992",-0.0571538101180957,-0.0617369575670382,0.0045831474489425,0.0045831474489425
"89932",0.615023022343425,0.607766059757524,0.00725696258590103,0.00725696258590103
"89941",-0.223039032227304,-0.203759070753051,-0.019279961474253,0.019279961474253
"89953",-0.341049115627262,-0.310206590283718,-0.030842525343544,0.030842525343544
"89978",0.209502228653676,0.1899085185258,0.019593710127876,0.019593710127876
"90",0.162903814018431,0.169166656107905,-0.006262842089474,0.006262842089474
"900",-0.123514826943432,-0.127500335428567,0.00398550848513501,0.00398550848513501
"90007",-0.0404813946523428,-0.0543012136726768,0.013819819020334,0.013819819020334
"90025",0.137113178954276,0.112603768966397,0.024509409987879,0.024509409987879
"90060",0.0387466248480021,0.0300975688226318,0.0086490560253703,0.0086490560253703
"901",0.374101766855976,0.386200850170496,-0.01209908331452,0.01209908331452
"90102",0.0826506541560972,0.0813370485179076,0.00131360563818959,0.00131360563818959
"90121",0.059525292416194,0.0525834731892043,0.00694181922698971,0.00694181922698971
"9013",-0.00236811248695843,-0.000477008066985255,-0.00189110441997318,0.00189110441997318
"90135",0.0498144574438035,0.027044919885318,0.0227695375584855,0.0227695375584855
"90139",0.111906728222899,0.0952610053826652,0.0166457228402338,0.0166457228402338
"9014",-0.131459827600671,-0.112229507532476,-0.019230320068195,0.019230320068195
"90141",-0.152174127920563,-0.151065854039373,-0.00110827388119,0.00110827388119
"9015",0.0509242198268969,0.0785515248087925,-0.0276273049818956,0.0276273049818956
"90161",0.121208897763535,0.12832426723223,-0.00711536946869501,0.00711536946869501
"9019",-0.163566953019753,-0.148471308511385,-0.015095644508368,0.015095644508368
"90196",-0.0748485741526973,-0.0568643883281572,-0.0179841858245401,0.0179841858245401
"902",0.0936037857453457,0.112171227253434,-0.0185674415080883,0.0185674415080883
"90203",0.42440238764161,0.390468565254648,0.033933822386962,0.033933822386962
"9022",-0.325813622455588,-0.330526479015277,0.004712856559689,0.004712856559689
"90231",-0.211104851756873,-0.173380726980027,-0.037724124776846,0.037724124776846
"90233",-0.0134491472414153,0.00936675084793783,-0.0228158980893531,0.0228158980893531
"90313",0.196565582428572,0.203485346353391,-0.00691976392481899,0.00691976392481899
"90321",-0.131726813219607,-0.139025822299194,0.007299009079587,0.007299009079587
"90324",0.250729177699161,0.217326781555967,0.033402396143194,0.033402396143194
"90338",0.05325060116674,0.0835491122445351,-0.0302985110777951,0.0302985110777951
"9034",-1.85884661637531,-1.71892188365465,-0.13992473272066,0.13992473272066
"90355",-0.506034588063107,-0.49308719647682,-0.012947391586287,0.012947391586287
"90362",-0.0346231048230992,-0.00428664664083301,-0.0303364581822662,0.0303364581822662
"90378",0.0468806865822248,0.0274907142218652,0.0193899723603596,0.0193899723603596
"9039",-0.11364584517881,-0.0787172745765339,-0.0349285706022761,0.0349285706022761
"90390",0.27500944492454,0.286862940942654,-0.011853496018114,0.011853496018114
"904",-0.245523518621673,-0.250768843703118,0.00524532508144504,0.00524532508144504
"90407",-0.315921873339693,-0.296519694190763,-0.01940217914893,0.01940217914893
"90410",-0.0953937406729227,-0.0717862037042826,-0.0236075369686401,0.0236075369686401
"90411",-0.363298724323643,-0.339992630654354,-0.023306093669289,0.023306093669289
"90416",0.281840861472119,0.270114045597392,0.011726815874727,0.011726815874727
"90427",0.326588845915707,0.307178941067941,0.019409904847766,0.019409904847766
"9043",-0.205127603567124,-0.190238357857261,-0.014889245709863,0.014889245709863
"9044",-0.0191067159982775,-0.0174199381419907,-0.0016867778562868,0.0016867778562868
"90441",-0.0542339065466938,-0.0487731516656573,-0.0054607548810365,0.0054607548810365
"9045",-0.679143157382434,-0.612119275575688,-0.067023881806746,0.067023881806746
"90459",-0.572424095230539,-0.526265985729481,-0.046158109501058,0.046158109501058
"9048",0.0448931703549513,0.0353968217885902,0.0094963485663611,0.0094963485663611
"90480",0.200590399956387,0.148144588991397,0.05244581096499,0.05244581096499
"90488",0.156684838210798,0.155093806302576,0.00159103190822202,0.00159103190822202
"9049",0.0277936517332314,0.0439290763814833,-0.0161354246482519,0.0161354246482519
"905",-0.0561991179275151,-0.0423215377721119,-0.0138775801554032,0.0138775801554032
"9050",0.382658558272777,0.376512905248575,0.006145653024202,0.006145653024202
"90507",0.0367593076875626,0.0548179694052718,-0.0180586617177092,0.0180586617177092
"9053",-0.155137318478444,-0.156711021018787,0.001573702540343,0.001573702540343
"9054",-0.214159250520577,-0.182532428406444,-0.031626822114133,0.031626822114133
"9055",-0.245798833424508,-0.251715238262055,0.00591640483754699,0.00591640483754699
"90550",0.0729723514007854,0.0629465607454393,0.0100257906553461,0.0100257906553461
"9057",0.24005301401531,0.245392203535332,-0.00533918952002199,0.00533918952002199
"90580",-0.334745406350842,-0.293540005241179,-0.041205401109663,0.041205401109663
"90592",-0.046508769545097,-0.0465239940923247,1.52245472277018e-05,1.52245472277018e-05
"90594",-0.188838456482576,-0.192332444231234,0.003493987748658,0.003493987748658
"9060",0.389790154796802,0.350569228454269,0.039220926342533,0.039220926342533
"9061",-0.301682109005093,-0.319288148908058,0.017606039902965,0.017606039902965
"90624",-0.0249691522103461,-0.0257245553739242,0.000755403163578101,0.000755403163578101
"90627",0.764393560099169,0.735667912619686,0.028725647479483,0.028725647479483
"9063",0.247352745703139,0.222462317188724,0.024890428514415,0.024890428514415
"90634",0.144568111349451,0.149725762459052,-0.00515765110960101,0.00515765110960101
"90637",-0.0467325233995761,-0.0202838476140096,-0.0264486757855665,0.0264486757855665
"9064",0.0473354664305812,0.035577961879987,0.0117575045505942,0.0117575045505942
"9066",-0.00462863233460094,-0.033033638599013,0.0284050062644121,0.0284050062644121
"90678",-0.123335401346334,-0.109191214248064,-0.01414418709827,0.01414418709827
"9070",-0.147799165054966,-0.125818872188572,-0.021980292866394,0.021980292866394
"90701",-0.564180263988011,-0.568520775189806,0.00434051120179502,0.00434051120179502
"90780",0.168399817874602,0.129940548626763,0.038459269247839,0.038459269247839
"908",-0.113497241284362,-0.122709684723347,0.009212443438985,0.009212443438985
"9080",-0.156073174587496,-0.137679315152925,-0.018393859434571,0.018393859434571
"90806",0.216028263916899,0.202773521699261,0.013254742217638,0.013254742217638
"90809",-0.125761776017346,-0.100390050045412,-0.025371725971934,0.025371725971934
"90826",-0.161848827530435,-0.142459690584261,-0.019389136946174,0.019389136946174
"90843",-0.191890313480387,-0.187732030311524,-0.00415828316886299,0.00415828316886299
"90850",-0.06204019818491,-0.0845410467716408,0.0225008485867308,0.0225008485867308
"90861",-0.49452625316254,-0.485954632670906,-0.00857162049163401,0.00857162049163401
"90864",-0.0209144347885049,-0.0253675421796192,0.0044531073911143,0.0044531073911143
"90865",1.53534382737384,1.54415357352667,-0.00880974615283003,0.00880974615283003
"9088",-0.286680773043456,-0.302548798745643,0.015868025702187,0.015868025702187
"9091",0.213484594788308,0.186794178823721,0.026690415964587,0.026690415964587
"9093",-0.0471165608834242,-0.0318093999500277,-0.0153071609333965,0.0153071609333965
"90933",-0.0533750804683427,-0.0547793306317916,0.0014042501634489,0.0014042501634489
"9094",0.303460552053376,0.274390245405744,0.029070306647632,0.029070306647632
"90952",0.163378623876941,0.21160126175129,-0.048222637874349,0.048222637874349
"90956",0.0181062565847711,0.0242927530880505,-0.0061864965032794,0.0061864965032794
"9097",0.0588283125511257,0.0457083812648696,0.0131199312862561,0.0131199312862561
"90990",-0.0145551711831189,-0.0283050048294154,0.0137498336462965,0.0137498336462965
"9100",-0.080946146236594,-0.0552566728227037,-0.0256894734138903,0.0256894734138903
"9101",0.0410979061949488,0.0321839095979095,0.00891399659703929,0.00891399659703929
"91012",-0.271582643593916,-0.228707884909735,-0.042874758684181,0.042874758684181
"91039",0.0403912939996936,0.0347495101563592,0.0056417838433344,0.0056417838433344
"91057",-0.10859782923526,-0.0871459376437283,-0.0214518915915317,0.0214518915915317
"9110",-0.129620333221388,-0.113010772115664,-0.016609561105724,0.016609561105724
"91107",0.527620773062232,0.506951864448378,0.020668908613854,0.020668908613854
"9111",0.272218013462109,0.285212141440561,-0.012994127978452,0.012994127978452
"9112",0.0825013647325326,0.0747903331532174,0.0077110315793152,0.0077110315793152
"9113",-0.0207639250528169,-0.0141064955555282,-0.0066574294972887,0.0066574294972887
"91137",0.21681345343999,0.224212411133935,-0.007398957693945,0.007398957693945
"9114",-0.248570276187056,-0.226132775565262,-0.022437500621794,0.022437500621794
"9117",0.364131468883118,0.324193266015472,0.039938202867646,0.039938202867646
"91179",0.323575652812987,0.301605228248252,0.021970424564735,0.021970424564735
"9121",-0.0249993114615928,-0.0244275408787709,-0.000571770582821898,0.000571770582821898
"9122",0.801721044176136,0.769985571731702,0.031735472444434,0.031735472444434
"9123",-0.690332435751216,-0.705002130646913,0.014669694895697,0.014669694895697
"9124",0.463365350046152,0.437376509511131,0.025988840535021,0.025988840535021
"9126",-0.0521264190440884,-0.0572793595657824,0.005152940521694,0.005152940521694
"91272",-0.16536148977078,-0.151608513913762,-0.013752975857018,0.013752975857018
"9128",-0.638604155085337,-0.582783735792005,-0.0558204192933319,0.0558204192933319
"91283",0.106736564767409,0.100557089425631,0.006179475341778,0.006179475341778
"91289",-0.013898564852541,-0.0294388548433866,0.0155402899908456,0.0155402899908456
"9129",-0.185619292105635,-0.180848073350196,-0.00477121875543898,0.00477121875543898
"91298",0.0210975631516541,0.0362931796612747,-0.0151956165096206,0.0151956165096206
"9130",-0.0409840472782375,-0.0520132481627144,0.0110292008844769,0.0110292008844769
"91300",0.142064283774584,0.126266903131002,0.015797380643582,0.015797380643582
"91304",0.306286730594685,0.3135287787702,-0.00724204817551505,0.00724204817551505
"9131",-0.0664966249659594,-0.0659427149772068,-0.000553909988752599,0.000553909988752599
"9133",-0.513703036701812,-0.499993250789952,-0.0137097859118601,0.0137097859118601
"9135",0.462033269145729,0.44879933046883,0.013233938676899,0.013233938676899
"91368",0.0192567000618857,0.0324036951773038,-0.0131469951154181,0.0131469951154181
"9138",-0.244727792731526,-0.210325924650319,-0.034401868081207,0.034401868081207
"9139",0.0330378505356617,0.02300624152396,0.0100316090117017,0.0100316090117017
"91392",0.198554107712821,0.201889292053974,-0.00333518434115299,0.00333518434115299
"9140",-0.138728696792938,-0.129419542416916,-0.00930915437602201,0.00930915437602201
"91404",-0.703379358312134,-0.68866674363711,-0.014712614675024,0.014712614675024
"9141",-0.147022986846064,-0.137976437970701,-0.00904654887536299,0.00904654887536299
"91419",-0.175220160911225,-0.166953601029572,-0.00826655988165301,0.00826655988165301
"9143",-0.0188286390407689,-0.0132159026422653,-0.0056127363985036,0.0056127363985036
"9145",0.097019402425436,0.0662007949145321,0.0308186075109039,0.0308186075109039
"9146",-0.15099020875305,-0.163451980535851,0.012461771782801,0.012461771782801
"9147",-0.414056072378486,-0.363468955926207,-0.050587116452279,0.050587116452279
"9148",-0.537506938311833,-0.507519411134755,-0.0299875271770781,0.0299875271770781
"9149",0.406291102514587,0.371636711756102,0.034654390758485,0.034654390758485
"9150",-0.268770156259315,-0.25553764397688,-0.013232512282435,0.013232512282435
"91523",0.35435952053097,0.3671553959234,-0.01279587539243,0.01279587539243
"9153",0.0889122993444084,0.169311204177772,-0.0803989048333636,0.0803989048333636
"91544",-0.173875811329029,-0.201937462132825,0.028061650803796,0.028061650803796
"9156",-0.540802860851139,-0.510832821290405,-0.0299700395607341,0.0299700395607341
"91574",-0.511855830338223,-0.452586515310924,-0.059269315027299,0.059269315027299
"9158",-0.0874178166679855,-0.0794518775291235,-0.007965939138862,0.007965939138862
"91582",-0.212362872924749,-0.158546054018679,-0.05381681890607,0.05381681890607
"9159",-0.245906455651821,-0.209254276655505,-0.036652178996316,0.036652178996316
"91603",0.0848263555323176,0.0804366527151169,0.00438970281720071,0.00438970281720071
"91612",0.0204141803441931,0.0977564656744613,-0.0773422853302682,0.0773422853302682
"91614",-1.18339856557679,-1.17860778496793,-0.00479078060886007,0.00479078060886007
"91624",0.460864832462878,0.446005658495531,0.014859173967347,0.014859173967347
"91647",0.0785257977001426,0.0697015643649638,0.0088242333351788,0.0088242333351788
"9166",0.0722856787738222,0.0682777973617679,0.00400788141205431,0.00400788141205431
"91663",0.208884484595912,0.182904190599248,0.025980293996664,0.025980293996664
"9167",-0.130295477395146,-0.139460137634873,0.00916466023972701,0.00916466023972701
"9168",0.067382983114933,0.0556578365153996,0.0117251465995334,0.0117251465995334
"9169",0.222073478846404,0.20146794188752,0.020605536958884,0.020605536958884
"91694",0.0437392663541317,0.0565031219012004,-0.0127638555470687,0.0127638555470687
"91746",0.0442163028020052,0.031104112695074,0.0131121901069312,0.0131121901069312
"91748",0.247643184583133,0.217169426362203,0.03047375822093,0.03047375822093
"91749",-0.668336965607778,-0.608524527335825,-0.059812438271953,0.059812438271953
"9175",-0.698003741216618,-0.637476383319588,-0.06052735789703,0.06052735789703
"91768",0.631206699885027,0.566238895793012,0.064967804092015,0.064967804092015
"9179",-0.00118688284473811,0.000142607316992624,-0.00132949016173073,0.00132949016173073
"9180",0.162643733892673,0.168438276675247,-0.00579454278257399,0.00579454278257399
"9181",0.712369575959216,0.655302255500407,0.057067320458809,0.057067320458809
"9183",-0.305730804223362,-0.272284038258609,-0.033446765964753,0.033446765964753
"91833",-0.172232329113353,-0.14998163403822,-0.022250695075133,0.022250695075133
"9184",-0.0276930812071108,-0.0357500862192821,0.0080570050121713,0.0080570050121713
"9185",0.0824697152161715,0.109563758648823,-0.0270940434326515,0.0270940434326515
"91860",0.535043757064847,0.516328070846995,0.018715686217852,0.018715686217852
"91862",0.455437753728109,0.431385007323533,0.024052746404576,0.024052746404576
"9187",-0.122589542988698,-0.133152790963097,0.010563247974399,0.010563247974399
"91875",0.0545732552668081,0.0615009777260685,-0.0069277224592604,0.0069277224592604
"9188",-0.279073073052769,-0.244012698063541,-0.035060374989228,0.035060374989228
"9189",-0.0646267861871038,-0.0775040556019045,0.0128772694148007,0.0128772694148007
"9191",0.142836035150485,0.156861601685632,-0.014025566535147,0.014025566535147
"91949",-0.133700847963863,-0.118997008150045,-0.014703839813818,0.014703839813818
"9197",-0.380577761114201,-0.361116419655002,-0.019461341459199,0.019461341459199
"91978",0.189572477330988,0.204428092648879,-0.014855615317891,0.014855615317891
"920",1.3284501189579,1.26101398940263,0.0674361295552701,0.0674361295552701
"9200",-0.675036638228413,-0.642247936972814,-0.032788701255599,0.032788701255599
"92002",0.0376016905361852,0.0318152284918077,0.0057864620443775,0.0057864620443775
"92014",0.00879545161785495,-0.00500371170074111,0.0137991633185961,0.0137991633185961
"9202",0.29542109649606,0.276076736794056,0.019344359702004,0.019344359702004
"9203",-0.558094209429047,-0.492413912631922,-0.0656802967971249,0.0656802967971249
"9204",0.627781945807348,0.580546338606996,0.047235607200352,0.047235607200352
"9208",-0.160029929955746,-0.128193915890428,-0.031836014065318,0.031836014065318
"9209",-0.0128488279114714,-0.0194038840234251,0.0065550561119537,0.0065550561119537
"92105",-0.108335945908591,-0.0964014226546128,-0.0119345232539782,0.0119345232539782
"92106",-0.233369150492417,-0.225269545970875,-0.00809960452154199,0.00809960452154199
"9212",-0.372143680282638,-0.361611060632772,-0.010532619649866,0.010532619649866
"92140",0.360737417446555,0.349952578957101,0.010784838489454,0.010784838489454
"9215",0.259593546614144,0.203166917918673,0.056426628695471,0.056426628695471
"92162",0.793528686996524,0.799880510920417,-0.006351823923893,0.006351823923893
"9217",-0.148022104436778,-0.161495025750535,0.013472921313757,0.013472921313757
"92170",-0.230170396286414,-0.216416276256917,-0.013754120029497,0.013754120029497
"9218",-0.0379400292965651,-0.0176889564508343,-0.0202510728457308,0.0202510728457308
"92181",0.100756090540019,0.113544069968721,-0.012787979428702,0.012787979428702
"9219",0.0433428302522687,0.0368792368770819,0.00646359337518679,0.00646359337518679
"9221",-0.560156043278167,-0.495365129320773,-0.0647909139573941,0.0647909139573941
"92255",0.135213977629788,0.136827144057441,-0.001613166427653,0.001613166427653
"92305",0.203541975981255,0.186449651164093,0.017092324817162,0.017092324817162
"9231",0.0552221806695773,0.0422956094515936,0.0129265712179837,0.0129265712179837
"9232",-0.198797434743129,-0.223635239041914,0.024837804298785,0.024837804298785
"92335",0.0717932213462903,0.0509186012540584,0.0208746200922319,0.0208746200922319
"92342",-0.0244103807518002,-0.000104109016332708,-0.0243062717354675,0.0243062717354675
"9235",0.307128362599124,0.292337953159042,0.014790409440082,0.014790409440082
"92359",-0.353316130193194,-0.339208654107554,-0.01410747608564,0.01410747608564
"9236",0.231888747305436,0.198271640457679,0.033617106847757,0.033617106847757
"92370",0.549726237546992,0.576948038968443,-0.027221801421451,0.027221801421451
"9238",-0.313547368894812,-0.268875761763526,-0.044671607131286,0.044671607131286
"92399",-0.162759465382946,-0.163615440535636,0.000855975152690008,0.000855975152690008
"9240",0.354077374131405,0.352297788341201,0.00177958579020399,0.00177958579020399
"92400",-0.171026299489606,-0.147827211231271,-0.023199088258335,0.023199088258335
"92421",-0.209738321450548,-0.217987865641296,0.008249544190748,0.008249544190748
"9244",-0.205628606999499,-0.213206824319489,0.00757821731999,0.00757821731999
"9246",0.434776215815483,0.419343089909171,0.015433125906312,0.015433125906312
"9249",-0.0307810754176617,-0.0353276920274092,0.0045466166097475,0.0045466166097475
"9252",-0.295825599668917,-0.2819180575026,-0.013907542166317,0.013907542166317
"92579",0.0934601239162251,0.0812165329770119,0.0122435909392132,0.0122435909392132
"9260",0.0216348677831711,0.0339079212436965,-0.0122730534605254,0.0122730534605254
"9261",-0.110212546477747,-0.116340100683817,0.00612755420607,0.00612755420607
"92610",0.249178675050659,0.25901124307118,-0.00983256802052102,0.00983256802052102
"9262",0.333149355032233,0.352047538979804,-0.018898183947571,0.018898183947571
"9263",0.06655335052675,0.0778167085656696,-0.0112633580389196,0.0112633580389196
"9265",0.385747189862484,0.399367542401485,-0.013620352539001,0.013620352539001
"9266",0.0519028296915753,0.0485950264666205,0.0033078032249548,0.0033078032249548
"92667",0.294928241489118,0.298425745240243,-0.00349750375112501,0.00349750375112501
"9267",0.447344830580036,0.418026409514324,0.029318421065712,0.029318421065712
"92675",0.0579487172335743,0.0320542721224462,0.0258944451111281,0.0258944451111281
"92689",-0.261103829560733,-0.223940352171999,-0.037163477388734,0.037163477388734
"9270",0.374537850623728,0.359719573570623,0.014818277053105,0.014818277053105
"92703",-0.0946723077637269,-0.0850883026765103,-0.0095840050872166,0.0095840050872166
"9274",0.101899589501675,0.0957930971384504,0.00610649236322461,0.00610649236322461
"9275",0.126939353442841,0.149335295042969,-0.022395941600128,0.022395941600128
"9276",-0.17635315697902,-0.172410816913963,-0.00394234006505698,0.00394234006505698
"9277",-0.122331780849482,-0.102528741908093,-0.019803038941389,0.019803038941389
"9278",0.119082659130304,0.0936277039573184,0.0254549551729856,0.0254549551729856
"92799",0.115549891110026,0.0833387811079028,0.0322111100021232,0.0322111100021232
"928",-0.237458707899202,-0.250082295323008,0.012623587423806,0.012623587423806
"92822",0.00291921777428672,0.000730524213354292,0.00218869356093243,0.00218869356093243
"92840",-0.568045263389386,-0.592100394461599,0.024055131072213,0.024055131072213
"92856",-0.393266736005072,-0.336359192387567,-0.056907543617505,0.056907543617505
"9289",0.389838244665446,0.385962363930902,0.00387588073454398,0.00387588073454398
"929",1.40795537488459,1.34918933349448,0.0587660413901101,0.0587660413901101
"92906",0.105002136927495,0.118788178684616,-0.013786041757121,0.013786041757121
"92912",-0.168629457940777,-0.175193720869963,0.00656426292918599,0.00656426292918599
"92922",0.74244582414882,0.687744144838161,0.0547016793106589,0.0547016793106589
"9295",0.222640613333609,0.184360732171579,0.03827988116203,0.03827988116203
"9296",0.0926923053208958,0.119602970069759,-0.0269106647488632,0.0269106647488632
"92999",0.223646335841015,0.19240472012118,0.031241615719835,0.031241615719835
"93",-0.145196834370143,-0.157520825237065,0.012323990866922,0.012323990866922
"93058",-0.00241111538394077,-0.00465059305348104,0.00223947766954027,0.00223947766954027
"9306",0.0215709542051748,0.0464617786083425,-0.0248908244031677,0.0248908244031677
"9308",0.228758544116243,0.179019327185314,0.049739216930929,0.049739216930929
"93081",-0.113787271529157,-0.100014334553077,-0.01377293697608,0.01377293697608
"93100",0.109543681116989,0.127477186702347,-0.017933505585358,0.017933505585358
"93109",-0.338907539634939,-0.291812799612843,-0.047094740022096,0.047094740022096
"93129",0.544828052091154,0.510143017398041,0.034685034693113,0.034685034693113
"93134",0.018308249505938,0.0361830670284301,-0.0178748175224921,0.0178748175224921
"9314",0.800389664583133,0.802403448751956,-0.00201378416882303,0.00201378416882303
"9315",1.01918096593248,0.908188636713985,0.110992329218495,0.110992329218495
"9318",-0.0218607479633456,-0.0266824276663035,0.0048216797029579,0.0048216797029579
"93183",0.401479904976016,0.359095151612082,0.042384753363934,0.042384753363934
"93185",-0.268666572379209,-0.257927023075731,-0.010739549303478,0.010739549303478
"9320",-0.00310325360974516,-0.0062366487113126,0.00313339510156744,0.00313339510156744
"9321",-0.295281969486076,-0.271518433534966,-0.02376353595111,0.02376353595111
"93210",0.0430582142838738,0.0706986647961076,-0.0276404505122338,0.0276404505122338
"9322",0.604519070358278,0.601838830155024,0.00268024020325397,0.00268024020325397
"9324",-0.364928345116668,-0.332675335349251,-0.032253009767417,0.032253009767417
"9325",-0.017445174698458,-0.00479491518921421,-0.0126502595092438,0.0126502595092438
"9326",0.0181009837224039,0.0174102749278648,0.000690708794539103,0.000690708794539103
"9328",-0.188925748196864,-0.171796191016868,-0.017129557179996,0.017129557179996
"9329",0.090387948558377,0.0869581163279711,0.0034298322304059,0.0034298322304059
"9330",-0.0394537324713732,-0.0255267447110384,-0.0139269877603348,0.0139269877603348
"9332",2.05183009700646,1.91699593801918,0.13483415898728,0.13483415898728
"93323",-0.326206400195069,-0.286832967711618,-0.039373432483451,0.039373432483451
"9334",-0.0239744847613626,-0.0188734287945728,-0.0051010559667898,0.0051010559667898
"93343",-0.096835692387345,-0.0670683495898968,-0.0297673427974482,0.0297673427974482
"93349",0.0843473239206196,0.0782498472108789,0.0060974767097407,0.0060974767097407
"9337",0.0794214525314081,0.0909066724455446,-0.0114852199141365,0.0114852199141365
"9338",0.143156676828899,0.142074892639831,0.00108178418906799,0.00108178418906799
"93380",-0.00750890019981251,-0.00851649395005615,0.00100759375024364,0.00100759375024364
"9341",0.257110859620108,0.271270086703715,-0.014159227083607,0.014159227083607
"9342",-0.160562587292527,-0.143942835114685,-0.016619752177842,0.016619752177842
"9343",-0.0305761071428738,-0.00914456087281337,-0.0214315462700604,0.0214315462700604
"9344",0.165367681999763,0.134965325793683,0.03040235620608,0.03040235620608
"93487",0.0274450137173449,0.0115526570511576,0.0158923566661873,0.0158923566661873
"9349",0.0903290092450477,0.0745882311795388,0.0157407780655089,0.0157407780655089
"9352",0.209558369471971,0.177692758402921,0.03186561106905,0.03186561106905
"9354",0.0220012107721566,0.0180076330496839,0.0039935777224727,0.0039935777224727
"9355",0.225120196211944,0.215718380060405,0.00940181615153901,0.00940181615153901
"9360",-0.249148633261408,-0.242423916228107,-0.00672471703330099,0.00672471703330099
"9361",-0.570817978007239,-0.513151941355384,-0.057666036651855,0.057666036651855
"93621",0.0816989772480212,0.0810425513356041,0.000656425912417102,0.000656425912417102
"93627",-0.191636778580227,-0.193821448513306,0.00218466993307898,0.00218466993307898
"9364",0.155621989961173,0.173970953533607,-0.018348963572434,0.018348963572434
"93643",-0.0540242332217352,-0.0546478694849272,0.000623636263192,0.000623636263192
"93650",-0.333982297356424,-0.307449356338924,-0.0265329410175,0.0265329410175
"93663",0.101459144775539,0.12290613884695,-0.021446994071411,0.021446994071411
"9367",-0.0103231479672105,-0.00947221382035042,-0.000850934146860081,0.000850934146860081
"9368",-0.160047112461811,-0.152079418152496,-0.00796769430931499,0.00796769430931499
"9369",0.601617740835278,0.536396313915777,0.0652214269195009,0.0652214269195009
"9371",-0.0943247630709902,-0.102781385675956,0.0084566226049658,0.0084566226049658
"9374",-0.317541681468674,-0.274877840612689,-0.042663840855985,0.042663840855985
"9375",-0.166628930453593,-0.154084149536101,-0.012544780917492,0.012544780917492
"9377",-0.0709934751203976,-0.0702078665128605,-0.000785608607537097,0.000785608607537097
"9380",0.181947353003879,0.145278619025899,0.03666873397798,0.03666873397798
"9382",-0.23219677331499,-0.203506027289167,-0.028690746025823,0.028690746025823
"9388",0.614791250056434,0.625290213941133,-0.0104989638846991,0.0104989638846991
"9391",0.14277124766539,0.130229263174629,0.012541984490761,0.012541984490761
"9392",0.151012944946928,0.135011806966534,0.016001137980394,0.016001137980394
"9397",-0.605362162687464,-0.549025516167261,-0.056336646520203,0.056336646520203
"93974",0.165842152302671,0.139769481576264,0.026072670726407,0.026072670726407
"9399",0.397163776540171,0.365145107861375,0.032018668678796,0.032018668678796
"94",1.00605618890239,1.02771089960583,-0.0216547107034399,0.0216547107034399
"94005",-0.429715714767426,-0.394647230126928,-0.035068484640498,0.035068484640498
"9403",0.0974843215797902,0.103784909608626,-0.0063005880288358,0.0063005880288358
"9404",0.0736150263095367,0.043836527736924,0.0297784985726127,0.0297784985726127
"94056",-0.0728472898530449,-0.0786813741796962,0.00583408432665131,0.00583408432665131
"9406",0.108756244357956,0.104228318626452,0.004527925731504,0.004527925731504
"94081",-0.375856044946966,-0.336149401504736,-0.03970664344223,0.03970664344223
"9409",0.0463006019424138,0.0384744092963235,0.0078261926460903,0.0078261926460903
"94097",-0.10480225563883,-0.113344413099901,0.008542157461071,0.008542157461071
"9410",0.0707163168757209,0.0880726553451678,-0.0173563384694469,0.0173563384694469
"94101",0.176008348164014,0.181072549916992,-0.005064201752978,0.005064201752978
"94103",-0.363184069658211,-0.280619219057055,-0.082564850601156,0.082564850601156
"94104",-0.131922367927124,-0.129551120677168,-0.00237124724995599,0.00237124724995599
"94107",0.0202078813719936,0.0279656721894367,-0.0077577908174431,0.0077577908174431
"9412",0.496496433718146,0.484090674626149,0.012405759091997,0.012405759091997
"94134",0.295835896653886,0.310691857117652,-0.014855960463766,0.014855960463766
"9414",-0.254326151746273,-0.247923370620808,-0.006402781125465,0.006402781125465
"9415",0.150618886380064,0.153159410109303,-0.00254052372923902,0.00254052372923902
"9416",-0.146437537373966,-0.123318069360505,-0.023119468013461,0.023119468013461
"9419",-0.271417412403084,-0.243869857232215,-0.027547555170869,0.027547555170869
"942",1.18876053306621,1.14909987811444,0.0396606549517702,0.0396606549517702
"9422",0.032225476571297,0.0089241184199769,0.0233013581513201,0.0233013581513201
"94239",0.0246950052648193,0.0252867937183796,-0.0005917884535603,0.0005917884535603
"9424",0.518510512448073,0.491779256022068,0.026731256426005,0.026731256426005
"94240",0.159778650577745,0.179001647316542,-0.019222996738797,0.019222996738797
"9425",0.166853324133058,0.179575395130565,-0.012722070997507,0.012722070997507
"94274",1.04256737940407,1.03761476508622,0.00495261431784999,0.00495261431784999
"9429",0.238947523844539,0.214031934412568,0.024915589431971,0.024915589431971
"9435",0.372765916937869,0.359514800382751,0.013251116555118,0.013251116555118
"9439",0.0710491612636511,0.0786910364055572,-0.0076418751419061,0.0076418751419061
"9440",0.147326212414576,0.158546648709896,-0.01122043629532,0.01122043629532
"9441",-0.00184977662291319,-0.00617989632555486,0.00433011970264167,0.00433011970264167
"9442",-0.165594416544614,-0.136526021078413,-0.029068395466201,0.029068395466201
"9443",0.00743767263979923,0.012474987649821,-0.00503731501002177,0.00503731501002177
"9444",-0.317644092103218,-0.274090980507558,-0.04355311159566,0.04355311159566
"9445",0.0344669564326939,0.0407597901183619,-0.006292833685668,0.006292833685668
"9446",0.0686047133330319,0.062732014723427,0.0058726986096049,0.0058726986096049
"9448",0.466233975138741,0.450978464416955,0.015255510721786,0.015255510721786
"9450",1.48650507493687,1.44212788597925,0.0443771889576201,0.0443771889576201
"9451",-0.296379471300793,-0.273677566574888,-0.022701904725905,0.022701904725905
"9452",1.15508964780454,1.12479544141932,0.0302942063852201,0.0302942063852201
"9454",0.511714754745003,0.487871870409484,0.0238428843355191,0.0238428843355191
"9456",-0.166565943257551,-0.194923465378615,0.028357522121064,0.028357522121064
"946",-1.14441033323673,-1.0826894550477,-0.0617208781890299,0.0617208781890299
"9462",-0.211805668734585,-0.191471939255328,-0.020333729479257,0.020333729479257
"9463",-0.2346761832092,-0.211083807152968,-0.023592376056232,0.023592376056232
"9465",0.352695225741848,0.318510709750097,0.034184515991751,0.034184515991751
"9466",0.312204369959031,0.266742213662559,0.045462156296472,0.045462156296472
"947",1.12757153188676,1.14080081779471,-0.0132292859079499,0.0132292859079499
"9470",-0.0825476664040026,-0.0866290741681374,0.00408140776413479,0.00408140776413479
"9474",0.283743170835574,0.290613206056131,-0.00687003522055701,0.00687003522055701
"9475",0.000258063391273786,0.00135858407055921,-0.00110052067928542,0.00110052067928542
"9477",-0.0323343365024978,-0.0268263247540234,-0.0055080117484744,0.0055080117484744
"948",1.92931715866399,1.82711991876997,0.10219723989402,0.10219723989402
"9482",0.306353189938,0.266078424503155,0.040274765434845,0.040274765434845
"9488",-0.0215558999225461,-0.0148871117531544,-0.0066687881693917,0.0066687881693917
"9489",0.259273433931943,0.254046189895067,0.00522724403687602,0.00522724403687602
"949",-0.584949201368624,-0.546263715179817,-0.0386854861888071,0.0386854861888071
"9493",-0.246680285997436,-0.224521979928743,-0.022158306068693,0.022158306068693
"9497",-0.101519164499025,-0.104709552711948,0.003190388212923,0.003190388212923
"950",0.411608208850971,0.427118059664595,-0.015509850813624,0.015509850813624
"9500",0.0926605752650501,0.0896600492363432,0.0030005260287069,0.0030005260287069
"9502",-0.184561296853846,-0.187622575037947,0.00306127818410099,0.00306127818410099
"9506",0.112056222401372,0.111474966338951,0.000581256062421001,0.000581256062421001
"9509",0.152754817115864,0.154956731054949,-0.002201913939085,0.002201913939085
"9510",0.256354867904506,0.264977580208429,-0.00862271230392297,0.00862271230392297
"9512",0.0105653724869787,0.00277285719926347,0.00779251528771523,0.00779251528771523
"9513",0.0841822467512067,0.0741216316076517,0.010060615143555,0.010060615143555
"9516",0.0938128120049416,0.0632540002216517,0.0305588117832899,0.0305588117832899
"9517",0.28735140982618,0.272453385209997,0.014898024616183,0.014898024616183
"9518",-0.200565092309477,-0.231604968330942,0.031039876021465,0.031039876021465
"9519",-0.326805419494439,-0.301877924571346,-0.024927494923093,0.024927494923093
"9520",0.0158942069999511,0.012742561025109,0.0031516459748421,0.0031516459748421
"9521",-0.197530390846471,-0.212328318535425,0.014797927688954,0.014797927688954
"9522",0.121436901293629,0.117834763532417,0.003602137761212,0.003602137761212
"9525",-0.0357878464569515,-0.0327504952870548,-0.0030373511698967,0.0030373511698967
"9526",-0.194886057122977,-0.163514837280317,-0.03137121984266,0.03137121984266
"9527",-0.206534400863844,-0.182960928111242,-0.023573472752602,0.023573472752602
"9528",0.255456822918506,0.255767805189988,-0.000310982271481963,0.000310982271481963
"9529",0.103899233349287,0.106037159957196,-0.002137926607909,0.002137926607909
"953",-0.440203201967669,-0.413475568861787,-0.026727633105882,0.026727633105882
"9530",0.111400728174279,0.139874035698046,-0.028473307523767,0.028473307523767
"9531",0.00898385873709872,0.0222315108284346,-0.0132476520913359,0.0132476520913359
"9532",0.588010500308161,0.601008178902502,-0.012997678594341,0.012997678594341
"9534",-0.223382490466148,-0.182907833378208,-0.04047465708794,0.04047465708794
"9535",1.12130318805053,1.12643754427771,-0.00513435622717995,0.00513435622717995
"9536",-0.0410000729091461,-0.0264551203447833,-0.0145449525643628,0.0145449525643628
"9538",-0.264454884654811,-0.25892957187357,-0.00552531278124097,0.00552531278124097
"9540",0.319765015042377,0.304564732815557,0.01520028222682,0.01520028222682
"9541",-0.0297013808893158,-0.02112229260658,-0.0085790882827358,0.0085790882827358
"9543",-0.218002669160754,-0.234873791474722,0.016871122313968,0.016871122313968
"9547",0.180618440541793,0.161660029025141,0.018958411516652,0.018958411516652
"955",0.236479427325094,0.192605353193578,0.043874074131516,0.043874074131516
"9550",0.0224593160152492,0.0183179260622101,0.0041413899530391,0.0041413899530391
"9551",0.0872874722846005,0.067498315534063,0.0197891567505375,0.0197891567505375
"9552",0.115763077090747,0.102780323388063,0.012982753702684,0.012982753702684
"9553",-0.042676394040849,-0.046381645219686,0.003705251178837,0.003705251178837
"9555",0.0462906922802054,0.0480831809186159,-0.0017924886384105,0.0017924886384105
"9556",-0.115502578466815,-0.120972811936878,0.00547023347006301,0.00547023347006301
"9559",0.0843841565362969,0.100794534190824,-0.0164103776545271,0.0164103776545271
"9562",0.474366309005604,0.505852962636352,-0.031486653630748,0.031486653630748
"9564",0.0144392507122356,0.0194622710653827,-0.0050230203531471,0.0050230203531471
"95681",0.109720203880751,0.0869343332809317,0.0227858705998193,0.0227858705998193
"9569",0.217932532146391,0.18909859053863,0.028833941607761,0.028833941607761
"957",-0.159318032870273,-0.185447920406533,0.02612988753626,0.02612988753626
"9570",-0.239848108942895,-0.197174946529693,-0.042673162413202,0.042673162413202
"9575",0.311896509735353,0.286061986727114,0.025834523008239,0.025834523008239
"9577",-0.123800118485846,-0.12595412364955,0.002154005163704,0.002154005163704
"9578",0.39430737431813,0.372005958990815,0.022301415327315,0.022301415327315
"9580",-0.00368252385234944,-0.025024331060918,0.0213418072085686,0.0213418072085686
"9581",0.302114034266664,0.273090113791323,0.029023920475341,0.029023920475341
"9583",-0.441456281819767,-0.399429730403014,-0.042026551416753,0.042026551416753
"9584",-0.285598390570375,-0.278360529581559,-0.00723786098881601,0.00723786098881601
"9586",0.484055676464438,0.43702948397877,0.047026192485668,0.047026192485668
"9587",-0.0488303795925361,-0.0260494889367705,-0.0227808906557656,0.0227808906557656
"9588",-0.241361711153187,-0.248056504711988,0.00669479355880101,0.00669479355880101
"9589",0.101046776553096,0.109030441227501,-0.00798366467440499,0.00798366467440499
"9590",0.247175811586688,0.228606535883411,0.018569275703277,0.018569275703277
"9592",-0.095335334288945,-0.0747389733179138,-0.0205963609710312,0.0205963609710312
"9595",0.0153592718886071,0.00140213639557638,0.0139571354930307,0.0139571354930307
"960",1.00009383079282,0.968537316101984,0.031556514690836,0.031556514690836
"9600",-0.0925519645987263,-0.113247945394804,0.0206959807960777,0.0206959807960777
"9601",-0.516580743072955,-0.498735065059997,-0.017845678012958,0.017845678012958
"9603",0.241188975892915,0.238019068064942,0.003169907827973,0.003169907827973
"9604",0.197194016204714,0.185211994886029,0.011982021318685,0.011982021318685
"9605",-0.0552263000015784,-0.0477390699628662,-0.0074872300387122,0.0074872300387122
"961",0.344795797289338,0.325036363542195,0.019759433747143,0.019759433747143
"9611",-0.0426911855091413,-0.0254404230923553,-0.017250762416786,0.017250762416786
"9612",-0.138426662743781,-0.153387731413583,0.014961068669802,0.014961068669802
"9615",0.0313273213386433,0.00931901709002416,0.0220083042486191,0.0220083042486191
"9616",-0.00581793931493425,0.00441805623120182,-0.0102359955461361,0.0102359955461361
"9617",-0.332560095529298,-0.285207728228287,-0.047352367301011,0.047352367301011
"9618",-0.0318494138311912,-0.0282700540907,-0.0035793597404912,0.0035793597404912
"9619",-0.311702798575586,-0.252818651368827,-0.0588841472067591,0.0588841472067591
"9623",-0.469993029011827,-0.399927681390259,-0.070065347621568,0.070065347621568
"963",1.08761223504597,1.01079598284303,0.0768162522029401,0.0768162522029401
"9631",-0.355347211300216,-0.354748627116154,-0.000598584184062001,0.000598584184062001
"9632",-0.221464522770562,-0.20218340546709,-0.019281117303472,0.019281117303472
"9636",-0.593263674877542,-0.534469348872466,-0.0587943260050759,0.0587943260050759
"9637",0.150193539775711,0.167316568316217,-0.017123028540506,0.017123028540506
"9638",0.960118462086061,0.884329235162118,0.075789226923943,0.075789226923943
"9639",0.46778447972926,0.446068445110385,0.021716034618875,0.021716034618875
"9643",-0.11023186138483,-0.104466567430696,-0.005765293954134,0.005765293954134
"9644",0.144504994230764,0.103143569866672,0.041361424364092,0.041361424364092
"96459",-0.0181538849505683,0.00324710612592129,-0.0214009910764896,0.0214009910764896
"9646",-0.224172428131678,-0.204608421381606,-0.019564006750072,0.019564006750072
"9647",0.428984816934265,0.418910891634875,0.01007392529939,0.01007392529939
"9648",-0.300111896289405,-0.247708614279873,-0.052403282009532,0.052403282009532
"9649",0.204798095418463,0.155109335422464,0.049688759995999,0.049688759995999
"965",0.41318911132682,0.4198353140918,-0.00664620276498001,0.00664620276498001
"9650",-0.276284154723257,-0.271376001264744,-0.00490815345851303,0.00490815345851303
"9652",0.0781698602976887,0.0816229148903544,-0.00345305459266571,0.00345305459266571
"9653",0.419922180164202,0.400198331260264,0.019723848903938,0.019723848903938
"9655",0.31838531797546,0.306704026190075,0.011681291785385,0.011681291785385
"9656",-0.213460699736571,-0.222328881662851,0.00886818192628,0.00886818192628
"966",0.602101937990251,0.591257206081195,0.010844731909056,0.010844731909056
"9662",0.0952194821960927,0.0998284417283276,-0.00460895953223489,0.00460895953223489
"9663",-0.0292671682910651,-0.00738763164433431,-0.0218795366467308,0.0218795366467308
"9665",0.200165784981892,0.193706456511692,0.0064593284702,0.0064593284702
"9667",-0.0923733384147468,-0.110180434746553,0.0178070963318062,0.0178070963318062
"9669",-0.239645955996367,-0.239214684273575,-0.000431271722792004,0.000431271722792004
"9670",0.113817133526186,0.0769133368054756,0.0369037967207104,0.0369037967207104
"9673",-0.0525940622765273,-0.0475994046288686,-0.0049946576476587,0.0049946576476587
"9674",0.464523122413092,0.488205266937235,-0.023682144524143,0.023682144524143
"9675",0.144121923713711,0.11858710925923,0.025534814454481,0.025534814454481
"96764",-0.117567343511967,-0.114907872586802,-0.002659470925165,0.002659470925165
"9679",0.20855470268849,0.188912482087972,0.019642220600518,0.019642220600518
"968",-0.075687166402806,-0.0194104372483808,-0.0562767291544252,0.0562767291544252
"9681",-0.0746803266179453,-0.0697451032426464,-0.00493522337529889,0.00493522337529889
"9682",-0.106970543355201,-0.102042371163218,-0.00492817219198299,0.00492817219198299
"9683",0.157613924950036,0.136019765426101,0.021594159523935,0.021594159523935
"9684",0.0587523383930926,0.0574628609308624,0.0012894774622302,0.0012894774622302
"9685",-0.0267054465760577,-0.0210348581004294,-0.0056705884756283,0.0056705884756283
"9686",0.13429195297971,0.105492048782393,0.028799904197317,0.028799904197317
"9688",-0.0321654188647396,-0.03087828695478,-0.0012871319099596,0.0012871319099596
"9689",-0.400864574167639,-0.358544955139947,-0.042319619027692,0.042319619027692
"9690",0.120480915649444,0.122557022316695,-0.002076106667251,0.002076106667251
"9694",-0.151552227661547,-0.124662270208399,-0.026889957453148,0.026889957453148
"9695",-0.518895595431667,-0.492628546908961,-0.0262670485227059,0.0262670485227059
"9696",0.0415764222844855,0.0229289118827437,0.0186475104017418,0.0186475104017418
"9697",-0.0410989094942089,-0.0331500646214282,-0.0079488448727807,0.0079488448727807
"9698",0.0526172267168275,0.0463274981746714,0.00628972854215611,0.00628972854215611
"9701",-0.0475080216993723,-0.0243408255045562,-0.0231671961948161,0.0231671961948161
"9702",0.0335221691088317,0.0136850921568583,0.0198370769519734,0.0198370769519734
"9706",0.40330971421507,0.383774117927966,0.019535596287104,0.019535596287104
"9716",-0.122785479036221,-0.113072696486516,-0.00971278254970501,0.00971278254970501
"9728",-0.385976934641518,-0.392790266495898,0.00681333185437999,0.00681333185437999
"9730",-0.249183835105042,-0.225869711549854,-0.023314123555188,0.023314123555188
"9731",-0.322410715663601,-0.293588473609294,-0.028822242054307,0.028822242054307
"9733",-0.0399109344780244,-0.015075886061057,-0.0248350484169674,0.0248350484169674
"9735",-0.409963591177735,-0.435900847791279,0.025937256613544,0.025937256613544
"9736",-0.301713899866694,-0.281763560896309,-0.019950338970385,0.019950338970385
"9738",-0.197518550905505,-0.175037119380625,-0.02248143152488,0.02248143152488
"9741",0.242384633115718,0.22465307576839,0.017731557347328,0.017731557347328
"9743",-0.0114488495790142,-0.0108981985882413,-0.000550650990772899,0.000550650990772899
"9748",0.0435751787917008,0.0587115063570535,-0.0151363275653527,0.0151363275653527
"9749",0.445391518991298,0.467668961420468,-0.02227744242917,0.02227744242917
"975",0.438784671493471,0.430939935546716,0.007844735946755,0.007844735946755
"9750",-0.411437917705099,-0.411063254375235,-0.000374663329864022,0.000374663329864022
"9754",0.723238228139306,0.672162466295397,0.0510757618439091,0.0510757618439091
"9757",-0.207060497740882,-0.198801578264241,-0.00825891947664101,0.00825891947664101
"9759",0.146604670107403,0.105944589877137,0.040660080230266,0.040660080230266
"976",-0.103371287461072,-0.109559267359452,0.00618797989837999,0.00618797989837999
"9761",-0.26829405729583,-0.285017465008003,0.016723407712173,0.016723407712173
"9764",0.108355571521998,0.0934882030129086,0.0148673685090894,0.0148673685090894
"9765",0.0526045162970402,0.058064611409271,-0.0054600951122308,0.0054600951122308
"9766",0.172200808139899,0.184607864404193,-0.012407056264294,0.012407056264294
"9767",0.0641347332758022,0.0699328272544534,-0.00579809397865121,0.00579809397865121
"9768",-0.0745034074953046,-0.0903005568636095,0.0157971493683049,0.0157971493683049
"977",0.11266128512012,0.101486762197213,0.011174522922907,0.011174522922907
"9770",0.25343542609199,0.248415714815344,0.00501971127664599,0.00501971127664599
"9772",-0.0270535578868122,-0.0473627163800286,0.0203091584932164,0.0203091584932164
"9774",0.0844774916793256,0.0691291085148576,0.015348383164468,0.015348383164468
"9775",-0.0723915887397619,-0.0600655347553438,-0.0123260539844181,0.0123260539844181
"9777",0.124548104491851,0.129372044509938,-0.004823940018087,0.004823940018087
"9778",0.0450892925184915,0.0311745217538909,0.0139147707646006,0.0139147707646006
"9779",-0.067963708848862,-0.0709421845537424,0.0029784757048804,0.0029784757048804
"978",0.381578555926822,0.299371904352426,0.082206651574396,0.082206651574396
"9780",0.220248156945988,0.225732586459651,-0.00548442951366299,0.00548442951366299
"9781",0.145513775298832,0.1219294098871,0.023584365411732,0.023584365411732
"9782",0.0475206306565745,0.0535845246489208,-0.0060638939923463,0.0060638939923463
"9784",0.176993390669492,0.177720544482233,-0.000727153812741022,0.000727153812741022
"9785",0.0539003209785948,0.0346086782969052,0.0192916426816896,0.0192916426816896
"9786",-0.229932738173073,-0.199336798921726,-0.030595939251347,0.030595939251347
"9787",-0.248657587776146,-0.258285372106355,0.009627784330209,0.009627784330209
"9788",0.586697366569011,0.583178901533209,0.003518465035802,0.003518465035802
"9789",-0.139541354319285,-0.136639145360822,-0.00290220895846299,0.00290220895846299
"9790",-0.296217427491827,-0.276038955131647,-0.02017847236018,0.02017847236018
"9791",0.0891224582899416,0.100289784950727,-0.0111673266607854,0.0111673266607854
"9792",0.00469180898301812,0.00333759343286104,0.00135421555015708,0.00135421555015708
"9793",-0.0545885310012458,-0.0580334135567305,0.0034448825554847,0.0034448825554847
"9794",-0.0948985869632796,-0.0736343309708511,-0.0212642559924285,0.0212642559924285
"9798",0.323964730539062,0.287764414263676,0.036200316275386,0.036200316275386
"98",0.707587496336456,0.693349069691109,0.014238426645347,0.014238426645347
"9801",-0.157315916227717,-0.151513660642328,-0.00580225558538902,0.00580225558538902
"9802",0.197345373785967,0.195249691025443,0.00209568276052399,0.00209568276052399
"9804",-0.195985836551758,-0.182005663644354,-0.013980172907404,0.013980172907404
"9805",0.298310793908371,0.259729263879815,0.038581530028556,0.038581530028556
"9806",0.241323367239717,0.212024747031426,0.029298620208291,0.029298620208291
"9807",0.0974052221675926,0.0737977692346169,0.0236074529329757,0.0236074529329757
"9810",0.043999430475425,0.0299343048772889,0.0140651255981361,0.0140651255981361
"9811",0.282277297539456,0.242263252692061,0.040014044847395,0.040014044847395
"9812",0.146228386270591,0.164532710234315,-0.018304323963724,0.018304323963724
"9813",0.152905315238102,0.167214627031614,-0.014309311793512,0.014309311793512
"9815",0.0341575253410791,0.0729581688190035,-0.0388006434779244,0.0388006434779244
"9816",-0.195617972091071,-0.191926030099864,-0.00369194199120701,0.00369194199120701
"9817",0.0520631528197822,0.0443602945923863,0.0077028582273959,0.0077028582273959
"9819",0.120705441405306,0.104254410526545,0.016451030878761,0.016451030878761
"9820",0.0968935769743616,0.0595309016363013,0.0373626753380603,0.0373626753380603
"9821",0.115665605410187,0.112471083817418,0.00319452159276901,0.00319452159276901
"9823",0.328369946466905,0.310796626158585,0.01757332030832,0.01757332030832
"9825",0.0705710405988367,0.0569686249249805,0.0136024156738562,0.0136024156738562
"9828",0.174496452086522,0.153842779514039,0.020653672572483,0.020653672572483
"983",-0.165440355030886,-0.158585805628638,-0.006854549402248,0.006854549402248
"9833",-0.352355461111865,-0.352994054313549,0.000638593201684023,0.000638593201684023
"9836",-0.0847629597479918,-0.0743139443060914,-0.0104490154419004,0.0104490154419004
"9839",0.929312345225071,0.896414275797874,0.032898069427197,0.032898069427197
"9841",-0.0933301483343969,-0.0811679839411054,-0.0121621643932915,0.0121621643932915
"9844",0.328037320613813,0.348161562001817,-0.020124241388004,0.020124241388004
"9846",-0.578377391587793,-0.544893945904598,-0.0334834456831949,0.0334834456831949
"9847",0.0589555681041924,0.0510514724245297,0.0079040956796627,0.0079040956796627
"9849",-0.271804700812486,-0.259189140212792,-0.012615560599694,0.012615560599694
"9851",0.10604072018518,0.104664038609315,0.001376681575865,0.001376681575865
"9852",0.286986273636842,0.278055330069476,0.00893094356736596,0.00893094356736596
"9853",-0.0223810370078933,-0.0327014391355937,0.0103204021277004,0.0103204021277004
"9855",0.078151017745344,0.0645796250942174,0.0135713926511266,0.0135713926511266
"9857",-0.0774685720897951,-0.0863641536389801,0.008895581549185,0.008895581549185
"9860",-0.124115666251379,-0.0994213491293071,-0.0246943171220719,0.0246943171220719
"9861",0.172265183326126,0.169364665290596,0.00290051803553001,0.00290051803553001
"9862",-0.080517610201834,-0.0819850712237343,0.0014674610219003,0.0014674610219003
"9867",0.0176546849815963,0.032271325874164,-0.0146166408925677,0.0146166408925677
"9868",9.45812170947793e-05,0.00998765687973524,-0.00989307566264046,0.00989307566264046
"9869",0.0806883494043433,0.0828008674901755,-0.0021125180858322,0.0021125180858322
"987",-0.287087716559373,-0.30206081361247,0.014973097053097,0.014973097053097
"9871",-0.225163331238998,-0.203021607526584,-0.022141723712414,0.022141723712414
"9873",0.240871379076473,0.25411885095569,-0.013247471879217,0.013247471879217
"9874",0.0109130542816615,-0.00697703271481653,0.017890086996478,0.017890086996478
"9877",-0.169490969682389,-0.128073703764601,-0.041417265917788,0.041417265917788
"9878",0.132555258967583,0.11799655466523,0.014558704302353,0.014558704302353
"9879",-0.00303662358556474,0.00302128813242133,-0.00605791171798607,0.00605791171798607
"988",0.0205804216851667,0.0407016953867717,-0.020121273701605,0.020121273701605
"9882",-0.0145280894203761,0.00965573942954942,-0.0241838288499255,0.0241838288499255
"9885",-0.103610123997625,-0.0937347693892883,-0.00987535460833669,0.00987535460833669
"9886",0.0683054983910527,0.0630675381410889,0.0052379602499638,0.0052379602499638
"9887",-0.0512037935841179,-0.0681350925951476,0.0169312990110297,0.0169312990110297
"9889",-0.0812288797773755,-0.0719822311936193,-0.00924664858375621,0.00924664858375621
"989",0.567083387044856,0.55366872347962,0.0134146635652359,0.0134146635652359
"9891",-0.0892448232204298,-0.117523418026189,0.0282785948057592,0.0282785948057592
"9896",0.357469585322733,0.348221562513425,0.00924802280930798,0.00924802280930798
"9897",0.1110704423459,0.1182461265254,-0.0071756841795,0.0071756841795
"9898",-0.0254590677263777,-0.0250665027687684,-0.000392564957609299,0.000392564957609299
"9904",0.213479547662051,0.195705869393435,0.017773678268616,0.017773678268616
"9905",-0.0290170776018102,-0.0450350667524546,0.0160179891506444,0.0160179891506444
"9908",-0.126091466721014,-0.129834897895567,0.00374343117455297,0.00374343117455297
"991",-0.513827689123857,-0.529495713716075,0.0156680245922179,0.0156680245922179
"9910",0.177483235390951,0.157969193641967,0.019514041748984,0.019514041748984
"9912",1.35496012154399,1.34827775879063,0.00668236275335987,0.00668236275335987
"9915",-0.150857006146004,-0.154125393536284,0.00326838739027999,0.00326838739027999
"9917",0.148428545544594,0.149736200871502,-0.00130765532690799,0.00130765532690799
"9918",-0.182898595165517,-0.158458443875806,-0.024440151289711,0.024440151289711
"9921",0.0967770593406931,0.0977877998702794,-0.0010107405295863,0.0010107405295863
"9922",0.116973722338878,0.097328675440194,0.019645046898684,0.019645046898684
"9924",-0.13133526870694,-0.126696024431133,-0.004639244275807,0.004639244275807
"9925",-0.0968199914636285,-0.0871241294508539,-0.0096958620127746,0.0096958620127746
"9926",0.170115411662073,0.152951293246266,0.017164118415807,0.017164118415807
"9927",-0.000454509232312277,0.00451847391748944,-0.00497298314980172,0.00497298314980172
"9929",-0.0554350718985884,-0.058558904679698,0.0031238327811096,0.0031238327811096
"993",-0.242861097824687,-0.223646419268391,-0.019214678556296,0.019214678556296
"9931",0.0337471142887273,0.0149262195228778,0.0188208947658495,0.0188208947658495
"9933",-0.357964575821713,-0.316971218844011,-0.040993356977702,0.040993356977702
"9935",1.37900953329861,1.26159186694844,0.11741766635017,0.11741766635017
"9937",-0.0616988351501625,-0.051861717749652,-0.0098371174005105,0.0098371174005105
"994",0.619373326973213,0.602809585624343,0.0165637413488701,0.0165637413488701
"9943",-0.265002348105306,-0.274048291438342,0.00904594333303599,0.00904594333303599
"9945",-0.596801353048745,-0.592256069144724,-0.00454528390402109,0.00454528390402109
"9946",0.147829756544494,0.148041893936492,-0.000212137391997991,0.000212137391997991
"9948",0.136722857694768,0.129604920428291,0.007117937266477,0.007117937266477
"9949",0.0645229696335751,0.0827096217675923,-0.0181866521340172,0.0181866521340172
"995",-0.202364412464304,-0.199400413602813,-0.00296399886149101,0.00296399886149101
"9950",-0.08774763678379,-0.0623800518221597,-0.0253675849616303,0.0253675849616303
"9958",-0.00299948481775519,-0.00723541021897644,0.00423592540122125,0.00423592540122125
"9960",-0.348957639444752,-0.341381744037886,-0.00757589540686598,0.00757589540686598
"9961",-0.266002293180374,-0.27038314320163,0.00438085002125599,0.00438085002125599
"9962",0.510611467551364,0.464278660248333,0.046332807303031,0.046332807303031
"9966",-0.052419501752387,0.000983822454285317,-0.0534033242066723,0.0534033242066723
"9967",-0.19784359394606,-0.186678333479836,-0.011165260466224,0.011165260466224
"9968",0.243386890299488,0.190097971848411,0.053288918451077,0.053288918451077
"9969",-0.327711143029455,-0.30296104721365,-0.024750095815805,0.024750095815805
"997",0.15867047283942,0.153578208975127,0.00509226386429301,0.00509226386429301
"9972",-0.0966667206140175,-0.0872299671527736,-0.0094367534612439,0.0094367534612439
"9973",0.103436723005878,0.115173080151315,-0.011736357145437,0.011736357145437
"9975",0.405853370010201,0.39117891344029,0.014674456569911,0.014674456569911
"9976",0.170299332838953,0.168676705369142,0.00162262746981098,0.00162262746981098
"9978",0.0701288379889031,0.0620350445336115,0.0080937934552916,0.0080937934552916
"9984",-0.0863076330537786,-0.0740055391454961,-0.0123020939082825,0.0123020939082825
"9986",-0.102613180516945,-0.101084910298801,-0.001528270218144,0.001528270218144
"9987",-0.271439656210245,-0.237614323133606,-0.033825333076639,0.033825333076639
"9988",-0.084364132546679,-0.0840583847110466,-0.000305747835632406,0.000305747835632406
"9989",0.128824940939885,0.121758835633731,0.00706610530615401,0.00706610530615401
"999",0.0594743001864948,0.0461940714090811,0.0132802287774137,0.0132802287774137
"9990",0.0311994968702243,0.025215824962097,0.0059836719081273,0.0059836719081273
"9991",-0.187699758603066,-0.188447998034196,0.000748239431130004,0.000748239431130004
"9993",0.029370730455271,0.0181709053184486,0.0111998251368224,0.0111998251368224
"9997",-0.172585900659046,-0.174003376715618,0.001417476056572,0.001417476056572
